timestamp,rt_web_post_payment_count,rt_web_post_payment_sum
2023-03-19 19:20:04.727000+00:00,30.0,
2023-03-19 19:20:09.727000+00:00,32.0,485.0
2023-03-19 19:20:14.727000+00:00,34.0,487.0
2023-03-19 19:20:19.727000+00:00,36.0,483.0
2023-03-19 19:20:24.727000+00:00,37.0,241.0
2023-03-19 19:20:29.727000+00:00,41.0,969.0
2023-03-19 19:20:34.727000+00:00,44.0,737.0
2023-03-19 19:20:39.727000+00:00,45.0,246.0
2023-03-19 19:20:44.727000+00:00,45.0,0.0
2023-03-19 19:20:49.727000+00:00,46.0,244.0
2023-03-19 19:20:54.727000+00:00,47.0,244.0
2023-03-19 19:20:59.727000+00:00,49.0,468.0
2023-03-19 19:21:04.727000+00:00,49.0,0.0
2023-03-19 19:21:09.727000+00:00,49.0,0.0
2023-03-19 19:21:14.727000+00:00,49.0,0.0
2023-03-19 19:21:19.727000+00:00,51.0,482.0
2023-03-19 19:21:24.727000+00:00,53.0,465.0
2023-03-19 19:21:29.727000+00:00,53.0,0.0
2023-03-19 19:21:34.727000+00:00,56.0,707.0
2023-03-19 19:21:39.727000+00:00,57.0,241.0
2023-03-19 19:21:44.727000+00:00,59.0,488.0
2023-03-19 19:21:49.727000+00:00,60.0,239.0
2023-03-19 19:21:54.727000+00:00,63.0,735.0
2023-03-19 19:21:59.727000+00:00,64.0,239.0
2023-03-19 19:22:04.727000+00:00,66.0,487.0
2023-03-19 19:22:09.727000+00:00,70.0,969.0
2023-03-19 19:22:14.727000+00:00,72.0,485.0
2023-03-19 19:22:19.727000+00:00,75.0,722.0
2023-03-19 19:22:24.727000+00:00,75.0,0.0
2023-03-19 19:22:29.727000+00:00,79.0,960.0
2023-03-19 19:22:34.727000+00:00,82.0,698.0
2023-03-19 19:22:39.727000+00:00,84.0,465.0
2023-03-19 19:22:44.727000+00:00,85.0,239.0
2023-03-19 19:22:49.727000+00:00,87.0,485.0
2023-03-19 19:22:54.727000+00:00,89.0,546.0
2023-03-19 19:22:59.727000+00:00,89.0,0.0
2023-03-19 19:23:04.727000+00:00,89.0,0.0
2023-03-19 19:23:09.727000+00:00,90.0,264.0
2023-03-19 19:23:14.727000+00:00,90.0,0.0
2023-03-19 19:23:19.727000+00:00,91.0,242.0
2023-03-19 19:23:24.727000+00:00,92.0,226.0
2023-03-19 19:23:29.727000+00:00,93.0,242.0
2023-03-19 19:23:34.727000+00:00,94.0,241.0
2023-03-19 19:23:39.727000+00:00,96.0,478.0
2023-03-19 19:23:44.727000+00:00,97.0,241.0
2023-03-19 19:23:49.727000+00:00,97.0,0.0
2023-03-19 19:23:54.727000+00:00,98.0,247.0
2023-03-19 19:23:59.727000+00:00,100.0,477.0
2023-03-19 19:24:04.727000+00:00,104.0,973.0
2023-03-19 19:24:09.727000+00:00,108.0,948.0
2023-03-19 19:24:14.727000+00:00,108.0,0.0
2023-03-19 19:24:19.727000+00:00,110.0,474.0
2023-03-19 19:24:24.727000+00:00,111.0,240.0
2023-03-19 19:24:29.727000+00:00,111.0,0.0
2023-03-19 19:24:34.727000+00:00,114.0,719.0
2023-03-19 19:24:39.727000+00:00,118.0,951.0
2023-03-19 19:24:44.727000+00:00,121.0,719.0
2023-03-19 19:24:49.727000+00:00,122.0,225.0
2023-03-19 19:24:54.727000+00:00,122.0,0.0
2023-03-19 19:24:59.727000+00:00,122.0,0.0
2023-03-19 19:25:04.727000+00:00,125.0,704.0
2023-03-19 19:25:09.727000+00:00,126.0,242.0
2023-03-19 19:25:14.727000+00:00,127.0,241.0
2023-03-19 19:25:19.727000+00:00,127.0,0.0
2023-03-19 19:25:24.727000+00:00,128.0,241.0
2023-03-19 19:25:29.727000+00:00,130.0,479.0
2023-03-19 19:25:34.727000+00:00,130.0,0.0
2023-03-19 19:25:39.727000+00:00,131.0,241.0
2023-03-19 19:25:44.727000+00:00,133.0,487.0
2023-03-19 19:25:49.727000+00:00,134.0,241.0
2023-03-19 19:25:54.727000+00:00,136.0,483.0
2023-03-19 19:25:59.727000+00:00,136.0,0.0
2023-03-19 19:26:04.727000+00:00,138.0,486.0
2023-03-19 19:26:09.727000+00:00,140.0,482.0
2023-03-19 19:26:14.727000+00:00,142.0,472.0
2023-03-19 19:26:19.727000+00:00,144.0,483.0
2023-03-19 19:26:24.727000+00:00,144.0,0.0
2023-03-19 19:26:29.727000+00:00,145.0,244.0
2023-03-19 19:26:34.727000+00:00,147.0,482.0
2023-03-19 19:26:39.727000+00:00,149.0,491.0
2023-03-19 19:26:44.727000+00:00,151.0,497.0
2023-03-19 19:26:49.727000+00:00,153.0,486.0
2023-03-19 19:26:54.727000+00:00,154.0,251.0
2023-03-19 19:26:59.727000+00:00,156.0,470.0
2023-03-19 19:27:04.727000+00:00,158.0,484.0
2023-03-19 19:27:09.727000+00:00,159.0,243.0
2023-03-19 19:27:14.727000+00:00,160.0,245.0
2023-03-19 19:27:19.727000+00:00,161.0,244.0
2023-03-19 19:27:24.727000+00:00,161.0,0.0
2023-03-19 19:27:29.727000+00:00,164.0,715.0
2023-03-19 19:27:34.727000+00:00,164.0,0.0
2023-03-19 19:27:39.727000+00:00,165.0,238.0
2023-03-19 19:27:44.727000+00:00,165.0,0.0
2023-03-19 19:27:49.727000+00:00,166.0,240.0
2023-03-19 19:27:54.727000+00:00,167.0,243.0
2023-03-19 19:27:59.727000+00:00,167.0,0.0
2023-03-19 19:28:04.727000+00:00,170.0,720.0
2023-03-19 19:28:09.727000+00:00,173.0,724.0
2023-03-19 19:28:14.727000+00:00,175.0,483.0
2023-03-19 19:28:19.727000+00:00,177.0,478.0
2023-03-19 19:28:24.727000+00:00,178.0,242.0
2023-03-19 19:28:29.727000+00:00,178.0,0.0
2023-03-19 19:28:34.727000+00:00,181.0,726.0
2023-03-19 19:28:39.727000+00:00,182.0,242.0
2023-03-19 19:28:44.727000+00:00,183.0,238.0
2023-03-19 19:28:49.727000+00:00,188.0,1204.0
2023-03-19 19:28:54.727000+00:00,188.0,0.0
2023-03-19 19:28:59.727000+00:00,190.0,483.0
2023-03-19 19:29:04.727000+00:00,191.0,239.0
2023-03-19 19:29:09.727000+00:00,192.0,239.0
2023-03-19 19:29:14.727000+00:00,192.0,0.0
2023-03-19 19:29:19.727000+00:00,192.0,0.0
2023-03-19 19:29:24.727000+00:00,193.0,226.0
2023-03-19 19:29:29.727000+00:00,196.0,726.0
2023-03-19 19:29:34.727000+00:00,197.0,237.0
2023-03-19 19:29:39.727000+00:00,198.0,241.0
2023-03-19 19:29:44.727000+00:00,198.0,0.0
2023-03-19 19:29:49.727000+00:00,199.0,239.0
2023-03-19 19:29:54.727000+00:00,200.0,240.0
2023-03-19 19:29:59.727000+00:00,201.0,240.0
2023-03-19 19:30:04.727000+00:00,203.0,480.0
2023-03-19 19:30:09.727000+00:00,204.0,238.0
2023-03-19 19:30:14.727000+00:00,205.0,239.0
2023-03-19 19:30:19.727000+00:00,207.0,478.0
2023-03-19 19:30:24.727000+00:00,208.0,240.0
2023-03-19 19:30:29.727000+00:00,209.0,240.0
2023-03-19 19:30:34.727000+00:00,210.0,254.0
2023-03-19 19:30:39.727000+00:00,212.0,481.0
2023-03-19 19:30:44.727000+00:00,213.0,250.0
2023-03-19 19:30:49.727000+00:00,217.0,960.0
2023-03-19 19:30:54.727000+00:00,219.0,481.0
2023-03-19 19:30:59.727000+00:00,220.0,240.0
2023-03-19 19:31:04.727000+00:00,222.0,478.0
2023-03-19 19:31:09.727000+00:00,223.0,241.0
2023-03-19 19:31:14.727000+00:00,225.0,480.0
2023-03-19 19:31:19.727000+00:00,226.0,241.0
2023-03-19 19:31:24.727000+00:00,226.0,0.0
2023-03-19 19:31:29.727000+00:00,228.0,474.0
2023-03-19 19:31:34.727000+00:00,229.0,240.0
2023-03-19 19:31:39.727000+00:00,230.0,241.0
2023-03-19 19:31:44.727000+00:00,232.0,484.0
2023-03-19 19:31:49.727000+00:00,233.0,240.0
2023-03-19 19:31:54.727000+00:00,233.0,0.0
2023-03-19 19:31:59.727000+00:00,234.0,225.0
2023-03-19 19:32:04.727000+00:00,236.0,484.0
2023-03-19 19:32:09.727000+00:00,239.0,717.0
2023-03-19 19:32:14.727000+00:00,241.0,487.0
2023-03-19 19:32:19.727000+00:00,242.0,241.0
2023-03-19 19:32:24.727000+00:00,242.0,0.0
2023-03-19 19:32:29.727000+00:00,244.0,487.0
2023-03-19 19:32:34.727000+00:00,245.0,241.0
2023-03-19 19:32:39.727000+00:00,246.0,242.0
2023-03-19 19:32:44.727000+00:00,247.0,242.0
2023-03-19 19:32:49.727000+00:00,249.0,480.0
2023-03-19 19:32:54.727000+00:00,249.0,0.0
2023-03-19 19:32:59.727000+00:00,250.0,240.0
2023-03-19 19:33:04.727000+00:00,251.0,239.0
2023-03-19 19:33:09.727000+00:00,252.0,240.0
2023-03-19 19:33:14.727000+00:00,253.0,239.0
2023-03-19 19:33:19.727000+00:00,253.0,0.0
2023-03-19 19:33:24.727000+00:00,256.0,729.0
2023-03-19 19:33:29.727000+00:00,256.0,0.0
2023-03-19 19:33:34.727000+00:00,257.0,239.0
2023-03-19 19:33:39.727000+00:00,257.0,0.0
2023-03-19 19:33:44.727000+00:00,258.0,244.0
2023-03-19 19:33:49.727000+00:00,259.0,242.0
2023-03-19 19:33:54.727000+00:00,261.0,482.0
2023-03-19 19:33:59.727000+00:00,261.0,0.0
2023-03-19 19:34:04.727000+00:00,261.0,0.0
2023-03-19 19:34:09.727000+00:00,261.0,0.0
2023-03-19 19:34:14.727000+00:00,263.0,488.0
2023-03-19 19:34:19.727000+00:00,263.0,0.0
2023-03-19 19:34:24.727000+00:00,263.0,0.0
2023-03-19 19:34:29.727000+00:00,263.0,0.0
2023-03-19 19:34:34.727000+00:00,263.0,0.0
2023-03-19 19:34:39.727000+00:00,264.0,239.0
2023-03-19 19:34:44.727000+00:00,265.0,245.0
2023-03-19 19:34:49.727000+00:00,266.0,241.0
2023-03-19 19:34:54.727000+00:00,269.0,727.0
2023-03-19 19:34:59.727000+00:00,271.0,485.0
2023-03-19 19:35:04.727000+00:00,273.0,482.0
2023-03-19 19:35:09.727000+00:00,275.0,480.0
2023-03-19 19:35:14.727000+00:00,276.0,238.0
2023-03-19 19:35:19.727000+00:00,280.0,943.0
2023-03-19 19:35:24.727000+00:00,281.0,238.0
2023-03-19 19:35:29.727000+00:00,281.0,0.0
2023-03-19 19:35:34.727000+00:00,282.0,240.0
2023-03-19 19:35:39.727000+00:00,283.0,240.0
2023-03-19 19:35:44.727000+00:00,283.0,0.0
2023-03-19 19:35:49.727000+00:00,283.0,0.0
2023-03-19 19:35:54.727000+00:00,284.0,239.0
2023-03-19 19:35:59.727000+00:00,285.0,240.0
2023-03-19 19:36:04.727000+00:00,288.0,720.0
2023-03-19 19:36:09.727000+00:00,292.0,949.0
2023-03-19 19:36:14.727000+00:00,292.0,0.0
2023-03-19 19:36:19.727000+00:00,293.0,225.0
2023-03-19 19:36:24.727000+00:00,293.0,0.0
2023-03-19 19:36:29.727000+00:00,294.0,247.0
2023-03-19 19:36:34.727000+00:00,295.0,238.0
2023-03-19 19:36:39.727000+00:00,298.0,726.0
2023-03-19 19:36:44.727000+00:00,298.0,0.0
2023-03-19 19:36:49.727000+00:00,300.0,485.0
2023-03-19 19:36:54.727000+00:00,304.0,948.0
2023-03-19 19:36:59.727000+00:00,308.0,961.0
2023-03-19 19:37:04.727000+00:00,311.0,720.0
2023-03-19 19:37:09.727000+00:00,315.0,971.0
2023-03-19 19:37:14.727000+00:00,316.0,242.0
2023-03-19 19:37:19.727000+00:00,317.0,243.0
2023-03-19 19:37:24.727000+00:00,319.0,487.0
2023-03-19 19:37:29.727000+00:00,321.0,480.0
2023-03-19 19:37:34.727000+00:00,321.0,0.0
2023-03-19 19:37:39.727000+00:00,322.0,244.0
2023-03-19 19:37:44.727000+00:00,326.0,943.0
2023-03-19 19:37:49.727000+00:00,329.0,722.0
2023-03-19 19:37:54.727000+00:00,330.0,239.0
2023-03-19 19:37:59.727000+00:00,331.0,240.0
2023-03-19 19:38:04.727000+00:00,331.0,0.0
2023-03-19 19:38:09.727000+00:00,332.0,239.0
2023-03-19 19:38:14.727000+00:00,332.0,0.0
2023-03-19 19:38:19.727000+00:00,334.0,460.0
2023-03-19 19:38:24.727000+00:00,335.0,237.0
2023-03-19 19:38:29.727000+00:00,336.0,236.0
2023-03-19 19:38:34.727000+00:00,337.0,237.0
2023-03-19 19:38:39.727000+00:00,340.0,720.0
2023-03-19 19:38:44.727000+00:00,340.0,0.0
2023-03-19 19:38:49.727000+00:00,340.0,0.0
2023-03-19 19:38:54.727000+00:00,345.0,1180.0
2023-03-19 19:38:59.727000+00:00,346.0,238.0
2023-03-19 19:39:04.727000+00:00,349.0,715.0
2023-03-19 19:39:09.727000+00:00,350.0,239.0
2023-03-19 19:39:14.727000+00:00,350.0,0.0
2023-03-19 19:39:19.727000+00:00,354.0,948.0
2023-03-19 19:39:24.727000+00:00,354.0,0.0
2023-03-19 19:39:29.727000+00:00,355.0,240.0
2023-03-19 19:39:34.727000+00:00,356.0,238.0
2023-03-19 19:39:39.727000+00:00,358.0,482.0
2023-03-19 19:39:44.727000+00:00,360.0,482.0
2023-03-19 19:39:49.727000+00:00,360.0,0.0
2023-03-19 19:39:54.727000+00:00,361.0,243.0
2023-03-19 19:39:59.727000+00:00,362.0,239.0
2023-03-19 19:40:04.727000+00:00,363.0,238.0
2023-03-19 19:40:09.727000+00:00,363.0,0.0
2023-03-19 19:40:14.727000+00:00,365.0,481.0
2023-03-19 19:40:19.727000+00:00,367.0,473.0
2023-03-19 19:40:24.727000+00:00,370.0,723.0
2023-03-19 19:40:29.727000+00:00,371.0,237.0
2023-03-19 19:40:34.727000+00:00,371.0,0.0
2023-03-19 19:40:39.727000+00:00,373.0,474.0
2023-03-19 19:40:44.727000+00:00,374.0,236.0
2023-03-19 19:40:49.727000+00:00,374.0,0.0
2023-03-19 19:40:54.727000+00:00,376.0,470.0
2023-03-19 19:40:59.727000+00:00,377.0,238.0
2023-03-19 19:41:04.727000+00:00,380.0,712.0
2023-03-19 19:41:09.727000+00:00,380.0,0.0
2023-03-19 19:41:14.727000+00:00,383.0,709.0
2023-03-19 19:41:19.727000+00:00,383.0,0.0
2023-03-19 19:41:24.727000+00:00,385.0,476.0
2023-03-19 19:41:29.727000+00:00,387.0,477.0
2023-03-19 19:41:34.727000+00:00,387.0,0.0
2023-03-19 19:41:39.727000+00:00,389.0,472.0
2023-03-19 19:41:44.727000+00:00,389.0,0.0
2023-03-19 19:41:49.727000+00:00,391.0,486.0
2023-03-19 19:41:54.727000+00:00,393.0,478.0
2023-03-19 19:41:59.727000+00:00,394.0,241.0
2023-03-19 19:42:04.727000+00:00,394.0,0.0
2023-03-19 19:42:09.727000+00:00,394.0,0.0
2023-03-19 19:42:14.727000+00:00,397.0,716.0
2023-03-19 19:42:19.727000+00:00,399.0,473.0
2023-03-19 19:42:24.727000+00:00,403.0,946.0
2023-03-19 19:42:29.727000+00:00,404.0,236.0
2023-03-19 19:42:34.727000+00:00,407.0,714.0
2023-03-19 19:42:39.727000+00:00,408.0,235.0
2023-03-19 19:42:44.727000+00:00,409.0,239.0
2023-03-19 19:42:49.727000+00:00,409.0,0.0
2023-03-19 19:42:54.727000+00:00,409.0,0.0
2023-03-19 19:42:59.727000+00:00,410.0,242.0
2023-03-19 19:43:04.727000+00:00,413.0,718.0
2023-03-19 19:43:09.727000+00:00,417.0,951.0
2023-03-19 19:43:14.727000+00:00,420.0,725.0
2023-03-19 19:43:19.727000+00:00,420.0,0.0
2023-03-19 19:43:24.727000+00:00,421.0,248.0
2023-03-19 19:43:29.727000+00:00,423.0,475.0
2023-03-19 19:43:34.727000+00:00,425.0,477.0
2023-03-19 19:43:39.727000+00:00,427.0,487.0
2023-03-19 19:43:44.727000+00:00,429.0,478.0
2023-03-19 19:43:49.727000+00:00,429.0,0.0
2023-03-19 19:43:54.727000+00:00,435.0,1423.0
2023-03-19 19:43:59.727000+00:00,436.0,239.0
2023-03-19 19:44:04.727000+00:00,437.0,237.0
2023-03-19 19:44:09.727000+00:00,437.0,0.0
2023-03-19 19:44:14.727000+00:00,437.0,0.0
2023-03-19 19:44:19.727000+00:00,439.0,489.0
2023-03-19 19:44:24.727000+00:00,440.0,237.0
2023-03-19 19:44:29.727000+00:00,443.0,720.0
2023-03-19 19:44:34.727000+00:00,443.0,0.0
2023-03-19 19:44:39.727000+00:00,443.0,0.0
2023-03-19 19:44:44.727000+00:00,446.0,725.0
2023-03-19 19:44:49.727000+00:00,447.0,238.0
2023-03-19 19:44:54.727000+00:00,450.0,718.0
2023-03-19 19:44:59.727000+00:00,452.0,485.0
2023-03-19 19:45:04.727000+00:00,454.0,477.0
2023-03-19 19:45:09.727000+00:00,454.0,0.0
2023-03-19 19:45:14.727000+00:00,454.0,0.0
2023-03-19 19:45:19.727000+00:00,456.0,470.0
2023-03-19 19:45:24.727000+00:00,457.0,240.0
2023-03-19 19:45:29.727000+00:00,458.0,238.0
2023-03-19 19:45:34.727000+00:00,459.0,240.0
2023-03-19 19:45:39.727000+00:00,459.0,0.0
2023-03-19 19:45:44.727000+00:00,460.0,237.0
2023-03-19 19:45:49.727000+00:00,462.0,478.0
2023-03-19 19:45:54.727000+00:00,466.0,950.0
2023-03-19 19:45:59.727000+00:00,467.0,238.0
2023-03-19 19:46:04.727000+00:00,470.0,712.0
2023-03-19 19:46:09.727000+00:00,471.0,241.0
2023-03-19 19:46:14.727000+00:00,472.0,241.0
2023-03-19 19:46:19.727000+00:00,474.0,479.0
2023-03-19 19:46:24.727000+00:00,475.0,239.0
2023-03-19 19:46:29.727000+00:00,476.0,237.0
2023-03-19 19:46:34.727000+00:00,477.0,242.0
2023-03-19 19:46:39.727000+00:00,477.0,0.0
2023-03-19 19:46:44.727000+00:00,478.0,246.0
2023-03-19 19:46:49.727000+00:00,481.0,727.0
2023-03-19 19:46:54.727000+00:00,482.0,245.0
2023-03-19 19:46:59.727000+00:00,484.0,485.0
2023-03-19 19:47:04.727000+00:00,485.0,242.0
2023-03-19 19:47:09.727000+00:00,488.0,701.0
2023-03-19 19:47:14.727000+00:00,488.0,0.0
2023-03-19 19:47:19.727000+00:00,489.0,239.0
2023-03-19 19:47:24.727000+00:00,489.0,0.0
2023-03-19 19:47:29.727000+00:00,490.0,240.0
2023-03-19 19:47:34.727000+00:00,491.0,241.0
2023-03-19 19:47:39.727000+00:00,493.0,479.0
2023-03-19 19:47:44.727000+00:00,494.0,236.0
2023-03-19 19:47:49.727000+00:00,496.0,481.0
2023-03-19 19:47:54.727000+00:00,497.0,238.0
2023-03-19 19:47:59.727000+00:00,498.0,238.0
2023-03-19 19:48:04.727000+00:00,499.0,239.0
2023-03-19 19:48:09.727000+00:00,502.0,713.0
2023-03-19 19:48:14.727000+00:00,503.0,237.0
2023-03-19 19:48:19.727000+00:00,505.0,481.0
2023-03-19 19:48:24.727000+00:00,506.0,239.0
2023-03-19 19:48:29.727000+00:00,506.0,0.0
2023-03-19 19:48:34.727000+00:00,506.0,0.0
2023-03-19 19:48:39.727000+00:00,506.0,0.0
2023-03-19 19:48:44.727000+00:00,509.0,698.0
2023-03-19 19:48:49.727000+00:00,511.0,481.0
2023-03-19 19:48:54.727000+00:00,511.0,0.0
2023-03-19 19:48:59.727000+00:00,513.0,479.0
2023-03-19 19:49:04.727000+00:00,515.0,479.0
2023-03-19 19:49:09.727000+00:00,517.0,481.0
2023-03-19 19:49:14.727000+00:00,518.0,242.0
2023-03-19 19:49:19.727000+00:00,519.0,236.0
2023-03-19 19:49:24.727000+00:00,521.0,484.0
2023-03-19 19:49:29.727000+00:00,521.0,0.0
2023-03-19 19:49:34.727000+00:00,521.0,0.0
2023-03-19 19:49:39.727000+00:00,521.0,0.0
2023-03-19 19:49:44.727000+00:00,525.0,961.0
2023-03-19 19:49:49.727000+00:00,528.0,695.0
2023-03-19 19:49:54.727000+00:00,530.0,478.0
2023-03-19 19:49:59.727000+00:00,531.0,245.0
2023-03-19 19:50:04.727000+00:00,532.0,242.0
2023-03-19 19:50:09.727000+00:00,536.0,944.0
2023-03-19 19:50:14.727000+00:00,537.0,236.0
2023-03-19 19:50:19.727000+00:00,537.0,0.0
2023-03-19 19:50:24.727000+00:00,540.0,728.0
2023-03-19 19:50:29.727000+00:00,540.0,0.0
2023-03-19 19:50:34.727000+00:00,541.0,248.0
2023-03-19 19:50:39.727000+00:00,542.0,240.0
2023-03-19 19:50:44.727000+00:00,542.0,0.0
2023-03-19 19:50:49.727000+00:00,543.0,241.0
2023-03-19 19:50:54.727000+00:00,545.0,484.0
2023-03-19 19:50:59.727000+00:00,545.0,0.0
2023-03-19 19:51:04.727000+00:00,547.0,476.0
2023-03-19 19:51:09.727000+00:00,549.0,473.0
2023-03-19 19:51:14.727000+00:00,549.0,0.0
2023-03-19 19:51:19.727000+00:00,552.0,713.0
2023-03-19 19:51:24.727000+00:00,554.0,471.0
2023-03-19 19:51:29.727000+00:00,557.0,709.0
2023-03-19 19:51:34.727000+00:00,557.0,0.0
2023-03-19 19:51:39.727000+00:00,558.0,242.0
2023-03-19 19:51:44.727000+00:00,559.0,242.0
2023-03-19 19:51:49.727000+00:00,560.0,242.0
2023-03-19 19:51:54.727000+00:00,562.0,478.0
2023-03-19 19:51:59.727000+00:00,564.0,478.0
2023-03-19 19:52:04.727000+00:00,570.0,1446.0
2023-03-19 19:52:09.727000+00:00,570.0,0.0
2023-03-19 19:52:14.727000+00:00,570.0,0.0
2023-03-19 19:52:19.727000+00:00,570.0,0.0
2023-03-19 19:52:24.727000+00:00,573.0,719.0
2023-03-19 19:52:29.727000+00:00,573.0,0.0
2023-03-19 19:52:34.727000+00:00,573.0,0.0
2023-03-19 19:52:39.727000+00:00,573.0,0.0
2023-03-19 19:52:44.727000+00:00,575.0,478.0
2023-03-19 19:52:49.727000+00:00,575.0,0.0
2023-03-19 19:52:54.727000+00:00,576.0,240.0
2023-03-19 19:52:59.727000+00:00,578.0,483.0
2023-03-19 19:53:04.727000+00:00,578.0,0.0
2023-03-19 19:53:09.727000+00:00,578.0,0.0
2023-03-19 19:53:14.727000+00:00,579.0,237.0
2023-03-19 19:53:19.727000+00:00,579.0,0.0
2023-03-19 19:53:24.727000+00:00,579.0,0.0
2023-03-19 19:53:29.727000+00:00,579.0,0.0
2023-03-19 19:53:34.727000+00:00,579.0,0.0
2023-03-19 19:53:39.727000+00:00,581.0,481.0
2023-03-19 19:53:44.727000+00:00,581.0,0.0
2023-03-19 19:53:49.727000+00:00,582.0,235.0
2023-03-19 19:53:54.727000+00:00,582.0,0.0
2023-03-19 19:53:59.727000+00:00,586.0,980.0
2023-03-19 19:54:04.727000+00:00,588.0,485.0
2023-03-19 19:54:09.727000+00:00,591.0,699.0
2023-03-19 19:54:14.727000+00:00,594.0,719.0
2023-03-19 19:54:19.727000+00:00,596.0,477.0
2023-03-19 19:54:24.727000+00:00,598.0,484.0
2023-03-19 19:54:29.727000+00:00,601.0,729.0
2023-03-19 19:54:34.727000+00:00,602.0,243.0
2023-03-19 19:54:39.727000+00:00,603.0,245.0
2023-03-19 19:54:44.727000+00:00,603.0,0.0
2023-03-19 19:54:49.727000+00:00,605.0,486.0
2023-03-19 19:54:54.727000+00:00,607.0,485.0
2023-03-19 19:54:59.727000+00:00,607.0,0.0
2023-03-19 19:55:04.727000+00:00,607.0,0.0
2023-03-19 19:55:09.727000+00:00,608.0,248.0
2023-03-19 19:55:14.727000+00:00,609.0,248.0
2023-03-19 19:55:19.727000+00:00,609.0,0.0
2023-03-19 19:55:24.727000+00:00,610.0,241.0
2023-03-19 19:55:29.727000+00:00,612.0,488.0
2023-03-19 19:55:34.727000+00:00,613.0,241.0
2023-03-19 19:55:39.727000+00:00,614.0,239.0
2023-03-19 19:55:44.727000+00:00,616.0,489.0
2023-03-19 19:55:49.727000+00:00,617.0,241.0
2023-03-19 19:55:54.727000+00:00,619.0,483.0
2023-03-19 19:55:59.727000+00:00,622.0,721.0
2023-03-19 19:56:04.727000+00:00,623.0,241.0
2023-03-19 19:56:09.727000+00:00,625.0,463.0
2023-03-19 19:56:14.727000+00:00,628.0,720.0
2023-03-19 19:56:19.727000+00:00,632.0,976.0
2023-03-19 19:56:24.727000+00:00,633.0,240.0
2023-03-19 19:56:29.727000+00:00,635.0,483.0
2023-03-19 19:56:34.727000+00:00,636.0,240.0
2023-03-19 19:56:39.727000+00:00,638.0,484.0
2023-03-19 19:56:44.727000+00:00,641.0,720.0
2023-03-19 19:56:49.727000+00:00,641.0,0.0
2023-03-19 19:56:54.727000+00:00,643.0,486.0
2023-03-19 19:56:59.727000+00:00,643.0,0.0
2023-03-19 19:57:04.727000+00:00,643.0,0.0
2023-03-19 19:57:09.727000+00:00,644.0,241.0
2023-03-19 19:57:14.727000+00:00,646.0,483.0
2023-03-19 19:57:19.727000+00:00,646.0,0.0
2023-03-19 19:57:24.727000+00:00,647.0,247.0
2023-03-19 19:57:29.727000+00:00,647.0,0.0
2023-03-19 19:57:34.727000+00:00,648.0,237.0
2023-03-19 19:57:39.727000+00:00,649.0,239.0
2023-03-19 19:57:44.727000+00:00,649.0,0.0
2023-03-19 19:57:49.727000+00:00,650.0,239.0
2023-03-19 19:57:54.727000+00:00,651.0,245.0
2023-03-19 19:57:59.727000+00:00,652.0,246.0
2023-03-19 19:58:04.727000+00:00,654.0,477.0
2023-03-19 19:58:09.727000+00:00,657.0,723.0
2023-03-19 19:58:14.727000+00:00,657.0,0.0
2023-03-19 19:58:19.727000+00:00,661.0,973.0
2023-03-19 19:58:24.727000+00:00,663.0,484.0
2023-03-19 19:58:29.727000+00:00,664.0,242.0
2023-03-19 19:58:34.727000+00:00,664.0,0.0
2023-03-19 19:58:39.727000+00:00,664.0,0.0
2023-03-19 19:58:44.727000+00:00,665.0,243.0
2023-03-19 19:58:49.727000+00:00,667.0,486.0
2023-03-19 19:58:54.727000+00:00,668.0,240.0
2023-03-19 19:58:59.727000+00:00,672.0,951.0
2023-03-19 19:59:04.727000+00:00,673.0,240.0
2023-03-19 19:59:09.727000+00:00,675.0,489.0
2023-03-19 19:59:14.727000+00:00,675.0,0.0
2023-03-19 19:59:19.727000+00:00,677.0,486.0
2023-03-19 19:59:24.727000+00:00,678.0,239.0
2023-03-19 19:59:29.727000+00:00,678.0,0.0
2023-03-19 19:59:34.727000+00:00,679.0,242.0
2023-03-19 19:59:39.727000+00:00,681.0,479.0
2023-03-19 19:59:44.727000+00:00,682.0,241.0
2023-03-19 19:59:49.727000+00:00,684.0,493.0
2023-03-19 19:59:54.727000+00:00,686.0,475.0
2023-03-19 19:59:59.727000+00:00,687.0,242.0
2023-03-19 20:00:04.727000+00:00,688.0,239.0
2023-03-19 20:00:09.727000+00:00,691.0,727.0
2023-03-19 20:00:14.727000+00:00,694.0,718.0
2023-03-19 20:00:19.727000+00:00,696.0,479.0
2023-03-19 20:00:24.727000+00:00,700.0,975.0
2023-03-19 20:00:29.727000+00:00,702.0,484.0
2023-03-19 20:00:34.727000+00:00,702.0,0.0
2023-03-19 20:00:39.727000+00:00,702.0,0.0
2023-03-19 20:00:44.727000+00:00,702.0,0.0
2023-03-19 20:00:49.727000+00:00,704.0,489.0
2023-03-19 20:00:54.727000+00:00,705.0,245.0
2023-03-19 20:00:59.727000+00:00,705.0,0.0
2023-03-19 20:01:04.727000+00:00,706.0,241.0
2023-03-19 20:01:09.727000+00:00,709.0,706.0
2023-03-19 20:01:14.727000+00:00,712.0,718.0
2023-03-19 20:01:19.727000+00:00,714.0,479.0
2023-03-19 20:01:24.727000+00:00,715.0,246.0
2023-03-19 20:01:29.727000+00:00,715.0,0.0
2023-03-19 20:01:34.727000+00:00,716.0,239.0
2023-03-19 20:01:39.727000+00:00,717.0,242.0
2023-03-19 20:01:44.727000+00:00,718.0,239.0
2023-03-19 20:01:49.727000+00:00,722.0,973.0
2023-03-19 20:01:54.727000+00:00,724.0,486.0
2023-03-19 20:01:59.727000+00:00,727.0,729.0
2023-03-19 20:02:04.727000+00:00,727.0,0.0
2023-03-19 20:02:09.727000+00:00,729.0,481.0
2023-03-19 20:02:14.727000+00:00,734.0,1205.0
2023-03-19 20:02:19.727000+00:00,734.0,0.0
2023-03-19 20:02:24.727000+00:00,735.0,241.0
2023-03-19 20:02:29.727000+00:00,737.0,490.0
2023-03-19 20:02:34.727000+00:00,739.0,475.0
2023-03-19 20:02:39.727000+00:00,740.0,239.0
2023-03-19 20:02:44.727000+00:00,743.0,720.0
2023-03-19 20:02:49.727000+00:00,743.0,0.0
2023-03-19 20:02:54.727000+00:00,745.0,482.0
2023-03-19 20:02:59.727000+00:00,745.0,0.0
2023-03-19 20:03:04.727000+00:00,746.0,236.0
2023-03-19 20:03:09.727000+00:00,749.0,727.0
2023-03-19 20:03:14.727000+00:00,751.0,481.0
2023-03-19 20:03:19.727000+00:00,752.0,245.0
2023-03-19 20:03:24.727000+00:00,754.0,480.0
2023-03-19 20:03:29.727000+00:00,756.0,488.0
2023-03-19 20:03:34.727000+00:00,756.0,0.0
2023-03-19 20:03:39.727000+00:00,758.0,473.0
2023-03-19 20:03:44.727000+00:00,759.0,239.0
2023-03-19 20:03:49.727000+00:00,763.0,953.0
2023-03-19 20:03:54.727000+00:00,765.0,495.0
2023-03-19 20:03:59.727000+00:00,769.0,958.0
2023-03-19 20:04:04.727000+00:00,769.0,0.0
2023-03-19 20:04:09.727000+00:00,771.0,479.0
2023-03-19 20:04:14.727000+00:00,773.0,482.0
2023-03-19 20:04:19.727000+00:00,773.0,0.0
2023-03-19 20:04:24.727000+00:00,775.0,485.0
2023-03-19 20:04:29.727000+00:00,776.0,243.0
2023-03-19 20:04:34.727000+00:00,777.0,240.0
2023-03-19 20:04:39.727000+00:00,779.0,481.0
2023-03-19 20:04:44.727000+00:00,780.0,240.0
2023-03-19 20:04:49.727000+00:00,781.0,241.0
2023-03-19 20:04:54.727000+00:00,784.0,733.0
2023-03-19 20:04:59.727000+00:00,785.0,239.0
2023-03-19 20:05:04.727000+00:00,787.0,476.0
2023-03-19 20:05:09.727000+00:00,788.0,242.0
2023-03-19 20:05:14.727000+00:00,789.0,244.0
2023-03-19 20:05:19.727000+00:00,791.0,490.0
2023-03-19 20:05:24.727000+00:00,791.0,0.0
2023-03-19 20:05:29.727000+00:00,792.0,240.0
2023-03-19 20:05:34.727000+00:00,794.0,480.0
2023-03-19 20:05:39.727000+00:00,794.0,0.0
2023-03-19 20:05:44.727000+00:00,795.0,237.0
2023-03-19 20:05:49.727000+00:00,795.0,0.0
2023-03-19 20:05:54.727000+00:00,797.0,478.0
2023-03-19 20:05:59.727000+00:00,800.0,712.0
2023-03-19 20:06:04.727000+00:00,801.0,241.0
2023-03-19 20:06:09.727000+00:00,802.0,238.0
2023-03-19 20:06:14.727000+00:00,805.0,718.0
2023-03-19 20:06:19.727000+00:00,806.0,240.0
2023-03-19 20:06:24.727000+00:00,808.0,486.0
2023-03-19 20:06:29.727000+00:00,809.0,236.0
2023-03-19 20:06:34.727000+00:00,810.0,242.0
2023-03-19 20:06:39.727000+00:00,811.0,244.0
2023-03-19 20:06:44.727000+00:00,812.0,256.0
2023-03-19 20:06:49.727000+00:00,814.0,478.0
2023-03-19 20:06:54.727000+00:00,816.0,478.0
2023-03-19 20:06:59.727000+00:00,817.0,238.0
2023-03-19 20:07:04.727000+00:00,818.0,241.0
2023-03-19 20:07:09.727000+00:00,820.0,476.0
2023-03-19 20:07:14.727000+00:00,822.0,485.0
2023-03-19 20:07:19.727000+00:00,823.0,237.0
2023-03-19 20:07:24.727000+00:00,823.0,0.0
2023-03-19 20:07:29.727000+00:00,825.0,484.0
2023-03-19 20:07:34.727000+00:00,825.0,0.0
2023-03-19 20:07:39.727000+00:00,827.0,486.0
2023-03-19 20:07:44.727000+00:00,827.0,0.0
2023-03-19 20:07:49.727000+00:00,827.0,0.0
2023-03-19 20:07:54.727000+00:00,829.0,485.0
2023-03-19 20:07:59.727000+00:00,830.0,241.0
2023-03-19 20:08:04.727000+00:00,831.0,237.0
2023-03-19 20:08:09.727000+00:00,832.0,237.0
2023-03-19 20:08:14.727000+00:00,834.0,485.0
2023-03-19 20:08:19.727000+00:00,836.0,479.0
2023-03-19 20:08:24.727000+00:00,838.0,481.0
2023-03-19 20:08:29.727000+00:00,840.0,475.0
2023-03-19 20:08:34.727000+00:00,841.0,239.0
2023-03-19 20:08:39.727000+00:00,843.0,486.0
2023-03-19 20:08:44.727000+00:00,843.0,0.0
2023-03-19 20:08:49.727000+00:00,844.0,239.0
2023-03-19 20:08:54.727000+00:00,846.0,479.0
2023-03-19 20:08:59.727000+00:00,847.0,239.0
2023-03-19 20:09:04.727000+00:00,848.0,239.0
2023-03-19 20:09:09.727000+00:00,848.0,0.0
2023-03-19 20:09:14.727000+00:00,850.0,474.0
2023-03-19 20:09:19.727000+00:00,851.0,239.0
2023-03-19 20:09:24.727000+00:00,851.0,0.0
2023-03-19 20:09:29.727000+00:00,854.0,718.0
2023-03-19 20:09:34.727000+00:00,854.0,0.0
2023-03-19 20:09:39.727000+00:00,854.0,0.0
2023-03-19 20:09:44.727000+00:00,854.0,0.0
2023-03-19 20:09:49.727000+00:00,854.0,0.0
2023-03-19 20:09:54.727000+00:00,856.0,491.0
2023-03-19 20:09:59.727000+00:00,857.0,236.0
2023-03-19 20:10:04.727000+00:00,859.0,477.0
2023-03-19 20:10:09.727000+00:00,860.0,243.0
2023-03-19 20:10:14.727000+00:00,861.0,237.0
2023-03-19 20:10:19.727000+00:00,864.0,724.0
2023-03-19 20:10:24.727000+00:00,866.0,477.0
2023-03-19 20:10:29.727000+00:00,866.0,0.0
2023-03-19 20:10:34.727000+00:00,867.0,249.0
2023-03-19 20:10:39.727000+00:00,868.0,237.0
2023-03-19 20:10:44.727000+00:00,868.0,0.0
2023-03-19 20:10:49.727000+00:00,869.0,239.0
2023-03-19 20:10:54.727000+00:00,871.0,494.0
2023-03-19 20:10:59.727000+00:00,872.0,239.0
2023-03-19 20:11:04.727000+00:00,874.0,483.0
2023-03-19 20:11:09.727000+00:00,875.0,240.0
2023-03-19 20:11:14.727000+00:00,875.0,0.0
2023-03-19 20:11:19.727000+00:00,876.0,238.0
2023-03-19 20:11:24.727000+00:00,877.0,238.0
2023-03-19 20:11:29.727000+00:00,879.0,479.0
2023-03-19 20:11:34.727000+00:00,881.0,477.0
2023-03-19 20:11:39.727000+00:00,882.0,238.0
2023-03-19 20:11:44.727000+00:00,882.0,0.0
2023-03-19 20:11:49.727000+00:00,882.0,0.0
2023-03-19 20:11:54.727000+00:00,882.0,0.0
2023-03-19 20:11:59.727000+00:00,883.0,241.0
2023-03-19 20:12:04.727000+00:00,885.0,479.0
2023-03-19 20:12:09.727000+00:00,885.0,0.0
2023-03-19 20:12:14.727000+00:00,886.0,241.0
2023-03-19 20:12:19.727000+00:00,888.0,477.0
2023-03-19 20:12:24.727000+00:00,889.0,240.0
2023-03-19 20:12:29.727000+00:00,890.0,239.0
2023-03-19 20:12:34.727000+00:00,891.0,239.0
2023-03-19 20:12:39.727000+00:00,891.0,0.0
2023-03-19 20:12:44.727000+00:00,892.0,248.0
2023-03-19 20:12:49.727000+00:00,893.0,240.0
2023-03-19 20:12:54.727000+00:00,895.0,476.0
2023-03-19 20:12:59.727000+00:00,896.0,239.0
2023-03-19 20:13:04.727000+00:00,898.0,478.0
2023-03-19 20:13:09.727000+00:00,902.0,968.0
2023-03-19 20:13:14.727000+00:00,903.0,246.0
2023-03-19 20:13:19.727000+00:00,904.0,238.0
2023-03-19 20:13:24.727000+00:00,905.0,244.0
2023-03-19 20:13:29.727000+00:00,905.0,0.0
2023-03-19 20:13:34.727000+00:00,906.0,242.0
2023-03-19 20:13:39.727000+00:00,907.0,250.0
2023-03-19 20:13:44.727000+00:00,910.0,720.0
2023-03-19 20:13:49.727000+00:00,912.0,476.0
2023-03-19 20:13:54.727000+00:00,913.0,240.0
2023-03-19 20:13:59.727000+00:00,914.0,238.0
2023-03-19 20:14:04.727000+00:00,914.0,0.0
2023-03-19 20:14:09.727000+00:00,915.0,238.0
2023-03-19 20:14:14.727000+00:00,916.0,242.0
2023-03-19 20:14:19.727000+00:00,916.0,0.0
2023-03-19 20:14:24.727000+00:00,916.0,0.0
2023-03-19 20:14:29.727000+00:00,919.0,709.0
2023-03-19 20:14:34.727000+00:00,922.0,711.0
2023-03-19 20:14:39.727000+00:00,925.0,723.0
2023-03-19 20:14:44.727000+00:00,926.0,238.0
2023-03-19 20:14:49.727000+00:00,928.0,477.0
2023-03-19 20:14:54.727000+00:00,929.0,241.0
2023-03-19 20:14:59.727000+00:00,930.0,250.0
2023-03-19 20:15:04.727000+00:00,932.0,479.0
2023-03-19 20:15:09.727000+00:00,937.0,1186.0
2023-03-19 20:15:14.727000+00:00,937.0,0.0
2023-03-19 20:15:19.727000+00:00,940.0,717.0
2023-03-19 20:15:24.727000+00:00,941.0,234.0
2023-03-19 20:15:29.727000+00:00,944.0,721.0
2023-03-19 20:15:34.727000+00:00,947.0,717.0
2023-03-19 20:15:39.727000+00:00,951.0,946.0
2023-03-19 20:15:44.727000+00:00,951.0,0.0
2023-03-19 20:15:49.727000+00:00,951.0,0.0
2023-03-19 20:15:54.727000+00:00,951.0,0.0
2023-03-19 20:15:59.727000+00:00,952.0,239.0
2023-03-19 20:16:04.727000+00:00,954.0,476.0
2023-03-19 20:16:09.727000+00:00,957.0,710.0
2023-03-19 20:16:14.727000+00:00,957.0,0.0
2023-03-19 20:16:19.727000+00:00,957.0,0.0
2023-03-19 20:16:24.727000+00:00,959.0,479.0
2023-03-19 20:16:29.727000+00:00,959.0,0.0
2023-03-19 20:16:34.727000+00:00,959.0,0.0
2023-03-19 20:16:39.727000+00:00,960.0,236.0
2023-03-19 20:16:44.727000+00:00,960.0,0.0
2023-03-19 20:16:49.727000+00:00,961.0,245.0
2023-03-19 20:16:54.727000+00:00,964.0,715.0
2023-03-19 20:16:59.727000+00:00,967.0,716.0
2023-03-19 20:17:04.727000+00:00,968.0,237.0
2023-03-19 20:17:09.727000+00:00,970.0,476.0
2023-03-19 20:17:14.727000+00:00,971.0,243.0
2023-03-19 20:17:19.727000+00:00,975.0,961.0
2023-03-19 20:17:24.727000+00:00,977.0,489.0
2023-03-19 20:17:29.727000+00:00,980.0,713.0
2023-03-19 20:17:34.727000+00:00,980.0,0.0
2023-03-19 20:17:39.727000+00:00,982.0,474.0
2023-03-19 20:17:44.727000+00:00,983.0,238.0
2023-03-19 20:17:49.727000+00:00,983.0,0.0
2023-03-19 20:17:54.727000+00:00,983.0,0.0
2023-03-19 20:17:59.727000+00:00,985.0,487.0
2023-03-19 20:18:04.727000+00:00,988.0,719.0
2023-03-19 20:18:09.727000+00:00,988.0,0.0
2023-03-19 20:18:14.727000+00:00,988.0,0.0
2023-03-19 20:18:19.727000+00:00,990.0,470.0
2023-03-19 20:18:24.727000+00:00,991.0,251.0
2023-03-19 20:18:29.727000+00:00,991.0,0.0
2023-03-19 20:18:34.727000+00:00,992.0,255.0
2023-03-19 20:18:39.727000+00:00,994.0,481.0
2023-03-19 20:18:44.727000+00:00,997.0,727.0
2023-03-19 20:18:49.727000+00:00,999.0,480.0
2023-03-19 20:18:54.727000+00:00,1001.0,478.0
2023-03-19 20:18:59.727000+00:00,1004.0,719.0
2023-03-19 20:19:04.727000+00:00,1006.0,479.0
2023-03-19 20:19:09.727000+00:00,1008.0,478.0
2023-03-19 20:19:14.727000+00:00,1008.0,0.0
2023-03-19 20:19:19.727000+00:00,1009.0,242.0
2023-03-19 20:19:24.727000+00:00,1010.0,241.0
2023-03-19 20:19:29.727000+00:00,1011.0,237.0
2023-03-19 20:19:34.727000+00:00,1014.0,728.0
2023-03-19 20:19:39.727000+00:00,1016.0,484.0
2023-03-19 20:19:44.727000+00:00,1022.0,1454.0
2023-03-19 20:19:49.727000+00:00,1023.0,239.0
2023-03-19 20:19:54.727000+00:00,1023.0,0.0
2023-03-19 20:19:59.727000+00:00,1025.0,479.0
2023-03-19 20:20:04.727000+00:00,1027.0,477.0
2023-03-19 20:20:09.727000+00:00,1029.0,483.0
2023-03-19 20:20:14.727000+00:00,1030.0,238.0
2023-03-19 20:20:19.727000+00:00,1033.0,710.0
2023-03-19 20:20:24.727000+00:00,1034.0,241.0
2023-03-19 20:20:29.727000+00:00,1034.0,0.0
2023-03-19 20:20:34.727000+00:00,1036.0,476.0
2023-03-19 20:20:39.727000+00:00,1038.0,479.0
2023-03-19 20:20:44.727000+00:00,1042.0,947.0
2023-03-19 20:20:49.727000+00:00,1043.0,240.0
2023-03-19 20:20:54.727000+00:00,1043.0,0.0
2023-03-19 20:20:59.727000+00:00,1045.0,476.0
2023-03-19 20:21:04.727000+00:00,1048.0,725.0
2023-03-19 20:21:09.727000+00:00,1050.0,477.0
2023-03-19 20:21:14.727000+00:00,1051.0,241.0
2023-03-19 20:21:19.727000+00:00,1051.0,0.0
2023-03-19 20:21:24.727000+00:00,1051.0,0.0
2023-03-19 20:21:29.727000+00:00,1052.0,250.0
2023-03-19 20:21:34.727000+00:00,1053.0,241.0
2023-03-19 20:21:39.727000+00:00,1054.0,241.0
2023-03-19 20:21:44.727000+00:00,1056.0,489.0
2023-03-19 20:21:49.727000+00:00,1058.0,476.0
2023-03-19 20:21:54.727000+00:00,1060.0,477.0
2023-03-19 20:21:59.727000+00:00,1063.0,708.0
2023-03-19 20:22:04.727000+00:00,1065.0,491.0
2023-03-19 20:22:09.727000+00:00,1067.0,473.0
2023-03-19 20:22:14.727000+00:00,1068.0,245.0
2023-03-19 20:22:19.727000+00:00,1069.0,239.0
2023-03-19 20:22:24.727000+00:00,1071.0,481.0
2023-03-19 20:22:29.727000+00:00,1072.0,239.0
2023-03-19 20:22:34.727000+00:00,1073.0,239.0
2023-03-19 20:22:39.727000+00:00,1077.0,963.0
2023-03-19 20:22:44.727000+00:00,1077.0,0.0
2023-03-19 20:22:49.727000+00:00,1081.0,949.0
2023-03-19 20:22:54.727000+00:00,1081.0,0.0
2023-03-19 20:22:59.727000+00:00,1084.0,723.0
2023-03-19 20:23:04.727000+00:00,1085.0,238.0
2023-03-19 20:23:09.727000+00:00,1087.0,472.0
2023-03-19 20:23:14.727000+00:00,1088.0,240.0
2023-03-19 20:23:19.727000+00:00,1089.0,224.0
2023-03-19 20:23:24.727000+00:00,1090.0,240.0
2023-03-19 20:23:29.727000+00:00,1090.0,0.0
2023-03-19 20:23:34.727000+00:00,1090.0,0.0
2023-03-19 20:23:39.727000+00:00,1095.0,1203.0
2023-03-19 20:23:44.727000+00:00,1096.0,238.0
2023-03-19 20:23:49.727000+00:00,1097.0,239.0
2023-03-19 20:23:54.727000+00:00,1097.0,0.0
2023-03-19 20:23:59.727000+00:00,1100.0,711.0
2023-03-19 20:24:04.727000+00:00,1101.0,237.0
2023-03-19 20:24:09.727000+00:00,1101.0,0.0
2023-03-19 20:24:14.727000+00:00,1103.0,469.0
2023-03-19 20:24:19.727000+00:00,1105.0,475.0
2023-03-19 20:24:24.727000+00:00,1107.0,482.0
2023-03-19 20:24:29.727000+00:00,1108.0,238.0
2023-03-19 20:24:34.727000+00:00,1108.0,0.0
2023-03-19 20:24:39.727000+00:00,1108.0,0.0
2023-03-19 20:24:44.727000+00:00,1110.0,478.0
2023-03-19 20:24:49.727000+00:00,1113.0,725.0
2023-03-19 20:24:54.727000+00:00,1114.0,241.0
2023-03-19 20:24:59.727000+00:00,1116.0,480.0
2023-03-19 20:25:04.727000+00:00,1117.0,243.0
2023-03-19 20:25:09.727000+00:00,1117.0,0.0
2023-03-19 20:25:14.727000+00:00,1119.0,480.0
2023-03-19 20:25:19.727000+00:00,1121.0,487.0
2023-03-19 20:25:24.727000+00:00,1122.0,237.0
2023-03-19 20:25:29.727000+00:00,1123.0,240.0
2023-03-19 20:25:34.727000+00:00,1125.0,494.0
2023-03-19 20:25:39.727000+00:00,1125.0,0.0
2023-03-19 20:25:44.727000+00:00,1126.0,241.0
2023-03-19 20:25:49.727000+00:00,1128.0,485.0
2023-03-19 20:25:54.727000+00:00,1129.0,239.0
2023-03-19 20:25:59.727000+00:00,1129.0,0.0
2023-03-19 20:26:04.727000+00:00,1130.0,240.0
2023-03-19 20:26:09.727000+00:00,1133.0,721.0
2023-03-19 20:26:14.727000+00:00,1136.0,719.0
2023-03-19 20:26:19.727000+00:00,1137.0,237.0
2023-03-19 20:26:24.727000+00:00,1138.0,237.0
2023-03-19 20:26:29.727000+00:00,1138.0,0.0
2023-03-19 20:26:34.727000+00:00,1138.0,0.0
2023-03-19 20:26:39.727000+00:00,1139.0,238.0
2023-03-19 20:26:44.727000+00:00,1142.0,715.0
2023-03-19 20:26:49.727000+00:00,1142.0,0.0
2023-03-19 20:26:54.727000+00:00,1143.0,247.0
2023-03-19 20:26:59.727000+00:00,1144.0,240.0
2023-03-19 20:27:04.727000+00:00,1146.0,476.0
2023-03-19 20:27:09.727000+00:00,1146.0,0.0
2023-03-19 20:27:14.727000+00:00,1146.0,0.0
2023-03-19 20:27:19.727000+00:00,1146.0,0.0
2023-03-19 20:27:24.727000+00:00,1148.0,476.0
2023-03-19 20:27:29.727000+00:00,1149.0,246.0
2023-03-19 20:27:34.727000+00:00,1149.0,0.0
2023-03-19 20:27:39.727000+00:00,1151.0,471.0
2023-03-19 20:27:44.727000+00:00,1153.0,473.0
2023-03-19 20:27:49.727000+00:00,1154.0,239.0
2023-03-19 20:27:54.727000+00:00,1154.0,0.0
2023-03-19 20:27:59.727000+00:00,1154.0,0.0
2023-03-19 20:28:04.727000+00:00,1154.0,0.0
2023-03-19 20:28:09.727000+00:00,1157.0,714.0
2023-03-19 20:28:14.727000+00:00,1158.0,239.0
2023-03-19 20:28:19.727000+00:00,1160.0,474.0
2023-03-19 20:28:24.727000+00:00,1160.0,0.0
2023-03-19 20:28:29.727000+00:00,1160.0,0.0
2023-03-19 20:28:34.727000+00:00,1160.0,0.0
2023-03-19 20:28:39.727000+00:00,1163.0,723.0
2023-03-19 20:28:44.727000+00:00,1164.0,235.0
2023-03-19 20:28:49.727000+00:00,1165.0,238.0
2023-03-19 20:28:54.727000+00:00,1167.0,478.0
2023-03-19 20:28:59.727000+00:00,1168.0,238.0
2023-03-19 20:29:04.727000+00:00,1168.0,0.0
2023-03-19 20:29:09.727000+00:00,1169.0,247.0
2023-03-19 20:29:14.727000+00:00,1170.0,238.0
2023-03-19 20:29:19.727000+00:00,1171.0,236.0
2023-03-19 20:29:24.727000+00:00,1173.0,495.0
2023-03-19 20:29:29.727000+00:00,1173.0,0.0
2023-03-19 20:29:34.727000+00:00,1175.0,469.0
2023-03-19 20:29:39.727000+00:00,1176.0,238.0
2023-03-19 20:29:44.727000+00:00,1177.0,249.0
2023-03-19 20:29:49.727000+00:00,1178.0,239.0
2023-03-19 20:29:54.727000+00:00,1180.0,477.0
2023-03-19 20:29:59.727000+00:00,1180.0,0.0
2023-03-19 20:30:04.727000+00:00,1181.0,239.0
2023-03-19 20:30:09.727000+00:00,1182.0,241.0
2023-03-19 20:30:14.727000+00:00,1182.0,0.0
2023-03-19 20:30:19.727000+00:00,1185.0,715.0
2023-03-19 20:30:24.727000+00:00,1186.0,239.0
2023-03-19 20:30:29.727000+00:00,1187.0,238.0
2023-03-19 20:30:34.727000+00:00,1189.0,479.0
2023-03-19 20:30:39.727000+00:00,1191.0,484.0
2023-03-19 20:30:44.727000+00:00,1191.0,0.0
2023-03-19 20:30:49.727000+00:00,1192.0,240.0
2023-03-19 20:30:54.727000+00:00,1193.0,242.0
2023-03-19 20:30:59.727000+00:00,1199.0,1431.0
2023-03-19 20:31:04.727000+00:00,1201.0,485.0
2023-03-19 20:31:09.727000+00:00,1201.0,0.0
2023-03-19 20:31:14.727000+00:00,1202.0,242.0
2023-03-19 20:31:19.727000+00:00,1202.0,0.0
2023-03-19 20:31:24.727000+00:00,1202.0,0.0
2023-03-19 20:31:29.727000+00:00,1202.0,0.0
2023-03-19 20:31:34.727000+00:00,1204.0,490.0
2023-03-19 20:31:39.727000+00:00,1204.0,0.0
2023-03-19 20:31:44.727000+00:00,1205.0,241.0
2023-03-19 20:31:49.727000+00:00,1205.0,0.0
2023-03-19 20:31:54.727000+00:00,1205.0,0.0
2023-03-19 20:31:59.727000+00:00,1207.0,480.0
2023-03-19 20:32:04.727000+00:00,1209.0,488.0
2023-03-19 20:32:09.727000+00:00,1210.0,251.0
2023-03-19 20:32:14.727000+00:00,1216.0,1435.0
2023-03-19 20:32:19.727000+00:00,1219.0,701.0
2023-03-19 20:32:24.727000+00:00,1220.0,239.0
2023-03-19 20:32:29.727000+00:00,1223.0,721.0
2023-03-19 20:32:34.727000+00:00,1224.0,238.0
2023-03-19 20:32:39.727000+00:00,1224.0,0.0
2023-03-19 20:32:44.727000+00:00,1225.0,240.0
2023-03-19 20:32:49.727000+00:00,1225.0,0.0
2023-03-19 20:32:54.727000+00:00,1225.0,0.0
2023-03-19 20:32:59.727000+00:00,1227.0,486.0
2023-03-19 20:33:04.727000+00:00,1229.0,479.0
2023-03-19 20:33:09.727000+00:00,1231.0,477.0
2023-03-19 20:33:14.727000+00:00,1232.0,250.0
2023-03-19 20:33:19.727000+00:00,1234.0,487.0
2023-03-19 20:33:24.727000+00:00,1234.0,0.0
2023-03-19 20:33:29.727000+00:00,1236.0,481.0
2023-03-19 20:33:34.727000+00:00,1236.0,0.0
2023-03-19 20:33:39.727000+00:00,1236.0,0.0
2023-03-19 20:33:44.727000+00:00,1239.0,720.0
2023-03-19 20:33:49.727000+00:00,1240.0,241.0
2023-03-19 20:33:54.727000+00:00,1243.0,728.0
2023-03-19 20:33:59.727000+00:00,1248.0,1211.0
2023-03-19 20:34:04.727000+00:00,1248.0,0.0
2023-03-19 20:34:09.727000+00:00,1253.0,1202.0
2023-03-19 20:34:14.727000+00:00,1256.0,713.0
2023-03-19 20:34:19.727000+00:00,1257.0,237.0
2023-03-19 20:34:24.727000+00:00,1263.0,1422.0
2023-03-19 20:34:29.727000+00:00,1266.0,727.0
2023-03-19 20:34:34.727000+00:00,1266.0,0.0
2023-03-19 20:34:39.727000+00:00,1267.0,238.0
2023-03-19 20:34:44.727000+00:00,1268.0,238.0
2023-03-19 20:34:49.727000+00:00,1269.0,239.0
2023-03-19 20:34:54.727000+00:00,1269.0,0.0
2023-03-19 20:34:59.727000+00:00,1273.0,971.0
2023-03-19 20:35:04.727000+00:00,1274.0,242.0
2023-03-19 20:35:09.727000+00:00,1274.0,0.0
2023-03-19 20:35:14.727000+00:00,1275.0,240.0
2023-03-19 20:35:19.727000+00:00,1275.0,0.0
2023-03-19 20:35:24.727000+00:00,1276.0,242.0
2023-03-19 20:35:29.727000+00:00,1277.0,239.0
2023-03-19 20:35:34.727000+00:00,1277.0,0.0
2023-03-19 20:35:39.727000+00:00,1278.0,243.0
2023-03-19 20:35:44.727000+00:00,1281.0,718.0
2023-03-19 20:35:49.727000+00:00,1283.0,493.0
2023-03-19 20:35:54.727000+00:00,1284.0,240.0
2023-03-19 20:35:59.727000+00:00,1284.0,0.0
2023-03-19 20:36:04.727000+00:00,1286.0,473.0
2023-03-19 20:36:09.727000+00:00,1289.0,729.0
2023-03-19 20:36:14.727000+00:00,1293.0,976.0
2023-03-19 20:36:19.727000+00:00,1294.0,250.0
2023-03-19 20:36:24.727000+00:00,1296.0,484.0
2023-03-19 20:36:29.727000+00:00,1301.0,1196.0
2023-03-19 20:36:34.727000+00:00,1304.0,717.0
2023-03-19 20:36:39.727000+00:00,1304.0,0.0
2023-03-19 20:36:44.727000+00:00,1304.0,0.0
2023-03-19 20:36:49.727000+00:00,1304.0,0.0
2023-03-19 20:36:54.727000+00:00,1305.0,239.0
2023-03-19 20:36:59.727000+00:00,1306.0,241.0
2023-03-19 20:37:04.727000+00:00,1307.0,239.0
2023-03-19 20:37:09.727000+00:00,1307.0,0.0
2023-03-19 20:37:14.727000+00:00,1307.0,0.0
2023-03-19 20:37:19.727000+00:00,1310.0,717.0
2023-03-19 20:37:24.727000+00:00,1314.0,960.0
2023-03-19 20:37:29.727000+00:00,1314.0,0.0
2023-03-19 20:37:34.727000+00:00,1314.0,0.0
2023-03-19 20:37:39.727000+00:00,1316.0,486.0
2023-03-19 20:37:44.727000+00:00,1318.0,476.0
2023-03-19 20:37:49.727000+00:00,1320.0,477.0
2023-03-19 20:37:54.727000+00:00,1322.0,477.0
2023-03-19 20:37:59.727000+00:00,1323.0,242.0
2023-03-19 20:38:04.727000+00:00,1325.0,490.0
2023-03-19 20:38:09.727000+00:00,1327.0,480.0
2023-03-19 20:38:14.727000+00:00,1327.0,0.0
2023-03-19 20:38:19.727000+00:00,1333.0,1457.0
2023-03-19 20:38:24.727000+00:00,1335.0,479.0
2023-03-19 20:38:29.727000+00:00,1338.0,709.0
2023-03-19 20:38:34.727000+00:00,1340.0,480.0
2023-03-19 20:38:39.727000+00:00,1341.0,239.0
2023-03-19 20:38:44.727000+00:00,1342.0,248.0
2023-03-19 20:38:49.727000+00:00,1342.0,0.0
2023-03-19 20:38:54.727000+00:00,1343.0,249.0
2023-03-19 20:38:59.727000+00:00,1344.0,238.0
2023-03-19 20:39:04.727000+00:00,1344.0,0.0
2023-03-19 20:39:09.727000+00:00,1344.0,0.0
2023-03-19 20:39:14.727000+00:00,1347.0,708.0
2023-03-19 20:39:19.727000+00:00,1348.0,244.0
2023-03-19 20:39:24.727000+00:00,1349.0,237.0
2023-03-19 20:39:29.727000+00:00,1350.0,240.0
2023-03-19 20:39:34.727000+00:00,1352.0,478.0
2023-03-19 20:39:39.727000+00:00,1355.0,742.0
2023-03-19 20:39:44.727000+00:00,1356.0,241.0
2023-03-19 20:39:49.727000+00:00,1357.0,238.0
2023-03-19 20:39:54.727000+00:00,1360.0,706.0
2023-03-19 20:39:59.727000+00:00,1360.0,0.0
2023-03-19 20:40:04.727000+00:00,1362.0,478.0
2023-03-19 20:40:09.727000+00:00,1366.0,952.0
2023-03-19 20:40:14.727000+00:00,1370.0,957.0
2023-03-19 20:40:19.727000+00:00,1372.0,488.0
2023-03-19 20:40:24.727000+00:00,1373.0,239.0
2023-03-19 20:40:29.727000+00:00,1375.0,473.0
2023-03-19 20:40:34.727000+00:00,1376.0,239.0
2023-03-19 20:40:39.727000+00:00,1379.0,715.0
2023-03-19 20:40:44.727000+00:00,1382.0,712.0
2023-03-19 20:40:49.727000+00:00,1382.0,0.0
2023-03-19 20:40:54.727000+00:00,1383.0,237.0
2023-03-19 20:40:59.727000+00:00,1385.0,477.0
2023-03-19 20:41:04.727000+00:00,1385.0,0.0
2023-03-19 20:41:09.727000+00:00,1385.0,0.0
2023-03-19 20:41:14.727000+00:00,1385.0,0.0
2023-03-19 20:41:19.727000+00:00,1388.0,731.0
2023-03-19 20:41:24.727000+00:00,1391.0,721.0
2023-03-19 20:41:29.727000+00:00,1392.0,237.0
2023-03-19 20:41:34.727000+00:00,1393.0,240.0
2023-03-19 20:41:39.727000+00:00,1393.0,0.0
2023-03-19 20:41:44.727000+00:00,1395.0,478.0
2023-03-19 20:41:49.727000+00:00,1396.0,241.0
2023-03-19 20:41:54.727000+00:00,1397.0,240.0
2023-03-19 20:41:59.727000+00:00,1399.0,473.0
2023-03-19 20:42:04.727000+00:00,1401.0,491.0
2023-03-19 20:42:09.727000+00:00,1403.0,472.0
2023-03-19 20:42:14.727000+00:00,1404.0,240.0
2023-03-19 20:42:19.727000+00:00,1405.0,236.0
2023-03-19 20:42:24.727000+00:00,1407.0,489.0
2023-03-19 20:42:29.727000+00:00,1407.0,0.0
2023-03-19 20:42:34.727000+00:00,1410.0,714.0
2023-03-19 20:42:39.727000+00:00,1411.0,244.0
2023-03-19 20:42:44.727000+00:00,1412.0,234.0
2023-03-19 20:42:49.727000+00:00,1414.0,483.0
2023-03-19 20:42:54.727000+00:00,1415.0,236.0
2023-03-19 20:42:59.727000+00:00,1417.0,481.0
2023-03-19 20:43:04.727000+00:00,1418.0,240.0
2023-03-19 20:43:09.727000+00:00,1419.0,240.0
2023-03-19 20:43:14.727000+00:00,1420.0,240.0
2023-03-19 20:43:19.727000+00:00,1422.0,474.0
2023-03-19 20:43:24.727000+00:00,1423.0,242.0
2023-03-19 20:43:29.727000+00:00,1423.0,0.0
2023-03-19 20:43:34.727000+00:00,1424.0,239.0
2023-03-19 20:43:39.727000+00:00,1424.0,0.0
2023-03-19 20:43:44.727000+00:00,1426.0,492.0
2023-03-19 20:43:49.727000+00:00,1427.0,256.0
2023-03-19 20:43:54.727000+00:00,1427.0,0.0
2023-03-19 20:43:59.727000+00:00,1428.0,258.0
2023-03-19 20:44:04.727000+00:00,1428.0,0.0
2023-03-19 20:44:09.727000+00:00,1430.0,491.0
2023-03-19 20:44:14.727000+00:00,1433.0,715.0
2023-03-19 20:44:19.727000+00:00,1433.0,0.0
2023-03-19 20:44:24.727000+00:00,1433.0,0.0
2023-03-19 20:44:29.727000+00:00,1436.0,724.0
2023-03-19 20:44:34.727000+00:00,1439.0,713.0
2023-03-19 20:44:39.727000+00:00,1441.0,478.0
2023-03-19 20:44:44.727000+00:00,1443.0,475.0
2023-03-19 20:44:49.727000+00:00,1443.0,0.0
2023-03-19 20:44:54.727000+00:00,1443.0,0.0
2023-03-19 20:44:59.727000+00:00,1443.0,0.0
2023-03-19 20:45:04.727000+00:00,1447.0,967.0
2023-03-19 20:45:09.727000+00:00,1451.0,955.0
2023-03-19 20:45:14.727000+00:00,1452.0,247.0
2023-03-19 20:45:19.727000+00:00,1452.0,0.0
2023-03-19 20:45:24.727000+00:00,1452.0,0.0
2023-03-19 20:45:29.727000+00:00,1453.0,239.0
2023-03-19 20:45:34.727000+00:00,1456.0,724.0
2023-03-19 20:45:39.727000+00:00,1456.0,0.0
2023-03-19 20:45:44.727000+00:00,1457.0,241.0
2023-03-19 20:45:49.727000+00:00,1458.0,237.0
2023-03-19 20:45:54.727000+00:00,1460.0,490.0
2023-03-19 20:45:59.727000+00:00,1461.0,240.0
2023-03-19 20:46:04.727000+00:00,1461.0,0.0
2023-03-19 20:46:09.727000+00:00,1461.0,0.0
2023-03-19 20:46:14.727000+00:00,1463.0,479.0
2023-03-19 20:46:19.727000+00:00,1466.0,727.0
2023-03-19 20:46:24.727000+00:00,1467.0,239.0
2023-03-19 20:46:29.727000+00:00,1468.0,239.0
2023-03-19 20:46:34.727000+00:00,1473.0,1208.0
2023-03-19 20:46:39.727000+00:00,1476.0,712.0
2023-03-19 20:46:44.727000+00:00,1477.0,239.0
2023-03-19 20:46:49.727000+00:00,1478.0,246.0
2023-03-19 20:46:54.727000+00:00,1480.0,497.0
2023-03-19 20:46:59.727000+00:00,1481.0,240.0
2023-03-19 20:47:04.727000+00:00,1481.0,0.0
2023-03-19 20:47:09.727000+00:00,1482.0,256.0
2023-03-19 20:47:14.727000+00:00,1482.0,0.0
2023-03-19 20:47:19.727000+00:00,1485.0,727.0
2023-03-19 20:47:24.727000+00:00,1486.0,239.0
2023-03-19 20:47:29.727000+00:00,1490.0,963.0
2023-03-19 20:47:34.727000+00:00,1491.0,238.0
2023-03-19 20:47:39.727000+00:00,1491.0,0.0
2023-03-19 20:47:44.727000+00:00,1491.0,0.0
2023-03-19 20:47:49.727000+00:00,1493.0,479.0
2023-03-19 20:47:54.727000+00:00,1496.0,712.0
2023-03-19 20:47:59.727000+00:00,1496.0,0.0
2023-03-19 20:48:04.727000+00:00,1496.0,0.0
2023-03-19 20:48:09.727000+00:00,1498.0,477.0
2023-03-19 20:48:14.727000+00:00,1499.0,238.0
2023-03-19 20:48:19.727000+00:00,1500.0,238.0
2023-03-19 20:48:24.727000+00:00,1500.0,0.0
2023-03-19 20:48:29.727000+00:00,1504.0,944.0
2023-03-19 20:48:34.727000+00:00,1505.0,237.0
2023-03-19 20:48:39.727000+00:00,1506.0,238.0
2023-03-19 20:48:44.727000+00:00,1506.0,0.0
2023-03-19 20:48:49.727000+00:00,1508.0,489.0
2023-03-19 20:48:54.727000+00:00,1509.0,242.0
2023-03-19 20:48:59.727000+00:00,1510.0,240.0
2023-03-19 20:49:04.727000+00:00,1512.0,481.0
2023-03-19 20:49:09.727000+00:00,1514.0,480.0
2023-03-19 20:49:14.727000+00:00,1514.0,0.0
2023-03-19 20:49:19.727000+00:00,1516.0,473.0
2023-03-19 20:49:24.727000+00:00,1517.0,244.0
2023-03-19 20:49:29.727000+00:00,1519.0,490.0
2023-03-19 20:49:34.727000+00:00,1521.0,492.0
2023-03-19 20:49:39.727000+00:00,1524.0,716.0
2023-03-19 20:49:44.727000+00:00,1525.0,238.0
2023-03-19 20:49:49.727000+00:00,1526.0,239.0
2023-03-19 20:49:54.727000+00:00,1527.0,241.0
2023-03-19 20:49:59.727000+00:00,1528.0,236.0
2023-03-19 20:50:04.727000+00:00,1529.0,241.0
2023-03-19 20:50:09.727000+00:00,1530.0,242.0
2023-03-19 20:50:14.727000+00:00,1530.0,0.0
2023-03-19 20:50:19.727000+00:00,1530.0,0.0
2023-03-19 20:50:24.727000+00:00,1530.0,0.0
2023-03-19 20:50:29.727000+00:00,1531.0,240.0
2023-03-19 20:50:34.727000+00:00,1533.0,477.0
2023-03-19 20:50:39.727000+00:00,1533.0,0.0
2023-03-19 20:50:44.727000+00:00,1533.0,0.0
2023-03-19 20:50:49.727000+00:00,1533.0,0.0
2023-03-19 20:50:54.727000+00:00,1534.0,237.0
2023-03-19 20:50:59.727000+00:00,1536.0,495.0
2023-03-19 20:51:04.727000+00:00,1539.0,713.0
2023-03-19 20:51:09.727000+00:00,1541.0,487.0
2023-03-19 20:51:14.727000+00:00,1545.0,956.0
2023-03-19 20:51:19.727000+00:00,1548.0,724.0
2023-03-19 20:51:24.727000+00:00,1550.0,501.0
2023-03-19 20:51:29.727000+00:00,1552.0,471.0
2023-03-19 20:51:34.727000+00:00,1553.0,238.0
2023-03-19 20:51:39.727000+00:00,1553.0,0.0
2023-03-19 20:51:44.727000+00:00,1553.0,0.0
2023-03-19 20:51:49.727000+00:00,1557.0,956.0
2023-03-19 20:51:54.727000+00:00,1557.0,0.0
2023-03-19 20:51:59.727000+00:00,1557.0,0.0
2023-03-19 20:52:04.727000+00:00,1557.0,0.0
2023-03-19 20:52:09.727000+00:00,1557.0,0.0
2023-03-19 20:52:14.727000+00:00,1558.0,240.0
2023-03-19 20:52:19.727000+00:00,1559.0,240.0
2023-03-19 20:52:24.727000+00:00,1561.0,490.0
2023-03-19 20:52:29.727000+00:00,1563.0,471.0
2023-03-19 20:52:34.727000+00:00,1565.0,478.0
2023-03-19 20:52:39.727000+00:00,1566.0,239.0
2023-03-19 20:52:44.727000+00:00,1567.0,244.0
2023-03-19 20:52:49.727000+00:00,1568.0,240.0
2023-03-19 20:52:54.727000+00:00,1568.0,0.0
2023-03-19 20:52:59.727000+00:00,1570.0,473.0
2023-03-19 20:53:04.727000+00:00,1570.0,0.0
2023-03-19 20:53:09.727000+00:00,1573.0,712.0
2023-03-19 20:53:14.727000+00:00,1578.0,1191.0
2023-03-19 20:53:19.727000+00:00,1581.0,723.0
2023-03-19 20:53:24.727000+00:00,1584.0,723.0
2023-03-19 20:53:29.727000+00:00,1584.0,0.0
2023-03-19 20:53:34.727000+00:00,1585.0,262.0
2023-03-19 20:53:39.727000+00:00,1586.0,236.0
2023-03-19 20:53:44.727000+00:00,1589.0,705.0
2023-03-19 20:53:49.727000+00:00,1591.0,481.0
2023-03-19 20:53:54.727000+00:00,1592.0,242.0
2023-03-19 20:53:59.727000+00:00,1592.0,0.0
2023-03-19 20:54:04.727000+00:00,1593.0,240.0
2023-03-19 20:54:09.727000+00:00,1595.0,476.0
2023-03-19 20:54:14.727000+00:00,1595.0,0.0
2023-03-19 20:54:19.727000+00:00,1595.0,0.0
2023-03-19 20:54:24.727000+00:00,1598.0,725.0
2023-03-19 20:54:29.727000+00:00,1599.0,241.0
2023-03-19 20:54:34.727000+00:00,1600.0,253.0
2023-03-19 20:54:39.727000+00:00,1600.0,0.0
2023-03-19 20:54:44.727000+00:00,1600.0,0.0
2023-03-19 20:54:49.727000+00:00,1602.0,480.0
2023-03-19 20:54:54.727000+00:00,1603.0,241.0
2023-03-19 20:54:59.727000+00:00,1604.0,237.0
2023-03-19 20:55:04.727000+00:00,1605.0,240.0
2023-03-19 20:55:09.727000+00:00,1607.0,482.0
2023-03-19 20:55:14.727000+00:00,1609.0,476.0
2023-03-19 20:55:19.727000+00:00,1614.0,1192.0
2023-03-19 20:55:24.727000+00:00,1616.0,493.0
2023-03-19 20:55:29.727000+00:00,1618.0,487.0
2023-03-19 20:55:34.727000+00:00,1621.0,706.0
2023-03-19 20:55:39.727000+00:00,1622.0,242.0
2023-03-19 20:55:44.727000+00:00,1622.0,0.0
2023-03-19 20:55:49.727000+00:00,1623.0,240.0
2023-03-19 20:55:54.727000+00:00,1624.0,243.0
2023-03-19 20:55:59.727000+00:00,1626.0,480.0
2023-03-19 20:56:04.727000+00:00,1628.0,503.0
2023-03-19 20:56:09.727000+00:00,1629.0,240.0
2023-03-19 20:56:14.727000+00:00,1629.0,0.0
2023-03-19 20:56:19.727000+00:00,1629.0,0.0
2023-03-19 20:56:24.727000+00:00,1630.0,239.0
2023-03-19 20:56:29.727000+00:00,1631.0,237.0
2023-03-19 20:56:34.727000+00:00,1633.0,489.0
2023-03-19 20:56:39.727000+00:00,1636.0,721.0
2023-03-19 20:56:44.727000+00:00,1636.0,0.0
2023-03-19 20:56:49.727000+00:00,1637.0,243.0
2023-03-19 20:56:54.727000+00:00,1638.0,237.0
2023-03-19 20:56:59.727000+00:00,1638.0,0.0
2023-03-19 20:57:04.727000+00:00,1640.0,482.0
2023-03-19 20:57:09.727000+00:00,1643.0,715.0
2023-03-19 20:57:14.727000+00:00,1644.0,251.0
2023-03-19 20:57:19.727000+00:00,1648.0,960.0
2023-03-19 20:57:24.727000+00:00,1649.0,240.0
2023-03-19 20:57:29.727000+00:00,1650.0,242.0
2023-03-19 20:57:34.727000+00:00,1652.0,478.0
2023-03-19 20:57:39.727000+00:00,1654.0,484.0
2023-03-19 20:57:44.727000+00:00,1657.0,731.0
2023-03-19 20:57:49.727000+00:00,1659.0,480.0
2023-03-19 20:57:54.727000+00:00,1661.0,480.0
2023-03-19 20:57:59.727000+00:00,1663.0,491.0
2023-03-19 20:58:04.727000+00:00,1664.0,254.0
2023-03-19 20:58:09.727000+00:00,1666.0,479.0
2023-03-19 20:58:14.727000+00:00,1666.0,0.0
2023-03-19 20:58:19.727000+00:00,1667.0,239.0
2023-03-19 20:58:24.727000+00:00,1670.0,728.0
2023-03-19 20:58:29.727000+00:00,1672.0,478.0
2023-03-19 20:58:34.727000+00:00,1674.0,476.0
2023-03-19 20:58:39.727000+00:00,1675.0,238.0
2023-03-19 20:58:44.727000+00:00,1675.0,0.0
2023-03-19 20:58:49.727000+00:00,1677.0,479.0
2023-03-19 20:58:54.727000+00:00,1678.0,238.0
2023-03-19 20:58:59.727000+00:00,1681.0,711.0
2023-03-19 20:59:04.727000+00:00,1686.0,1211.0
2023-03-19 20:59:09.727000+00:00,1687.0,237.0
2023-03-19 20:59:14.727000+00:00,1688.0,256.0
2023-03-19 20:59:19.727000+00:00,1689.0,238.0
2023-03-19 20:59:24.727000+00:00,1691.0,477.0
2023-03-19 20:59:29.727000+00:00,1692.0,237.0
2023-03-19 20:59:34.727000+00:00,1694.0,488.0
2023-03-19 20:59:39.727000+00:00,1695.0,238.0
2023-03-19 20:59:44.727000+00:00,1696.0,239.0
2023-03-19 20:59:49.727000+00:00,1697.0,251.0
2023-03-19 20:59:54.727000+00:00,1698.0,238.0
2023-03-19 20:59:59.727000+00:00,1704.0,1436.0
2023-03-19 21:00:04.727000+00:00,1705.0,239.0
2023-03-19 21:00:09.727000+00:00,1706.0,236.0
2023-03-19 21:00:14.727000+00:00,1707.0,237.0
2023-03-19 21:00:19.727000+00:00,1708.0,238.0
2023-03-19 21:00:24.727000+00:00,1708.0,0.0
2023-03-19 21:00:29.727000+00:00,1710.0,477.0
2023-03-19 21:00:34.727000+00:00,1712.0,480.0
2023-03-19 21:00:39.727000+00:00,1713.0,239.0
2023-03-19 21:00:44.727000+00:00,1713.0,0.0
2023-03-19 21:00:49.727000+00:00,1716.0,737.0
2023-03-19 21:00:54.727000+00:00,1717.0,243.0
2023-03-19 21:00:59.727000+00:00,1719.0,484.0
2023-03-19 21:01:04.727000+00:00,1720.0,256.0
2023-03-19 21:01:09.727000+00:00,1724.0,956.0
2023-03-19 21:01:14.727000+00:00,1727.0,713.0
2023-03-19 21:01:19.727000+00:00,1727.0,0.0
2023-03-19 21:01:24.727000+00:00,1728.0,238.0
2023-03-19 21:01:29.727000+00:00,1729.0,236.0
2023-03-19 21:01:34.727000+00:00,1730.0,253.0
2023-03-19 21:01:39.727000+00:00,1730.0,0.0
2023-03-19 21:01:44.727000+00:00,1731.0,239.0
2023-03-19 21:01:49.727000+00:00,1731.0,0.0
2023-03-19 21:01:54.727000+00:00,1733.0,479.0
2023-03-19 21:01:59.727000+00:00,1735.0,476.0
2023-03-19 21:02:04.727000+00:00,1736.0,242.0
2023-03-19 21:02:09.727000+00:00,1737.0,256.0
2023-03-19 21:02:14.727000+00:00,1739.0,471.0
2023-03-19 21:02:19.727000+00:00,1739.0,0.0
2023-03-19 21:02:24.727000+00:00,1740.0,239.0
2023-03-19 21:02:29.727000+00:00,1740.0,0.0
2023-03-19 21:02:34.727000+00:00,1741.0,240.0
2023-03-19 21:02:39.727000+00:00,1741.0,0.0
2023-03-19 21:02:44.727000+00:00,1741.0,0.0
2023-03-19 21:02:49.727000+00:00,1741.0,0.0
2023-03-19 21:02:54.727000+00:00,1744.0,728.0
2023-03-19 21:02:59.727000+00:00,1745.0,239.0
2023-03-19 21:03:04.727000+00:00,1748.0,721.0
2023-03-19 21:03:09.727000+00:00,1751.0,737.0
2023-03-19 21:03:14.727000+00:00,1751.0,0.0
2023-03-19 21:03:19.727000+00:00,1755.0,977.0
2023-03-19 21:03:24.727000+00:00,1758.0,717.0
2023-03-19 21:03:29.727000+00:00,1759.0,239.0
2023-03-19 21:03:34.727000+00:00,1760.0,239.0
2023-03-19 21:03:39.727000+00:00,1760.0,0.0
2023-03-19 21:03:44.727000+00:00,1762.0,493.0
2023-03-19 21:03:49.727000+00:00,1762.0,0.0
2023-03-19 21:03:54.727000+00:00,1763.0,240.0
2023-03-19 21:03:59.727000+00:00,1764.0,239.0
2023-03-19 21:04:04.727000+00:00,1765.0,243.0
2023-03-19 21:04:09.727000+00:00,1765.0,0.0
2023-03-19 21:04:14.727000+00:00,1765.0,0.0
2023-03-19 21:04:19.727000+00:00,1770.0,1184.0
2023-03-19 21:04:24.727000+00:00,1772.0,478.0
2023-03-19 21:04:29.727000+00:00,1772.0,0.0
2023-03-19 21:04:34.727000+00:00,1772.0,0.0
2023-03-19 21:04:39.727000+00:00,1772.0,0.0
2023-03-19 21:04:44.727000+00:00,1772.0,0.0
2023-03-19 21:04:49.727000+00:00,1773.0,239.0
2023-03-19 21:04:54.727000+00:00,1774.0,242.0
2023-03-19 21:04:59.727000+00:00,1774.0,0.0
