timestamp,rt_dispatch_get_rabbitmq_count,rt_dispatch_get_rabbitmq_sum
2023-03-21 04:41:02.169000+00:00,4.0,
2023-03-21 04:41:07.169000+00:00,6.0,0.0
2023-03-21 04:41:12.169000+00:00,6.0,0.0
2023-03-21 04:41:17.169000+00:00,6.0,0.0
2023-03-21 04:41:22.169000+00:00,8.0,0.0
2023-03-21 04:41:27.169000+00:00,10.0,0.0
2023-03-21 04:41:32.169000+00:00,10.0,0.0
2023-03-21 04:41:37.169000+00:00,12.0,0.0
2023-03-21 04:41:42.169000+00:00,13.0,0.0
2023-03-21 04:41:47.169000+00:00,13.0,0.0
2023-03-21 04:41:52.169000+00:00,17.0,0.0
2023-03-21 04:41:57.169000+00:00,19.0,0.0
2023-03-21 04:42:02.169000+00:00,21.0,0.0
2023-03-21 04:42:07.169000+00:00,25.0,0.0
2023-03-21 04:42:12.169000+00:00,25.0,0.0
2023-03-21 04:42:17.169000+00:00,32.0,0.0
2023-03-21 04:42:22.169000+00:00,33.0,0.0
2023-03-21 04:42:27.169000+00:00,35.0,0.0
2023-03-21 04:42:32.169000+00:00,35.0,0.0
2023-03-21 04:42:37.169000+00:00,35.0,0.0
2023-03-21 04:42:42.169000+00:00,35.0,0.0
2023-03-21 04:42:47.169000+00:00,36.0,0.0
2023-03-21 04:42:52.169000+00:00,36.0,0.0
2023-03-21 04:42:57.169000+00:00,36.0,0.0
2023-03-21 04:43:02.169000+00:00,37.0,0.0
2023-03-21 04:43:07.169000+00:00,39.0,0.0
2023-03-21 04:43:12.169000+00:00,39.0,0.0
2023-03-21 04:43:17.169000+00:00,39.0,0.0
2023-03-21 04:43:22.169000+00:00,42.0,0.0
2023-03-21 04:43:27.169000+00:00,43.0,0.0
2023-03-21 04:43:32.169000+00:00,44.0,0.0
2023-03-21 04:43:37.169000+00:00,45.0,0.0
2023-03-21 04:43:42.169000+00:00,48.0,1.0
2023-03-21 04:43:47.169000+00:00,48.0,0.0
2023-03-21 04:43:52.169000+00:00,51.0,0.0
2023-03-21 04:43:57.169000+00:00,55.0,0.0
2023-03-21 04:44:02.169000+00:00,56.0,0.0
2023-03-21 04:44:07.169000+00:00,57.0,0.0
2023-03-21 04:44:12.169000+00:00,60.0,0.0
2023-03-21 04:44:17.169000+00:00,63.0,0.0
2023-03-21 04:44:22.169000+00:00,64.0,0.0
2023-03-21 04:44:27.169000+00:00,64.0,0.0
2023-03-21 04:44:32.169000+00:00,67.0,0.0
2023-03-21 04:44:37.169000+00:00,68.0,0.0
2023-03-21 04:44:42.169000+00:00,70.0,0.0
2023-03-21 04:44:47.169000+00:00,71.0,0.0
2023-03-21 04:44:52.169000+00:00,72.0,0.0
2023-03-21 04:44:57.169000+00:00,72.0,0.0
2023-03-21 04:45:02.169000+00:00,74.0,0.0
2023-03-21 04:45:07.169000+00:00,74.0,0.0
2023-03-21 04:45:12.169000+00:00,74.0,0.0
2023-03-21 04:45:17.169000+00:00,78.0,0.0
2023-03-21 04:45:22.169000+00:00,80.0,0.0
2023-03-21 04:45:27.169000+00:00,84.0,0.0
2023-03-21 04:45:32.169000+00:00,86.0,0.0
2023-03-21 04:45:37.169000+00:00,87.0,0.0
2023-03-21 04:45:42.169000+00:00,87.0,0.0
2023-03-21 04:45:47.169000+00:00,87.0,0.0
2023-03-21 04:45:52.169000+00:00,92.0,0.0
2023-03-21 04:45:57.169000+00:00,93.0,0.0
2023-03-21 04:46:02.169000+00:00,94.0,0.0
2023-03-21 04:46:07.169000+00:00,97.0,0.0
2023-03-21 04:46:12.169000+00:00,99.0,0.0
2023-03-21 04:46:17.169000+00:00,102.0,0.0
2023-03-21 04:46:22.169000+00:00,103.0,0.0
2023-03-21 04:46:27.169000+00:00,105.0,0.0
2023-03-21 04:46:32.169000+00:00,107.0,0.0
2023-03-21 04:46:37.169000+00:00,108.0,0.0
2023-03-21 04:46:42.169000+00:00,109.0,0.0
2023-03-21 04:46:47.169000+00:00,109.0,0.0
2023-03-21 04:46:52.169000+00:00,112.0,1.0
2023-03-21 04:46:57.169000+00:00,113.0,0.0
2023-03-21 04:47:02.169000+00:00,114.0,0.0
2023-03-21 04:47:07.169000+00:00,114.0,0.0
2023-03-21 04:47:12.169000+00:00,115.0,0.0
2023-03-21 04:47:17.169000+00:00,116.0,0.0
2023-03-21 04:47:22.169000+00:00,118.0,0.0
2023-03-21 04:47:27.169000+00:00,119.0,0.0
2023-03-21 04:47:32.169000+00:00,123.0,0.0
2023-03-21 04:47:37.169000+00:00,125.0,0.0
2023-03-21 04:47:42.169000+00:00,125.0,0.0
2023-03-21 04:47:47.169000+00:00,126.0,0.0
2023-03-21 04:47:52.169000+00:00,128.0,0.0
2023-03-21 04:47:57.169000+00:00,129.0,0.0
2023-03-21 04:48:02.169000+00:00,131.0,0.0
2023-03-21 04:48:07.169000+00:00,133.0,0.0
2023-03-21 04:48:12.169000+00:00,134.0,0.0
2023-03-21 04:48:17.169000+00:00,136.0,0.0
2023-03-21 04:48:22.169000+00:00,138.0,0.0
2023-03-21 04:48:27.169000+00:00,138.0,0.0
2023-03-21 04:48:32.169000+00:00,138.0,0.0
2023-03-21 04:48:37.169000+00:00,141.0,0.0
2023-03-21 04:48:42.169000+00:00,142.0,0.0
2023-03-21 04:48:47.169000+00:00,144.0,0.0
2023-03-21 04:48:52.169000+00:00,144.0,0.0
2023-03-21 04:48:57.169000+00:00,145.0,0.0
2023-03-21 04:49:02.169000+00:00,147.0,0.0
2023-03-21 04:49:07.169000+00:00,148.0,0.0
2023-03-21 04:49:12.169000+00:00,149.0,0.0
2023-03-21 04:49:17.169000+00:00,151.0,0.0
2023-03-21 04:49:22.169000+00:00,151.0,0.0
2023-03-21 04:49:27.169000+00:00,152.0,0.0
2023-03-21 04:49:32.169000+00:00,153.0,0.0
2023-03-21 04:49:37.169000+00:00,155.0,0.0
2023-03-21 04:49:42.169000+00:00,156.0,0.0
2023-03-21 04:49:47.169000+00:00,158.0,0.0
2023-03-21 04:49:52.169000+00:00,159.0,0.0
2023-03-21 04:49:57.169000+00:00,162.0,0.0
2023-03-21 04:50:02.169000+00:00,162.0,0.0
2023-03-21 04:50:07.169000+00:00,164.0,0.0
2023-03-21 04:50:12.169000+00:00,165.0,0.0
2023-03-21 04:50:17.169000+00:00,168.0,0.0
2023-03-21 04:50:22.169000+00:00,168.0,0.0
2023-03-21 04:50:27.169000+00:00,168.0,0.0
2023-03-21 04:50:32.169000+00:00,169.0,0.0
2023-03-21 04:50:37.169000+00:00,169.0,0.0
2023-03-21 04:50:42.169000+00:00,173.0,0.0
2023-03-21 04:50:47.169000+00:00,175.0,0.0
2023-03-21 04:50:52.169000+00:00,177.0,0.0
2023-03-21 04:50:57.169000+00:00,178.0,0.0
2023-03-21 04:51:02.169000+00:00,180.0,0.0
2023-03-21 04:51:07.169000+00:00,181.0,0.0
2023-03-21 04:51:12.169000+00:00,181.0,0.0
2023-03-21 04:51:17.169000+00:00,182.0,0.0
2023-03-21 04:51:22.169000+00:00,182.0,0.0
2023-03-21 04:51:27.169000+00:00,184.0,0.0
2023-03-21 04:51:32.169000+00:00,184.0,0.0
2023-03-21 04:51:37.169000+00:00,186.0,0.0
2023-03-21 04:51:42.169000+00:00,188.0,0.0
2023-03-21 04:51:47.169000+00:00,188.0,0.0
2023-03-21 04:51:52.169000+00:00,191.0,0.0
2023-03-21 04:51:57.169000+00:00,195.0,0.0
2023-03-21 04:52:02.169000+00:00,195.0,0.0
2023-03-21 04:52:07.169000+00:00,196.0,0.0
2023-03-21 04:52:12.169000+00:00,197.0,0.0
2023-03-21 04:52:17.169000+00:00,199.0,0.0
2023-03-21 04:52:22.169000+00:00,202.0,0.0
2023-03-21 04:52:27.169000+00:00,202.0,0.0
2023-03-21 04:52:32.169000+00:00,203.0,0.0
2023-03-21 04:52:37.169000+00:00,203.0,0.0
2023-03-21 04:52:42.169000+00:00,203.0,0.0
2023-03-21 04:52:47.169000+00:00,204.0,0.0
2023-03-21 04:52:52.169000+00:00,204.0,0.0
2023-03-21 04:52:57.169000+00:00,208.0,0.0
2023-03-21 04:53:02.169000+00:00,211.0,0.0
2023-03-21 04:53:07.169000+00:00,212.0,0.0
2023-03-21 04:53:12.169000+00:00,213.0,0.0
2023-03-21 04:53:17.169000+00:00,214.0,0.0
2023-03-21 04:53:22.169000+00:00,214.0,0.0
2023-03-21 04:53:27.169000+00:00,216.0,0.0
2023-03-21 04:53:32.169000+00:00,216.0,0.0
2023-03-21 04:53:37.169000+00:00,217.0,0.0
2023-03-21 04:53:42.169000+00:00,217.0,0.0
2023-03-21 04:53:47.169000+00:00,217.0,0.0
2023-03-21 04:53:52.169000+00:00,217.0,0.0
2023-03-21 04:53:57.169000+00:00,219.0,0.0
2023-03-21 04:54:02.169000+00:00,220.0,0.0
2023-03-21 04:54:07.169000+00:00,222.0,0.0
2023-03-21 04:54:12.169000+00:00,225.0,0.0
2023-03-21 04:54:17.169000+00:00,226.0,0.0
2023-03-21 04:54:22.169000+00:00,226.0,0.0
2023-03-21 04:54:27.169000+00:00,227.0,0.0
2023-03-21 04:54:32.169000+00:00,228.0,0.0
2023-03-21 04:54:37.169000+00:00,229.0,0.0
2023-03-21 04:54:42.169000+00:00,231.0,0.0
2023-03-21 04:54:47.169000+00:00,231.0,0.0
2023-03-21 04:54:52.169000+00:00,232.0,0.0
2023-03-21 04:54:57.169000+00:00,235.0,0.0
2023-03-21 04:55:02.169000+00:00,235.0,0.0
2023-03-21 04:55:07.169000+00:00,237.0,0.0
2023-03-21 04:55:12.169000+00:00,239.0,0.0
2023-03-21 04:55:17.169000+00:00,242.0,0.0
2023-03-21 04:55:22.169000+00:00,242.0,0.0
2023-03-21 04:55:27.169000+00:00,245.0,0.0
2023-03-21 04:55:32.169000+00:00,245.0,0.0
2023-03-21 04:55:37.169000+00:00,246.0,0.0
2023-03-21 04:55:42.169000+00:00,247.0,0.0
2023-03-21 04:55:47.169000+00:00,247.0,0.0
2023-03-21 04:55:52.169000+00:00,250.0,0.0
2023-03-21 04:55:57.169000+00:00,250.0,0.0
2023-03-21 04:56:02.169000+00:00,252.0,0.0
2023-03-21 04:56:07.169000+00:00,252.0,0.0
2023-03-21 04:56:12.169000+00:00,253.0,0.0
2023-03-21 04:56:17.169000+00:00,254.0,0.0
2023-03-21 04:56:22.169000+00:00,255.0,0.0
2023-03-21 04:56:27.169000+00:00,256.0,0.0
2023-03-21 04:56:32.169000+00:00,256.0,0.0
2023-03-21 04:56:37.169000+00:00,256.0,0.0
2023-03-21 04:56:42.169000+00:00,256.0,0.0
2023-03-21 04:56:47.169000+00:00,257.0,0.0
2023-03-21 04:56:52.169000+00:00,259.0,0.0
2023-03-21 04:56:57.169000+00:00,262.0,0.0
2023-03-21 04:57:02.169000+00:00,265.0,0.0
2023-03-21 04:57:07.169000+00:00,265.0,0.0
2023-03-21 04:57:12.169000+00:00,266.0,0.0
2023-03-21 04:57:17.169000+00:00,266.0,0.0
2023-03-21 04:57:22.169000+00:00,267.0,0.0
2023-03-21 04:57:27.169000+00:00,268.0,0.0
2023-03-21 04:57:32.169000+00:00,269.0,0.0
2023-03-21 04:57:37.169000+00:00,272.0,0.0
2023-03-21 04:57:42.169000+00:00,273.0,0.0
2023-03-21 04:57:47.169000+00:00,274.0,0.0
2023-03-21 04:57:52.169000+00:00,274.0,0.0
2023-03-21 04:57:57.169000+00:00,275.0,0.0
2023-03-21 04:58:02.169000+00:00,276.0,0.0
2023-03-21 04:58:07.169000+00:00,277.0,0.0
2023-03-21 04:58:12.169000+00:00,277.0,0.0
2023-03-21 04:58:17.169000+00:00,280.0,0.0
2023-03-21 04:58:22.169000+00:00,280.0,0.0
2023-03-21 04:58:27.169000+00:00,280.0,0.0
2023-03-21 04:58:32.169000+00:00,282.0,0.0
2023-03-21 04:58:37.169000+00:00,284.0,0.0
2023-03-21 04:58:42.169000+00:00,285.0,0.0
2023-03-21 04:58:47.169000+00:00,287.0,0.0
2023-03-21 04:58:52.169000+00:00,290.0,0.0
2023-03-21 04:58:57.169000+00:00,290.0,0.0
2023-03-21 04:59:02.169000+00:00,290.0,0.0
2023-03-21 04:59:07.169000+00:00,296.0,0.0
2023-03-21 04:59:12.169000+00:00,299.0,0.0
2023-03-21 04:59:17.169000+00:00,302.0,0.0
2023-03-21 04:59:22.169000+00:00,303.0,0.0
2023-03-21 04:59:27.169000+00:00,304.0,0.0
2023-03-21 04:59:32.169000+00:00,306.0,0.0
2023-03-21 04:59:37.169000+00:00,309.0,0.0
2023-03-21 04:59:42.169000+00:00,311.0,0.0
2023-03-21 04:59:47.169000+00:00,312.0,0.0
2023-03-21 04:59:52.169000+00:00,314.0,0.0
2023-03-21 04:59:57.169000+00:00,314.0,0.0
2023-03-21 05:00:02.169000+00:00,314.0,0.0
2023-03-21 05:00:07.169000+00:00,314.0,0.0
2023-03-21 05:00:12.169000+00:00,315.0,0.0
2023-03-21 05:00:17.169000+00:00,316.0,0.0
2023-03-21 05:00:22.169000+00:00,317.0,0.0
2023-03-21 05:00:27.169000+00:00,320.0,0.0
2023-03-21 05:00:32.169000+00:00,320.0,0.0
2023-03-21 05:00:37.169000+00:00,320.0,0.0
2023-03-21 05:00:42.169000+00:00,321.0,0.0
2023-03-21 05:00:47.169000+00:00,322.0,0.0
2023-03-21 05:00:52.169000+00:00,324.0,0.0
2023-03-21 05:00:57.169000+00:00,325.0,0.0
2023-03-21 05:01:02.169000+00:00,327.0,0.0
2023-03-21 05:01:07.169000+00:00,329.0,0.0
2023-03-21 05:01:12.169000+00:00,333.0,0.0
2023-03-21 05:01:17.169000+00:00,334.0,0.0
2023-03-21 05:01:22.169000+00:00,335.0,0.0
2023-03-21 05:01:27.169000+00:00,339.0,0.0
2023-03-21 05:01:32.169000+00:00,342.0,0.0
2023-03-21 05:01:37.169000+00:00,342.0,0.0
2023-03-21 05:01:42.169000+00:00,344.0,0.0
2023-03-21 05:01:47.169000+00:00,345.0,0.0
2023-03-21 05:01:52.169000+00:00,346.0,0.0
2023-03-21 05:01:57.169000+00:00,346.0,0.0
2023-03-21 05:02:02.169000+00:00,347.0,0.0
2023-03-21 05:02:07.169000+00:00,347.0,0.0
2023-03-21 05:02:12.169000+00:00,349.0,0.0
2023-03-21 05:02:17.169000+00:00,352.0,0.0
2023-03-21 05:02:22.169000+00:00,353.0,0.0
2023-03-21 05:02:27.169000+00:00,354.0,0.0
2023-03-21 05:02:32.169000+00:00,356.0,0.0
2023-03-21 05:02:37.169000+00:00,357.0,0.0
2023-03-21 05:02:42.169000+00:00,359.0,1.0
2023-03-21 05:02:47.169000+00:00,361.0,0.0
2023-03-21 05:02:52.169000+00:00,362.0,0.0
2023-03-21 05:02:57.169000+00:00,363.0,0.0
2023-03-21 05:03:02.169000+00:00,363.0,0.0
2023-03-21 05:03:07.169000+00:00,365.0,1.0
2023-03-21 05:03:12.169000+00:00,368.0,0.0
2023-03-21 05:03:17.169000+00:00,371.0,0.0
2023-03-21 05:03:22.169000+00:00,372.0,0.0
2023-03-21 05:03:27.169000+00:00,375.0,0.0
2023-03-21 05:03:32.169000+00:00,375.0,0.0
2023-03-21 05:03:37.169000+00:00,377.0,0.0
2023-03-21 05:03:42.169000+00:00,378.0,0.0
2023-03-21 05:03:47.169000+00:00,381.0,0.0
2023-03-21 05:03:52.169000+00:00,382.0,0.0
2023-03-21 05:03:57.169000+00:00,382.0,0.0
2023-03-21 05:04:02.169000+00:00,386.0,0.0
2023-03-21 05:04:07.169000+00:00,388.0,0.0
2023-03-21 05:04:12.169000+00:00,388.0,0.0
2023-03-21 05:04:17.169000+00:00,388.0,0.0
2023-03-21 05:04:22.169000+00:00,390.0,0.0
2023-03-21 05:04:27.169000+00:00,391.0,0.0
2023-03-21 05:04:32.169000+00:00,393.0,0.0
2023-03-21 05:04:37.169000+00:00,394.0,0.0
2023-03-21 05:04:42.169000+00:00,395.0,0.0
2023-03-21 05:04:47.169000+00:00,396.0,0.0
2023-03-21 05:04:52.169000+00:00,401.0,0.0
2023-03-21 05:04:57.169000+00:00,403.0,0.0
2023-03-21 05:05:02.169000+00:00,403.0,0.0
2023-03-21 05:05:07.169000+00:00,405.0,0.0
2023-03-21 05:05:12.169000+00:00,407.0,0.0
2023-03-21 05:05:17.169000+00:00,407.0,0.0
2023-03-21 05:05:22.169000+00:00,407.0,0.0
2023-03-21 05:05:27.169000+00:00,408.0,0.0
2023-03-21 05:05:32.169000+00:00,412.0,0.0
2023-03-21 05:05:37.169000+00:00,415.0,0.0
2023-03-21 05:05:42.169000+00:00,415.0,0.0
2023-03-21 05:05:47.169000+00:00,416.0,0.0
2023-03-21 05:05:52.169000+00:00,418.0,0.0
2023-03-21 05:05:57.169000+00:00,421.0,0.0
2023-03-21 05:06:02.169000+00:00,424.0,0.0
2023-03-21 05:06:07.169000+00:00,426.0,0.0
2023-03-21 05:06:12.169000+00:00,426.0,0.0
2023-03-21 05:06:17.169000+00:00,427.0,0.0
2023-03-21 05:06:22.169000+00:00,429.0,0.0
2023-03-21 05:06:27.169000+00:00,430.0,0.0
2023-03-21 05:06:32.169000+00:00,432.0,0.0
2023-03-21 05:06:37.169000+00:00,433.0,0.0
2023-03-21 05:06:42.169000+00:00,434.0,0.0
2023-03-21 05:06:47.169000+00:00,438.0,0.0
2023-03-21 05:06:52.169000+00:00,440.0,0.0
2023-03-21 05:06:57.169000+00:00,441.0,0.0
2023-03-21 05:07:02.169000+00:00,442.0,0.0
2023-03-21 05:07:07.169000+00:00,442.0,0.0
2023-03-21 05:07:12.169000+00:00,444.0,0.0
2023-03-21 05:07:17.169000+00:00,446.0,0.0
2023-03-21 05:07:22.169000+00:00,446.0,0.0
2023-03-21 05:07:27.169000+00:00,446.0,0.0
2023-03-21 05:07:32.169000+00:00,446.0,0.0
2023-03-21 05:07:37.169000+00:00,447.0,0.0
2023-03-21 05:07:42.169000+00:00,450.0,0.0
2023-03-21 05:07:47.169000+00:00,452.0,0.0
2023-03-21 05:07:52.169000+00:00,455.0,0.0
2023-03-21 05:07:57.169000+00:00,457.0,0.0
2023-03-21 05:08:02.169000+00:00,460.0,0.0
2023-03-21 05:08:07.169000+00:00,460.0,0.0
2023-03-21 05:08:12.169000+00:00,461.0,0.0
2023-03-21 05:08:17.169000+00:00,461.0,0.0
2023-03-21 05:08:22.169000+00:00,462.0,0.0
2023-03-21 05:08:27.169000+00:00,463.0,0.0
2023-03-21 05:08:32.169000+00:00,465.0,0.0
2023-03-21 05:08:37.169000+00:00,467.0,0.0
2023-03-21 05:08:42.169000+00:00,470.0,0.0
2023-03-21 05:08:47.169000+00:00,472.0,0.0
2023-03-21 05:08:52.169000+00:00,474.0,0.0
2023-03-21 05:08:57.169000+00:00,475.0,0.0
2023-03-21 05:09:02.169000+00:00,477.0,0.0
2023-03-21 05:09:07.169000+00:00,478.0,0.0
2023-03-21 05:09:12.169000+00:00,480.0,0.0
2023-03-21 05:09:17.169000+00:00,480.0,0.0
2023-03-21 05:09:22.169000+00:00,481.0,0.0
2023-03-21 05:09:27.169000+00:00,482.0,0.0
2023-03-21 05:09:32.169000+00:00,483.0,0.0
2023-03-21 05:09:37.169000+00:00,483.0,0.0
2023-03-21 05:09:42.169000+00:00,485.0,0.0
2023-03-21 05:09:47.169000+00:00,486.0,0.0
2023-03-21 05:09:52.169000+00:00,488.0,0.0
2023-03-21 05:09:57.169000+00:00,489.0,0.0
2023-03-21 05:10:02.169000+00:00,491.0,1.0
2023-03-21 05:10:07.169000+00:00,492.0,0.0
2023-03-21 05:10:12.169000+00:00,494.0,0.0
2023-03-21 05:10:17.169000+00:00,496.0,0.0
2023-03-21 05:10:22.169000+00:00,496.0,0.0
2023-03-21 05:10:27.169000+00:00,500.0,0.0
2023-03-21 05:10:32.169000+00:00,502.0,0.0
2023-03-21 05:10:37.169000+00:00,504.0,0.0
2023-03-21 05:10:42.169000+00:00,505.0,0.0
2023-03-21 05:10:47.169000+00:00,507.0,0.0
2023-03-21 05:10:52.169000+00:00,508.0,0.0
2023-03-21 05:10:57.169000+00:00,511.0,0.0
2023-03-21 05:11:02.169000+00:00,511.0,0.0
2023-03-21 05:11:07.169000+00:00,511.0,0.0
2023-03-21 05:11:12.169000+00:00,512.0,0.0
2023-03-21 05:11:17.169000+00:00,512.0,0.0
2023-03-21 05:11:22.169000+00:00,512.0,0.0
2023-03-21 05:11:27.169000+00:00,515.0,0.0
2023-03-21 05:11:32.169000+00:00,516.0,0.0
2023-03-21 05:11:37.169000+00:00,518.0,0.0
2023-03-21 05:11:42.169000+00:00,520.0,0.0
2023-03-21 05:11:47.169000+00:00,522.0,0.0
2023-03-21 05:11:52.169000+00:00,523.0,0.0
2023-03-21 05:11:57.169000+00:00,524.0,0.0
2023-03-21 05:12:02.169000+00:00,525.0,0.0
2023-03-21 05:12:07.169000+00:00,526.0,0.0
2023-03-21 05:12:12.169000+00:00,527.0,0.0
2023-03-21 05:12:17.169000+00:00,528.0,0.0
2023-03-21 05:12:22.169000+00:00,531.0,0.0
2023-03-21 05:12:27.169000+00:00,532.0,0.0
2023-03-21 05:12:32.169000+00:00,534.0,0.0
2023-03-21 05:12:37.169000+00:00,537.0,0.0
2023-03-21 05:12:42.169000+00:00,538.0,0.0
2023-03-21 05:12:47.169000+00:00,539.0,0.0
2023-03-21 05:12:52.169000+00:00,540.0,0.0
2023-03-21 05:12:57.169000+00:00,540.0,0.0
2023-03-21 05:13:02.169000+00:00,543.0,0.0
2023-03-21 05:13:07.169000+00:00,543.0,0.0
2023-03-21 05:13:12.169000+00:00,543.0,0.0
2023-03-21 05:13:17.169000+00:00,544.0,0.0
2023-03-21 05:13:22.169000+00:00,545.0,0.0
2023-03-21 05:13:27.169000+00:00,547.0,0.0
2023-03-21 05:13:32.169000+00:00,548.0,0.0
2023-03-21 05:13:37.169000+00:00,551.0,0.0
2023-03-21 05:13:42.169000+00:00,552.0,0.0
2023-03-21 05:13:47.169000+00:00,553.0,0.0
2023-03-21 05:13:52.169000+00:00,554.0,0.0
2023-03-21 05:13:57.169000+00:00,554.0,0.0
2023-03-21 05:14:02.169000+00:00,554.0,0.0
2023-03-21 05:14:07.169000+00:00,555.0,0.0
2023-03-21 05:14:12.169000+00:00,556.0,0.0
2023-03-21 05:14:17.169000+00:00,558.0,0.0
2023-03-21 05:14:22.169000+00:00,558.0,0.0
2023-03-21 05:14:27.169000+00:00,559.0,0.0
2023-03-21 05:14:32.169000+00:00,563.0,0.0
2023-03-21 05:14:37.169000+00:00,564.0,0.0
2023-03-21 05:14:42.169000+00:00,566.0,0.0
2023-03-21 05:14:47.169000+00:00,569.0,0.0
2023-03-21 05:14:52.169000+00:00,569.0,0.0
2023-03-21 05:14:57.169000+00:00,570.0,0.0
2023-03-21 05:15:02.169000+00:00,571.0,0.0
2023-03-21 05:15:07.169000+00:00,571.0,0.0
2023-03-21 05:15:12.169000+00:00,572.0,0.0
2023-03-21 05:15:17.169000+00:00,573.0,0.0
2023-03-21 05:15:22.169000+00:00,573.0,0.0
2023-03-21 05:15:27.169000+00:00,574.0,0.0
2023-03-21 05:15:32.169000+00:00,574.0,0.0
2023-03-21 05:15:37.169000+00:00,574.0,0.0
2023-03-21 05:15:42.169000+00:00,575.0,0.0
2023-03-21 05:15:47.169000+00:00,576.0,0.0
2023-03-21 05:15:52.169000+00:00,577.0,0.0
2023-03-21 05:15:57.169000+00:00,581.0,0.0
2023-03-21 05:16:02.169000+00:00,585.0,0.0
2023-03-21 05:16:07.169000+00:00,587.0,0.0
2023-03-21 05:16:12.169000+00:00,589.0,0.0
2023-03-21 05:16:17.169000+00:00,590.0,0.0
2023-03-21 05:16:22.169000+00:00,593.0,0.0
2023-03-21 05:16:27.169000+00:00,594.0,0.0
2023-03-21 05:16:32.169000+00:00,595.0,0.0
2023-03-21 05:16:37.169000+00:00,595.0,0.0
2023-03-21 05:16:42.169000+00:00,596.0,0.0
2023-03-21 05:16:47.169000+00:00,596.0,0.0
2023-03-21 05:16:52.169000+00:00,596.0,0.0
2023-03-21 05:16:57.169000+00:00,600.0,0.0
2023-03-21 05:17:02.169000+00:00,601.0,0.0
2023-03-21 05:17:07.169000+00:00,601.0,0.0
2023-03-21 05:17:12.169000+00:00,602.0,0.0
2023-03-21 05:17:17.169000+00:00,602.0,0.0
2023-03-21 05:17:22.169000+00:00,605.0,0.0
2023-03-21 05:17:27.169000+00:00,608.0,0.0
2023-03-21 05:17:32.169000+00:00,608.0,0.0
2023-03-21 05:17:37.169000+00:00,611.0,0.0
2023-03-21 05:17:42.169000+00:00,612.0,0.0
2023-03-21 05:17:47.169000+00:00,614.0,0.0
2023-03-21 05:17:52.169000+00:00,614.0,0.0
2023-03-21 05:17:57.169000+00:00,615.0,0.0
2023-03-21 05:18:02.169000+00:00,616.0,0.0
2023-03-21 05:18:07.169000+00:00,619.0,0.0
2023-03-21 05:18:12.169000+00:00,624.0,0.0
2023-03-21 05:18:17.169000+00:00,627.0,0.0
2023-03-21 05:18:22.169000+00:00,630.0,0.0
2023-03-21 05:18:27.169000+00:00,630.0,0.0
2023-03-21 05:18:32.169000+00:00,630.0,0.0
2023-03-21 05:18:37.169000+00:00,630.0,0.0
2023-03-21 05:18:42.169000+00:00,631.0,0.0
2023-03-21 05:18:47.169000+00:00,631.0,0.0
2023-03-21 05:18:52.169000+00:00,632.0,0.0
2023-03-21 05:18:57.169000+00:00,633.0,0.0
2023-03-21 05:19:02.169000+00:00,633.0,0.0
2023-03-21 05:19:07.169000+00:00,634.0,0.0
2023-03-21 05:19:12.169000+00:00,636.0,0.0
2023-03-21 05:19:17.169000+00:00,639.0,0.0
2023-03-21 05:19:22.169000+00:00,639.0,0.0
2023-03-21 05:19:27.169000+00:00,640.0,0.0
2023-03-21 05:19:32.169000+00:00,641.0,0.0
2023-03-21 05:19:37.169000+00:00,641.0,0.0
2023-03-21 05:19:42.169000+00:00,641.0,0.0
2023-03-21 05:19:47.169000+00:00,641.0,0.0
2023-03-21 05:19:52.169000+00:00,645.0,0.0
2023-03-21 05:19:57.169000+00:00,647.0,0.0
2023-03-21 05:20:02.169000+00:00,649.0,0.0
2023-03-21 05:20:07.169000+00:00,650.0,0.0
2023-03-21 05:20:12.169000+00:00,653.0,0.0
2023-03-21 05:20:17.169000+00:00,654.0,0.0
2023-03-21 05:20:22.169000+00:00,656.0,0.0
2023-03-21 05:20:27.169000+00:00,658.0,0.0
2023-03-21 05:20:32.169000+00:00,658.0,0.0
2023-03-21 05:20:37.169000+00:00,661.0,0.0
2023-03-21 05:20:42.169000+00:00,663.0,0.0
2023-03-21 05:20:47.169000+00:00,664.0,0.0
2023-03-21 05:20:52.169000+00:00,665.0,0.0
2023-03-21 05:20:57.169000+00:00,665.0,0.0
2023-03-21 05:21:02.169000+00:00,668.0,0.0
2023-03-21 05:21:07.169000+00:00,669.0,0.0
2023-03-21 05:21:12.169000+00:00,670.0,0.0
2023-03-21 05:21:17.169000+00:00,670.0,0.0
2023-03-21 05:21:22.169000+00:00,670.0,0.0
2023-03-21 05:21:27.169000+00:00,672.0,0.0
2023-03-21 05:21:32.169000+00:00,673.0,0.0
2023-03-21 05:21:37.169000+00:00,675.0,0.0
2023-03-21 05:21:42.169000+00:00,677.0,0.0
2023-03-21 05:21:47.169000+00:00,678.0,0.0
2023-03-21 05:21:52.169000+00:00,679.0,0.0
2023-03-21 05:21:57.169000+00:00,680.0,0.0
2023-03-21 05:22:02.169000+00:00,682.0,0.0
2023-03-21 05:22:07.169000+00:00,682.0,0.0
2023-03-21 05:22:12.169000+00:00,683.0,0.0
2023-03-21 05:22:17.169000+00:00,684.0,0.0
2023-03-21 05:22:22.169000+00:00,686.0,0.0
2023-03-21 05:22:27.169000+00:00,687.0,0.0
2023-03-21 05:22:32.169000+00:00,689.0,0.0
2023-03-21 05:22:37.169000+00:00,690.0,0.0
2023-03-21 05:22:42.169000+00:00,692.0,0.0
2023-03-21 05:22:47.169000+00:00,696.0,0.0
2023-03-21 05:22:52.169000+00:00,697.0,0.0
2023-03-21 05:22:57.169000+00:00,699.0,0.0
2023-03-21 05:23:02.169000+00:00,700.0,0.0
2023-03-21 05:23:07.169000+00:00,700.0,0.0
2023-03-21 05:23:12.169000+00:00,702.0,0.0
2023-03-21 05:23:17.169000+00:00,702.0,0.0
2023-03-21 05:23:22.169000+00:00,705.0,0.0
2023-03-21 05:23:27.169000+00:00,706.0,0.0
2023-03-21 05:23:32.169000+00:00,708.0,0.0
2023-03-21 05:23:37.169000+00:00,709.0,0.0
2023-03-21 05:23:42.169000+00:00,710.0,0.0
2023-03-21 05:23:47.169000+00:00,713.0,0.0
2023-03-21 05:23:52.169000+00:00,714.0,0.0
2023-03-21 05:23:57.169000+00:00,714.0,0.0
2023-03-21 05:24:02.169000+00:00,714.0,0.0
2023-03-21 05:24:07.169000+00:00,714.0,0.0
2023-03-21 05:24:12.169000+00:00,716.0,0.0
2023-03-21 05:24:17.169000+00:00,720.0,0.0
2023-03-21 05:24:22.169000+00:00,722.0,0.0
2023-03-21 05:24:27.169000+00:00,722.0,0.0
2023-03-21 05:24:32.169000+00:00,724.0,0.0
2023-03-21 05:24:37.169000+00:00,726.0,0.0
2023-03-21 05:24:42.169000+00:00,729.0,0.0
2023-03-21 05:24:47.169000+00:00,732.0,0.0
2023-03-21 05:24:52.169000+00:00,735.0,0.0
2023-03-21 05:24:57.169000+00:00,737.0,0.0
2023-03-21 05:25:02.169000+00:00,738.0,0.0
2023-03-21 05:25:07.169000+00:00,739.0,0.0
2023-03-21 05:25:12.169000+00:00,741.0,0.0
2023-03-21 05:25:17.169000+00:00,743.0,0.0
2023-03-21 05:25:22.169000+00:00,743.0,0.0
2023-03-21 05:25:27.169000+00:00,746.0,0.0
2023-03-21 05:25:32.169000+00:00,749.0,0.0
2023-03-21 05:25:37.169000+00:00,751.0,0.0
2023-03-21 05:25:42.169000+00:00,753.0,0.0
2023-03-21 05:25:47.169000+00:00,754.0,0.0
2023-03-21 05:25:52.169000+00:00,754.0,0.0
2023-03-21 05:25:57.169000+00:00,754.0,0.0
2023-03-21 05:26:02.169000+00:00,755.0,0.0
2023-03-21 05:26:07.169000+00:00,756.0,0.0
2023-03-21 05:26:12.169000+00:00,758.0,0.0
2023-03-21 05:26:17.169000+00:00,758.0,0.0
2023-03-21 05:26:22.169000+00:00,758.0,0.0
2023-03-21 05:26:27.169000+00:00,758.0,0.0
2023-03-21 05:26:32.169000+00:00,763.0,0.0
2023-03-21 05:26:37.169000+00:00,763.0,0.0
2023-03-21 05:26:42.169000+00:00,766.0,0.0
2023-03-21 05:26:47.169000+00:00,770.0,0.0
2023-03-21 05:26:52.169000+00:00,771.0,0.0
2023-03-21 05:26:57.169000+00:00,771.0,0.0
2023-03-21 05:27:02.169000+00:00,773.0,0.0
2023-03-21 05:27:07.169000+00:00,773.0,0.0
2023-03-21 05:27:12.169000+00:00,773.0,0.0
2023-03-21 05:27:17.169000+00:00,776.0,0.0
2023-03-21 05:27:22.169000+00:00,779.0,0.0
2023-03-21 05:27:27.169000+00:00,780.0,0.0
2023-03-21 05:27:32.169000+00:00,785.0,0.0
2023-03-21 05:27:37.169000+00:00,786.0,0.0
2023-03-21 05:27:42.169000+00:00,789.0,0.0
2023-03-21 05:27:47.169000+00:00,790.0,0.0
2023-03-21 05:27:52.169000+00:00,790.0,0.0
2023-03-21 05:27:57.169000+00:00,790.0,0.0
2023-03-21 05:28:02.169000+00:00,790.0,0.0
2023-03-21 05:28:07.169000+00:00,791.0,0.0
2023-03-21 05:28:12.169000+00:00,793.0,0.0
2023-03-21 05:28:17.169000+00:00,794.0,0.0
2023-03-21 05:28:22.169000+00:00,794.0,0.0
2023-03-21 05:28:27.169000+00:00,795.0,0.0
2023-03-21 05:28:32.169000+00:00,796.0,0.0
2023-03-21 05:28:37.169000+00:00,796.0,0.0
2023-03-21 05:28:42.169000+00:00,797.0,0.0
2023-03-21 05:28:47.169000+00:00,800.0,0.0
2023-03-21 05:28:52.169000+00:00,802.0,0.0
2023-03-21 05:28:57.169000+00:00,803.0,0.0
2023-03-21 05:29:02.169000+00:00,804.0,0.0
2023-03-21 05:29:07.169000+00:00,804.0,0.0
2023-03-21 05:29:12.169000+00:00,804.0,0.0
2023-03-21 05:29:17.169000+00:00,806.0,0.0
2023-03-21 05:29:22.169000+00:00,811.0,0.0
2023-03-21 05:29:27.169000+00:00,812.0,0.0
2023-03-21 05:29:32.169000+00:00,812.0,0.0
2023-03-21 05:29:37.169000+00:00,812.0,0.0
2023-03-21 05:29:42.169000+00:00,815.0,0.0
2023-03-21 05:29:47.169000+00:00,817.0,0.0
2023-03-21 05:29:52.169000+00:00,818.0,0.0
2023-03-21 05:29:57.169000+00:00,818.0,0.0
2023-03-21 05:30:02.169000+00:00,819.0,0.0
2023-03-21 05:30:07.169000+00:00,820.0,0.0
2023-03-21 05:30:12.169000+00:00,821.0,0.0
2023-03-21 05:30:17.169000+00:00,823.0,0.0
2023-03-21 05:30:22.169000+00:00,823.0,0.0
2023-03-21 05:30:27.169000+00:00,824.0,0.0
2023-03-21 05:30:32.169000+00:00,824.0,0.0
2023-03-21 05:30:37.169000+00:00,826.0,0.0
2023-03-21 05:30:42.169000+00:00,827.0,0.0
2023-03-21 05:30:47.169000+00:00,827.0,0.0
2023-03-21 05:30:52.169000+00:00,828.0,0.0
2023-03-21 05:30:57.169000+00:00,830.0,0.0
2023-03-21 05:31:02.169000+00:00,833.0,0.0
2023-03-21 05:31:07.169000+00:00,835.0,0.0
2023-03-21 05:31:12.169000+00:00,840.0,2.0
2023-03-21 05:31:17.169000+00:00,840.0,0.0
2023-03-21 05:31:22.169000+00:00,840.0,0.0
2023-03-21 05:31:27.169000+00:00,842.0,0.0
2023-03-21 05:31:32.169000+00:00,842.0,0.0
2023-03-21 05:31:37.169000+00:00,844.0,0.0
2023-03-21 05:31:42.169000+00:00,846.0,0.0
2023-03-21 05:31:47.169000+00:00,846.0,0.0
2023-03-21 05:31:52.169000+00:00,846.0,0.0
2023-03-21 05:31:57.169000+00:00,847.0,0.0
2023-03-21 05:32:02.169000+00:00,849.0,0.0
2023-03-21 05:32:07.169000+00:00,850.0,0.0
2023-03-21 05:32:12.169000+00:00,851.0,0.0
2023-03-21 05:32:17.169000+00:00,851.0,0.0
2023-03-21 05:32:22.169000+00:00,851.0,0.0
2023-03-21 05:32:27.169000+00:00,852.0,0.0
2023-03-21 05:32:32.169000+00:00,856.0,0.0
2023-03-21 05:32:37.169000+00:00,856.0,0.0
2023-03-21 05:32:42.169000+00:00,857.0,0.0
2023-03-21 05:32:47.169000+00:00,858.0,0.0
2023-03-21 05:32:52.169000+00:00,858.0,0.0
2023-03-21 05:32:57.169000+00:00,859.0,0.0
2023-03-21 05:33:02.169000+00:00,859.0,0.0
2023-03-21 05:33:07.169000+00:00,863.0,0.0
2023-03-21 05:33:12.169000+00:00,864.0,0.0
2023-03-21 05:33:17.169000+00:00,866.0,0.0
2023-03-21 05:33:22.169000+00:00,868.0,0.0
2023-03-21 05:33:27.169000+00:00,868.0,0.0
2023-03-21 05:33:32.169000+00:00,870.0,0.0
2023-03-21 05:33:37.169000+00:00,873.0,0.0
2023-03-21 05:33:42.169000+00:00,874.0,0.0
2023-03-21 05:33:47.169000+00:00,876.0,0.0
2023-03-21 05:33:52.169000+00:00,876.0,0.0
2023-03-21 05:33:57.169000+00:00,878.0,0.0
2023-03-21 05:34:02.169000+00:00,878.0,0.0
2023-03-21 05:34:07.169000+00:00,878.0,0.0
2023-03-21 05:34:12.169000+00:00,878.0,0.0
2023-03-21 05:34:17.169000+00:00,878.0,0.0
2023-03-21 05:34:22.169000+00:00,878.0,0.0
2023-03-21 05:34:27.169000+00:00,880.0,0.0
2023-03-21 05:34:32.169000+00:00,881.0,0.0
2023-03-21 05:34:37.169000+00:00,881.0,0.0
2023-03-21 05:34:42.169000+00:00,881.0,0.0
2023-03-21 05:34:47.169000+00:00,881.0,0.0
2023-03-21 05:34:52.169000+00:00,883.0,0.0
2023-03-21 05:34:57.169000+00:00,885.0,0.0
2023-03-21 05:35:02.169000+00:00,887.0,0.0
2023-03-21 05:35:07.169000+00:00,890.0,0.0
2023-03-21 05:35:12.169000+00:00,893.0,0.0
2023-03-21 05:35:17.169000+00:00,897.0,0.0
2023-03-21 05:35:22.169000+00:00,898.0,0.0
2023-03-21 05:35:27.169000+00:00,898.0,0.0
2023-03-21 05:35:32.169000+00:00,898.0,0.0
2023-03-21 05:35:37.169000+00:00,900.0,0.0
2023-03-21 05:35:42.169000+00:00,900.0,0.0
2023-03-21 05:35:47.169000+00:00,902.0,0.0
2023-03-21 05:35:52.169000+00:00,904.0,0.0
2023-03-21 05:35:57.169000+00:00,906.0,0.0
2023-03-21 05:36:02.169000+00:00,907.0,0.0
2023-03-21 05:36:07.169000+00:00,907.0,0.0
2023-03-21 05:36:12.169000+00:00,908.0,0.0
2023-03-21 05:36:17.169000+00:00,909.0,0.0
2023-03-21 05:36:22.169000+00:00,910.0,0.0
2023-03-21 05:36:27.169000+00:00,911.0,0.0
2023-03-21 05:36:32.169000+00:00,911.0,0.0
2023-03-21 05:36:37.169000+00:00,912.0,0.0
2023-03-21 05:36:42.169000+00:00,915.0,0.0
2023-03-21 05:36:47.169000+00:00,918.0,0.0
2023-03-21 05:36:52.169000+00:00,920.0,0.0
2023-03-21 05:36:57.169000+00:00,920.0,0.0
2023-03-21 05:37:02.169000+00:00,927.0,0.0
2023-03-21 05:37:07.169000+00:00,928.0,0.0
2023-03-21 05:37:12.169000+00:00,930.0,0.0
2023-03-21 05:37:17.169000+00:00,932.0,0.0
2023-03-21 05:37:22.169000+00:00,934.0,0.0
2023-03-21 05:37:27.169000+00:00,935.0,0.0
2023-03-21 05:37:32.169000+00:00,940.0,0.0
2023-03-21 05:37:37.169000+00:00,942.0,0.0
2023-03-21 05:37:42.169000+00:00,945.0,0.0
2023-03-21 05:37:47.169000+00:00,945.0,0.0
2023-03-21 05:37:52.169000+00:00,945.0,0.0
2023-03-21 05:37:57.169000+00:00,947.0,0.0
2023-03-21 05:38:02.169000+00:00,949.0,0.0
2023-03-21 05:38:07.169000+00:00,950.0,0.0
2023-03-21 05:38:12.169000+00:00,950.0,0.0
2023-03-21 05:38:17.169000+00:00,951.0,0.0
2023-03-21 05:38:22.169000+00:00,952.0,0.0
2023-03-21 05:38:27.169000+00:00,954.0,0.0
2023-03-21 05:38:32.169000+00:00,955.0,0.0
2023-03-21 05:38:37.169000+00:00,955.0,0.0
2023-03-21 05:38:42.169000+00:00,955.0,0.0
2023-03-21 05:38:47.169000+00:00,957.0,0.0
2023-03-21 05:38:52.169000+00:00,959.0,0.0
2023-03-21 05:38:57.169000+00:00,962.0,0.0
2023-03-21 05:39:02.169000+00:00,966.0,0.0
2023-03-21 05:39:07.169000+00:00,967.0,0.0
2023-03-21 05:39:12.169000+00:00,969.0,0.0
2023-03-21 05:39:17.169000+00:00,970.0,0.0
2023-03-21 05:39:22.169000+00:00,971.0,0.0
2023-03-21 05:39:27.169000+00:00,971.0,0.0
2023-03-21 05:39:32.169000+00:00,973.0,0.0
2023-03-21 05:39:37.169000+00:00,974.0,0.0
2023-03-21 05:39:42.169000+00:00,974.0,0.0
2023-03-21 05:39:47.169000+00:00,976.0,0.0
2023-03-21 05:39:52.169000+00:00,977.0,0.0
2023-03-21 05:39:57.169000+00:00,978.0,0.0
2023-03-21 05:40:02.169000+00:00,981.0,0.0
2023-03-21 05:40:07.169000+00:00,983.0,0.0
2023-03-21 05:40:12.169000+00:00,984.0,0.0
2023-03-21 05:40:17.169000+00:00,985.0,0.0
2023-03-21 05:40:22.169000+00:00,987.0,0.0
2023-03-21 05:40:27.169000+00:00,988.0,0.0
2023-03-21 05:40:32.169000+00:00,990.0,0.0
2023-03-21 05:40:37.169000+00:00,990.0,0.0
2023-03-21 05:40:42.169000+00:00,992.0,0.0
2023-03-21 05:40:47.169000+00:00,994.0,0.0
2023-03-21 05:40:52.169000+00:00,998.0,0.0
2023-03-21 05:40:57.169000+00:00,1000.0,0.0
2023-03-21 05:41:02.169000+00:00,1003.0,0.0
2023-03-21 05:41:07.169000+00:00,1006.0,0.0
2023-03-21 05:41:12.169000+00:00,1009.0,0.0
2023-03-21 05:41:17.169000+00:00,1011.0,0.0
2023-03-21 05:41:22.169000+00:00,1011.0,0.0
2023-03-21 05:41:27.169000+00:00,1011.0,0.0
2023-03-21 05:41:32.169000+00:00,1013.0,0.0
2023-03-21 05:41:37.169000+00:00,1013.0,0.0
2023-03-21 05:41:42.169000+00:00,1014.0,0.0
2023-03-21 05:41:47.169000+00:00,1014.0,0.0
2023-03-21 05:41:52.169000+00:00,1017.0,0.0
2023-03-21 05:41:57.169000+00:00,1019.0,0.0
2023-03-21 05:42:02.169000+00:00,1021.0,0.0
2023-03-21 05:42:07.169000+00:00,1023.0,0.0
2023-03-21 05:42:12.169000+00:00,1025.0,0.0
2023-03-21 05:42:17.169000+00:00,1027.0,0.0
2023-03-21 05:42:22.169000+00:00,1028.0,0.0
2023-03-21 05:42:27.169000+00:00,1029.0,0.0
2023-03-21 05:42:32.169000+00:00,1031.0,0.0
2023-03-21 05:42:37.169000+00:00,1032.0,0.0
2023-03-21 05:42:42.169000+00:00,1033.0,0.0
2023-03-21 05:42:47.169000+00:00,1036.0,0.0
2023-03-21 05:42:52.169000+00:00,1038.0,0.0
2023-03-21 05:42:57.169000+00:00,1042.0,0.0
2023-03-21 05:43:02.169000+00:00,1044.0,0.0
2023-03-21 05:43:07.169000+00:00,1045.0,0.0
2023-03-21 05:43:12.169000+00:00,1049.0,0.0
2023-03-21 05:43:17.169000+00:00,1051.0,0.0
2023-03-21 05:43:22.169000+00:00,1052.0,0.0
2023-03-21 05:43:27.169000+00:00,1053.0,0.0
2023-03-21 05:43:32.169000+00:00,1054.0,0.0
2023-03-21 05:43:37.169000+00:00,1054.0,0.0
2023-03-21 05:43:42.169000+00:00,1056.0,0.0
2023-03-21 05:43:47.169000+00:00,1057.0,0.0
2023-03-21 05:43:52.169000+00:00,1057.0,0.0
2023-03-21 05:43:57.169000+00:00,1059.0,0.0
2023-03-21 05:44:02.169000+00:00,1063.0,0.0
2023-03-21 05:44:07.169000+00:00,1063.0,0.0
2023-03-21 05:44:12.169000+00:00,1065.0,0.0
2023-03-21 05:44:17.169000+00:00,1066.0,0.0
2023-03-21 05:44:22.169000+00:00,1067.0,0.0
2023-03-21 05:44:27.169000+00:00,1067.0,0.0
2023-03-21 05:44:32.169000+00:00,1068.0,0.0
2023-03-21 05:44:37.169000+00:00,1070.0,0.0
2023-03-21 05:44:42.169000+00:00,1072.0,0.0
2023-03-21 05:44:47.169000+00:00,1072.0,0.0
2023-03-21 05:44:52.169000+00:00,1075.0,0.0
2023-03-21 05:44:57.169000+00:00,1078.0,0.0
2023-03-21 05:45:02.169000+00:00,1080.0,0.0
2023-03-21 05:45:07.169000+00:00,1081.0,0.0
2023-03-21 05:45:12.169000+00:00,1081.0,0.0
2023-03-21 05:45:17.169000+00:00,1083.0,0.0
2023-03-21 05:45:22.169000+00:00,1087.0,0.0
2023-03-21 05:45:27.169000+00:00,1089.0,0.0
2023-03-21 05:45:32.169000+00:00,1090.0,0.0
2023-03-21 05:45:37.169000+00:00,1091.0,0.0
2023-03-21 05:45:42.169000+00:00,1092.0,0.0
2023-03-21 05:45:47.169000+00:00,1094.0,0.0
2023-03-21 05:45:52.169000+00:00,1095.0,0.0
2023-03-21 05:45:57.169000+00:00,1098.0,0.0
2023-03-21 05:46:02.169000+00:00,1100.0,0.0
2023-03-21 05:46:07.169000+00:00,1102.0,0.0
2023-03-21 05:46:12.169000+00:00,1104.0,0.0
2023-03-21 05:46:17.169000+00:00,1104.0,0.0
2023-03-21 05:46:22.169000+00:00,1106.0,0.0
2023-03-21 05:46:27.169000+00:00,1106.0,0.0
2023-03-21 05:46:32.169000+00:00,1109.0,0.0
2023-03-21 05:46:37.169000+00:00,1110.0,0.0
2023-03-21 05:46:42.169000+00:00,1110.0,0.0
2023-03-21 05:46:47.169000+00:00,1112.0,0.0
2023-03-21 05:46:52.169000+00:00,1113.0,0.0
2023-03-21 05:46:57.169000+00:00,1114.0,0.0
2023-03-21 05:47:02.169000+00:00,1116.0,0.0
2023-03-21 05:47:07.169000+00:00,1116.0,0.0
2023-03-21 05:47:12.169000+00:00,1116.0,0.0
2023-03-21 05:47:17.169000+00:00,1116.0,0.0
2023-03-21 05:47:22.169000+00:00,1116.0,0.0
2023-03-21 05:47:27.169000+00:00,1117.0,0.0
2023-03-21 05:47:32.169000+00:00,1124.0,0.0
2023-03-21 05:47:37.169000+00:00,1126.0,0.0
2023-03-21 05:47:42.169000+00:00,1127.0,0.0
2023-03-21 05:47:47.169000+00:00,1128.0,0.0
2023-03-21 05:47:52.169000+00:00,1130.0,1.0
2023-03-21 05:47:57.169000+00:00,1131.0,0.0
2023-03-21 05:48:02.169000+00:00,1132.0,0.0
2023-03-21 05:48:07.169000+00:00,1134.0,0.0
2023-03-21 05:48:12.169000+00:00,1135.0,0.0
2023-03-21 05:48:17.169000+00:00,1136.0,0.0
2023-03-21 05:48:22.169000+00:00,1138.0,0.0
2023-03-21 05:48:27.169000+00:00,1139.0,0.0
2023-03-21 05:48:32.169000+00:00,1140.0,0.0
2023-03-21 05:48:37.169000+00:00,1142.0,0.0
2023-03-21 05:48:42.169000+00:00,1144.0,0.0
2023-03-21 05:48:47.169000+00:00,1145.0,0.0
2023-03-21 05:48:52.169000+00:00,1145.0,0.0
2023-03-21 05:48:57.169000+00:00,1147.0,0.0
2023-03-21 05:49:02.169000+00:00,1147.0,0.0
2023-03-21 05:49:07.169000+00:00,1149.0,0.0
2023-03-21 05:49:12.169000+00:00,1149.0,0.0
2023-03-21 05:49:17.169000+00:00,1150.0,0.0
2023-03-21 05:49:22.169000+00:00,1150.0,0.0
2023-03-21 05:49:27.169000+00:00,1150.0,0.0
2023-03-21 05:49:32.169000+00:00,1154.0,0.0
2023-03-21 05:49:37.169000+00:00,1155.0,0.0
2023-03-21 05:49:42.169000+00:00,1155.0,0.0
2023-03-21 05:49:47.169000+00:00,1159.0,0.0
2023-03-21 05:49:52.169000+00:00,1161.0,0.0
2023-03-21 05:49:57.169000+00:00,1162.0,0.0
2023-03-21 05:50:02.169000+00:00,1163.0,0.0
2023-03-21 05:50:07.169000+00:00,1163.0,0.0
2023-03-21 05:50:12.169000+00:00,1165.0,0.0
2023-03-21 05:50:17.169000+00:00,1166.0,0.0
2023-03-21 05:50:22.169000+00:00,1166.0,0.0
2023-03-21 05:50:27.169000+00:00,1167.0,0.0
2023-03-21 05:50:32.169000+00:00,1170.0,0.0
2023-03-21 05:50:37.169000+00:00,1170.0,0.0
2023-03-21 05:50:42.169000+00:00,1171.0,0.0
2023-03-21 05:50:47.169000+00:00,1171.0,0.0
2023-03-21 05:50:52.169000+00:00,1174.0,0.0
2023-03-21 05:50:57.169000+00:00,1174.0,0.0
2023-03-21 05:51:02.169000+00:00,1177.0,0.0
2023-03-21 05:51:07.169000+00:00,1178.0,0.0
2023-03-21 05:51:12.169000+00:00,1180.0,0.0
2023-03-21 05:51:17.169000+00:00,1183.0,0.0
2023-03-21 05:51:22.169000+00:00,1183.0,0.0
2023-03-21 05:51:27.169000+00:00,1183.0,0.0
2023-03-21 05:51:32.169000+00:00,1186.0,0.0
2023-03-21 05:51:37.169000+00:00,1186.0,0.0
2023-03-21 05:51:42.169000+00:00,1187.0,0.0
2023-03-21 05:51:47.169000+00:00,1189.0,0.0
2023-03-21 05:51:52.169000+00:00,1189.0,0.0
2023-03-21 05:51:57.169000+00:00,1192.0,0.0
2023-03-21 05:52:02.169000+00:00,1192.0,0.0
2023-03-21 05:52:07.169000+00:00,1193.0,0.0
2023-03-21 05:52:12.169000+00:00,1195.0,0.0
2023-03-21 05:52:17.169000+00:00,1197.0,0.0
2023-03-21 05:52:22.169000+00:00,1198.0,0.0
2023-03-21 05:52:27.169000+00:00,1201.0,0.0
2023-03-21 05:52:32.169000+00:00,1201.0,0.0
2023-03-21 05:52:37.169000+00:00,1203.0,0.0
2023-03-21 05:52:42.169000+00:00,1205.0,0.0
2023-03-21 05:52:47.169000+00:00,1207.0,0.0
2023-03-21 05:52:52.169000+00:00,1210.0,0.0
2023-03-21 05:52:57.169000+00:00,1210.0,0.0
2023-03-21 05:53:02.169000+00:00,1211.0,0.0
2023-03-21 05:53:07.169000+00:00,1212.0,0.0
2023-03-21 05:53:12.169000+00:00,1213.0,0.0
2023-03-21 05:53:17.169000+00:00,1213.0,0.0
2023-03-21 05:53:22.169000+00:00,1214.0,0.0
2023-03-21 05:53:27.169000+00:00,1214.0,0.0
2023-03-21 05:53:32.169000+00:00,1214.0,0.0
2023-03-21 05:53:37.169000+00:00,1214.0,0.0
2023-03-21 05:53:42.169000+00:00,1215.0,0.0
2023-03-21 05:53:47.169000+00:00,1215.0,0.0
2023-03-21 05:53:52.169000+00:00,1216.0,0.0
2023-03-21 05:53:57.169000+00:00,1216.0,0.0
2023-03-21 05:54:02.169000+00:00,1220.0,0.0
2023-03-21 05:54:07.169000+00:00,1224.0,0.0
2023-03-21 05:54:12.169000+00:00,1228.0,0.0
2023-03-21 05:54:17.169000+00:00,1231.0,0.0
2023-03-21 05:54:22.169000+00:00,1233.0,0.0
2023-03-21 05:54:27.169000+00:00,1233.0,0.0
2023-03-21 05:54:32.169000+00:00,1233.0,0.0
2023-03-21 05:54:37.169000+00:00,1235.0,0.0
2023-03-21 05:54:42.169000+00:00,1238.0,0.0
2023-03-21 05:54:47.169000+00:00,1239.0,0.0
2023-03-21 05:54:52.169000+00:00,1240.0,0.0
2023-03-21 05:54:57.169000+00:00,1240.0,0.0
2023-03-21 05:55:02.169000+00:00,1241.0,0.0
2023-03-21 05:55:07.169000+00:00,1242.0,0.0
2023-03-21 05:55:12.169000+00:00,1246.0,0.0
2023-03-21 05:55:17.169000+00:00,1247.0,0.0
2023-03-21 05:55:22.169000+00:00,1248.0,0.0
2023-03-21 05:55:27.169000+00:00,1248.0,0.0
2023-03-21 05:55:32.169000+00:00,1248.0,0.0
2023-03-21 05:55:37.169000+00:00,1249.0,0.0
2023-03-21 05:55:42.169000+00:00,1251.0,0.0
2023-03-21 05:55:47.169000+00:00,1251.0,0.0
2023-03-21 05:55:52.169000+00:00,1251.0,0.0
2023-03-21 05:55:57.169000+00:00,1253.0,0.0
2023-03-21 05:56:02.169000+00:00,1254.0,0.0
2023-03-21 05:56:07.169000+00:00,1260.0,0.0
2023-03-21 05:56:12.169000+00:00,1262.0,0.0
2023-03-21 05:56:17.169000+00:00,1265.0,0.0
2023-03-21 05:56:22.169000+00:00,1268.0,0.0
2023-03-21 05:56:27.169000+00:00,1271.0,0.0
2023-03-21 05:56:32.169000+00:00,1273.0,0.0
2023-03-21 05:56:37.169000+00:00,1275.0,0.0
2023-03-21 05:56:42.169000+00:00,1277.0,0.0
2023-03-21 05:56:47.169000+00:00,1277.0,0.0
2023-03-21 05:56:52.169000+00:00,1278.0,0.0
2023-03-21 05:56:57.169000+00:00,1278.0,0.0
2023-03-21 05:57:02.169000+00:00,1279.0,0.0
2023-03-21 05:57:07.169000+00:00,1279.0,0.0
2023-03-21 05:57:12.169000+00:00,1280.0,0.0
2023-03-21 05:57:17.169000+00:00,1282.0,0.0
2023-03-21 05:57:22.169000+00:00,1282.0,0.0
2023-03-21 05:57:27.169000+00:00,1283.0,0.0
2023-03-21 05:57:32.169000+00:00,1284.0,0.0
2023-03-21 05:57:37.169000+00:00,1285.0,0.0
2023-03-21 05:57:42.169000+00:00,1286.0,0.0
2023-03-21 05:57:47.169000+00:00,1286.0,0.0
2023-03-21 05:57:52.169000+00:00,1286.0,0.0
2023-03-21 05:57:57.169000+00:00,1288.0,0.0
2023-03-21 05:58:02.169000+00:00,1290.0,0.0
2023-03-21 05:58:07.169000+00:00,1290.0,0.0
2023-03-21 05:58:12.169000+00:00,1292.0,0.0
2023-03-21 05:58:17.169000+00:00,1293.0,0.0
2023-03-21 05:58:22.169000+00:00,1294.0,0.0
2023-03-21 05:58:27.169000+00:00,1296.0,0.0
2023-03-21 05:58:32.169000+00:00,1300.0,0.0
2023-03-21 05:58:37.169000+00:00,1300.0,0.0
2023-03-21 05:58:42.169000+00:00,1301.0,0.0
2023-03-21 05:58:47.169000+00:00,1303.0,0.0
2023-03-21 05:58:52.169000+00:00,1303.0,0.0
2023-03-21 05:58:57.169000+00:00,1304.0,0.0
2023-03-21 05:59:02.169000+00:00,1306.0,0.0
2023-03-21 05:59:07.169000+00:00,1306.0,0.0
2023-03-21 05:59:12.169000+00:00,1308.0,0.0
2023-03-21 05:59:17.169000+00:00,1310.0,0.0
2023-03-21 05:59:22.169000+00:00,1311.0,0.0
2023-03-21 05:59:27.169000+00:00,1311.0,0.0
2023-03-21 05:59:32.169000+00:00,1311.0,0.0
2023-03-21 05:59:37.169000+00:00,1312.0,0.0
2023-03-21 05:59:42.169000+00:00,1312.0,0.0
2023-03-21 05:59:47.169000+00:00,1314.0,0.0
2023-03-21 05:59:52.169000+00:00,1315.0,0.0
2023-03-21 05:59:57.169000+00:00,1315.0,0.0
2023-03-21 06:00:02.169000+00:00,1316.0,0.0
2023-03-21 06:00:07.169000+00:00,1316.0,0.0
2023-03-21 06:00:12.169000+00:00,1317.0,0.0
2023-03-21 06:00:17.169000+00:00,1320.0,0.0
2023-03-21 06:00:22.169000+00:00,1324.0,0.0
2023-03-21 06:00:27.169000+00:00,1326.0,0.0
2023-03-21 06:00:32.169000+00:00,1329.0,0.0
2023-03-21 06:00:37.169000+00:00,1331.0,0.0
2023-03-21 06:00:42.169000+00:00,1334.0,0.0
2023-03-21 06:00:47.169000+00:00,1334.0,0.0
2023-03-21 06:00:52.169000+00:00,1337.0,0.0
2023-03-21 06:00:57.169000+00:00,1338.0,0.0
2023-03-21 06:01:02.169000+00:00,1339.0,0.0
2023-03-21 06:01:07.169000+00:00,1342.0,0.0
2023-03-21 06:01:12.169000+00:00,1344.0,0.0
2023-03-21 06:01:17.169000+00:00,1345.0,0.0
2023-03-21 06:01:22.169000+00:00,1346.0,0.0
2023-03-21 06:01:27.169000+00:00,1347.0,0.0
2023-03-21 06:01:32.169000+00:00,1349.0,0.0
2023-03-21 06:01:37.169000+00:00,1349.0,0.0
2023-03-21 06:01:42.169000+00:00,1351.0,0.0
2023-03-21 06:01:47.169000+00:00,1352.0,0.0
2023-03-21 06:01:52.169000+00:00,1354.0,0.0
2023-03-21 06:01:57.169000+00:00,1355.0,0.0
2023-03-21 06:02:02.169000+00:00,1355.0,0.0
2023-03-21 06:02:07.169000+00:00,1356.0,0.0
2023-03-21 06:02:12.169000+00:00,1360.0,0.0
2023-03-21 06:02:17.169000+00:00,1362.0,0.0
2023-03-21 06:02:22.169000+00:00,1363.0,0.0
2023-03-21 06:02:27.169000+00:00,1366.0,0.0
2023-03-21 06:02:32.169000+00:00,1367.0,0.0
2023-03-21 06:02:37.169000+00:00,1370.0,0.0
2023-03-21 06:02:42.169000+00:00,1372.0,0.0
2023-03-21 06:02:47.169000+00:00,1373.0,0.0
2023-03-21 06:02:52.169000+00:00,1373.0,0.0
2023-03-21 06:02:57.169000+00:00,1377.0,0.0
2023-03-21 06:03:02.169000+00:00,1379.0,0.0
2023-03-21 06:03:07.169000+00:00,1382.0,0.0
2023-03-21 06:03:12.169000+00:00,1384.0,0.0
2023-03-21 06:03:17.169000+00:00,1385.0,0.0
2023-03-21 06:03:22.169000+00:00,1385.0,0.0
2023-03-21 06:03:27.169000+00:00,1387.0,0.0
2023-03-21 06:03:32.169000+00:00,1388.0,0.0
2023-03-21 06:03:37.169000+00:00,1390.0,0.0
2023-03-21 06:03:42.169000+00:00,1390.0,0.0
2023-03-21 06:03:47.169000+00:00,1392.0,0.0
2023-03-21 06:03:52.169000+00:00,1393.0,0.0
2023-03-21 06:03:57.169000+00:00,1395.0,0.0
2023-03-21 06:04:02.169000+00:00,1396.0,0.0
2023-03-21 06:04:07.169000+00:00,1397.0,0.0
2023-03-21 06:04:12.169000+00:00,1399.0,0.0
2023-03-21 06:04:17.169000+00:00,1401.0,0.0
2023-03-21 06:04:22.169000+00:00,1403.0,0.0
2023-03-21 06:04:27.169000+00:00,1404.0,0.0
2023-03-21 06:04:32.169000+00:00,1404.0,0.0
2023-03-21 06:04:37.169000+00:00,1408.0,0.0
2023-03-21 06:04:42.169000+00:00,1409.0,0.0
2023-03-21 06:04:47.169000+00:00,1410.0,0.0
2023-03-21 06:04:52.169000+00:00,1411.0,0.0
2023-03-21 06:04:57.169000+00:00,1412.0,0.0
2023-03-21 06:05:02.169000+00:00,1413.0,0.0
2023-03-21 06:05:07.169000+00:00,1417.0,0.0
2023-03-21 06:05:12.169000+00:00,1419.0,0.0
2023-03-21 06:05:17.169000+00:00,1420.0,0.0
2023-03-21 06:05:22.169000+00:00,1421.0,0.0
2023-03-21 06:05:27.169000+00:00,1421.0,0.0
2023-03-21 06:05:32.169000+00:00,1422.0,0.0
2023-03-21 06:05:37.169000+00:00,1423.0,0.0
2023-03-21 06:05:42.169000+00:00,1425.0,0.0
2023-03-21 06:05:47.169000+00:00,1425.0,0.0
2023-03-21 06:05:52.169000+00:00,1425.0,0.0
2023-03-21 06:05:57.169000+00:00,1427.0,0.0
2023-03-21 06:06:02.169000+00:00,1428.0,0.0
2023-03-21 06:06:07.169000+00:00,1429.0,0.0
2023-03-21 06:06:12.169000+00:00,1431.0,0.0
2023-03-21 06:06:17.169000+00:00,1432.0,0.0
2023-03-21 06:06:22.169000+00:00,1434.0,0.0
2023-03-21 06:06:27.169000+00:00,1436.0,0.0
2023-03-21 06:06:32.169000+00:00,1438.0,0.0
2023-03-21 06:06:37.169000+00:00,1438.0,0.0
2023-03-21 06:06:42.169000+00:00,1441.0,0.0
2023-03-21 06:06:47.169000+00:00,1444.0,0.0
2023-03-21 06:06:52.169000+00:00,1445.0,0.0
2023-03-21 06:06:57.169000+00:00,1446.0,0.0
2023-03-21 06:07:02.169000+00:00,1447.0,0.0
2023-03-21 06:07:07.169000+00:00,1448.0,0.0
2023-03-21 06:07:12.169000+00:00,1448.0,0.0
2023-03-21 06:07:17.169000+00:00,1448.0,0.0
2023-03-21 06:07:22.169000+00:00,1452.0,0.0
2023-03-21 06:07:27.169000+00:00,1453.0,0.0
2023-03-21 06:07:32.169000+00:00,1453.0,0.0
2023-03-21 06:07:37.169000+00:00,1456.0,0.0
2023-03-21 06:07:42.169000+00:00,1456.0,0.0
2023-03-21 06:07:47.169000+00:00,1456.0,0.0
2023-03-21 06:07:52.169000+00:00,1456.0,0.0
2023-03-21 06:07:57.169000+00:00,1457.0,0.0
2023-03-21 06:08:02.169000+00:00,1458.0,0.0
2023-03-21 06:08:07.169000+00:00,1462.0,0.0
2023-03-21 06:08:12.169000+00:00,1463.0,0.0
2023-03-21 06:08:17.169000+00:00,1466.0,0.0
2023-03-21 06:08:22.169000+00:00,1467.0,0.0
2023-03-21 06:08:27.169000+00:00,1469.0,0.0
2023-03-21 06:08:32.169000+00:00,1471.0,0.0
2023-03-21 06:08:37.169000+00:00,1471.0,0.0
2023-03-21 06:08:42.169000+00:00,1472.0,0.0
2023-03-21 06:08:47.169000+00:00,1474.0,0.0
2023-03-21 06:08:52.169000+00:00,1476.0,0.0
2023-03-21 06:08:57.169000+00:00,1478.0,0.0
2023-03-21 06:09:02.169000+00:00,1481.0,0.0
2023-03-21 06:09:07.169000+00:00,1481.0,0.0
2023-03-21 06:09:12.169000+00:00,1482.0,0.0
2023-03-21 06:09:17.169000+00:00,1483.0,0.0
2023-03-21 06:09:22.169000+00:00,1485.0,0.0
2023-03-21 06:09:27.169000+00:00,1485.0,0.0
2023-03-21 06:09:32.169000+00:00,1488.0,0.0
2023-03-21 06:09:37.169000+00:00,1489.0,0.0
2023-03-21 06:09:42.169000+00:00,1490.0,0.0
2023-03-21 06:09:47.169000+00:00,1492.0,0.0
2023-03-21 06:09:52.169000+00:00,1493.0,0.0
2023-03-21 06:09:57.169000+00:00,1495.0,0.0
2023-03-21 06:10:02.169000+00:00,1495.0,0.0
2023-03-21 06:10:07.169000+00:00,1498.0,0.0
2023-03-21 06:10:12.169000+00:00,1499.0,0.0
2023-03-21 06:10:17.169000+00:00,1500.0,0.0
2023-03-21 06:10:22.169000+00:00,1500.0,0.0
2023-03-21 06:10:27.169000+00:00,1503.0,0.0
2023-03-21 06:10:32.169000+00:00,1506.0,0.0
2023-03-21 06:10:37.169000+00:00,1506.0,0.0
2023-03-21 06:10:42.169000+00:00,1507.0,0.0
2023-03-21 06:10:47.169000+00:00,1508.0,0.0
2023-03-21 06:10:52.169000+00:00,1512.0,0.0
2023-03-21 06:10:57.169000+00:00,1513.0,0.0
2023-03-21 06:11:02.169000+00:00,1516.0,0.0
2023-03-21 06:11:07.169000+00:00,1520.0,1.0
2023-03-21 06:11:12.169000+00:00,1521.0,0.0
2023-03-21 06:11:17.169000+00:00,1522.0,0.0
2023-03-21 06:11:22.169000+00:00,1523.0,0.0
2023-03-21 06:11:27.169000+00:00,1523.0,0.0
2023-03-21 06:11:32.169000+00:00,1523.0,0.0
2023-03-21 06:11:37.169000+00:00,1523.0,0.0
2023-03-21 06:11:42.169000+00:00,1524.0,0.0
2023-03-21 06:11:47.169000+00:00,1527.0,0.0
2023-03-21 06:11:52.169000+00:00,1527.0,0.0
2023-03-21 06:11:57.169000+00:00,1527.0,0.0
2023-03-21 06:12:02.169000+00:00,1529.0,0.0
2023-03-21 06:12:07.169000+00:00,1529.0,0.0
2023-03-21 06:12:12.169000+00:00,1529.0,0.0
2023-03-21 06:12:17.169000+00:00,1529.0,0.0
2023-03-21 06:12:22.169000+00:00,1530.0,0.0
2023-03-21 06:12:27.169000+00:00,1530.0,0.0
2023-03-21 06:12:32.169000+00:00,1530.0,0.0
2023-03-21 06:12:37.169000+00:00,1531.0,0.0
2023-03-21 06:12:42.169000+00:00,1533.0,0.0
2023-03-21 06:12:47.169000+00:00,1533.0,0.0
2023-03-21 06:12:52.169000+00:00,1535.0,0.0
2023-03-21 06:12:57.169000+00:00,1537.0,0.0
2023-03-21 06:13:02.169000+00:00,1542.0,0.0
2023-03-21 06:13:07.169000+00:00,1549.0,0.0
2023-03-21 06:13:12.169000+00:00,1550.0,0.0
2023-03-21 06:13:17.169000+00:00,1551.0,0.0
2023-03-21 06:13:22.169000+00:00,1551.0,0.0
2023-03-21 06:13:27.169000+00:00,1553.0,0.0
2023-03-21 06:13:32.169000+00:00,1553.0,0.0
2023-03-21 06:13:37.169000+00:00,1554.0,0.0
2023-03-21 06:13:42.169000+00:00,1554.0,0.0
2023-03-21 06:13:47.169000+00:00,1554.0,0.0
2023-03-21 06:13:52.169000+00:00,1555.0,0.0
2023-03-21 06:13:57.169000+00:00,1556.0,0.0
2023-03-21 06:14:02.169000+00:00,1558.0,0.0
2023-03-21 06:14:07.169000+00:00,1560.0,0.0
2023-03-21 06:14:12.169000+00:00,1560.0,0.0
2023-03-21 06:14:17.169000+00:00,1560.0,0.0
2023-03-21 06:14:22.169000+00:00,1561.0,0.0
2023-03-21 06:14:27.169000+00:00,1563.0,0.0
2023-03-21 06:14:32.169000+00:00,1564.0,0.0
2023-03-21 06:14:37.169000+00:00,1565.0,0.0
2023-03-21 06:14:42.169000+00:00,1568.0,0.0
2023-03-21 06:14:47.169000+00:00,1570.0,0.0
2023-03-21 06:14:52.169000+00:00,1571.0,0.0
2023-03-21 06:14:57.169000+00:00,1574.0,0.0
2023-03-21 06:15:02.169000+00:00,1575.0,0.0
2023-03-21 06:15:07.169000+00:00,1576.0,1.0
2023-03-21 06:15:12.169000+00:00,1578.0,0.0
2023-03-21 06:15:17.169000+00:00,1582.0,0.0
2023-03-21 06:15:22.169000+00:00,1586.0,0.0
2023-03-21 06:15:27.169000+00:00,1588.0,0.0
2023-03-21 06:15:32.169000+00:00,1592.0,0.0
2023-03-21 06:15:37.169000+00:00,1592.0,0.0
2023-03-21 06:15:42.169000+00:00,1592.0,0.0
2023-03-21 06:15:47.169000+00:00,1593.0,0.0
2023-03-21 06:15:52.169000+00:00,1593.0,0.0
2023-03-21 06:15:57.169000+00:00,1595.0,0.0
2023-03-21 06:16:02.169000+00:00,1597.0,0.0
2023-03-21 06:16:07.169000+00:00,1598.0,0.0
2023-03-21 06:16:12.169000+00:00,1600.0,0.0
2023-03-21 06:16:17.169000+00:00,1601.0,0.0
2023-03-21 06:16:22.169000+00:00,1601.0,0.0
2023-03-21 06:16:27.169000+00:00,1601.0,0.0
2023-03-21 06:16:32.169000+00:00,1602.0,0.0
2023-03-21 06:16:37.169000+00:00,1602.0,0.0
2023-03-21 06:16:42.169000+00:00,1605.0,0.0
2023-03-21 06:16:47.169000+00:00,1607.0,0.0
2023-03-21 06:16:52.169000+00:00,1608.0,0.0
2023-03-21 06:16:57.169000+00:00,1610.0,0.0
2023-03-21 06:17:02.169000+00:00,1610.0,0.0
2023-03-21 06:17:07.169000+00:00,1613.0,0.0
2023-03-21 06:17:12.169000+00:00,1617.0,0.0
2023-03-21 06:17:17.169000+00:00,1621.0,0.0
2023-03-21 06:17:22.169000+00:00,1622.0,0.0
2023-03-21 06:17:27.169000+00:00,1624.0,0.0
2023-03-21 06:17:32.169000+00:00,1626.0,0.0
2023-03-21 06:17:37.169000+00:00,1626.0,0.0
2023-03-21 06:17:42.169000+00:00,1628.0,0.0
2023-03-21 06:17:47.169000+00:00,1628.0,0.0
2023-03-21 06:17:52.169000+00:00,1628.0,0.0
2023-03-21 06:17:57.169000+00:00,1630.0,0.0
2023-03-21 06:18:02.169000+00:00,1631.0,0.0
2023-03-21 06:18:07.169000+00:00,1632.0,0.0
2023-03-21 06:18:12.169000+00:00,1634.0,0.0
2023-03-21 06:18:17.169000+00:00,1635.0,0.0
2023-03-21 06:18:22.169000+00:00,1636.0,0.0
2023-03-21 06:18:27.169000+00:00,1636.0,0.0
2023-03-21 06:18:32.169000+00:00,1637.0,0.0
2023-03-21 06:18:37.169000+00:00,1639.0,0.0
2023-03-21 06:18:42.169000+00:00,1642.0,0.0
2023-03-21 06:18:47.169000+00:00,1643.0,0.0
2023-03-21 06:18:52.169000+00:00,1646.0,0.0
2023-03-21 06:18:57.169000+00:00,1646.0,0.0
2023-03-21 06:19:02.169000+00:00,1647.0,0.0
2023-03-21 06:19:07.169000+00:00,1649.0,0.0
2023-03-21 06:19:12.169000+00:00,1652.0,0.0
2023-03-21 06:19:17.169000+00:00,1654.0,0.0
2023-03-21 06:19:22.169000+00:00,1654.0,0.0
2023-03-21 06:19:27.169000+00:00,1657.0,0.0
2023-03-21 06:19:32.169000+00:00,1659.0,0.0
2023-03-21 06:19:37.169000+00:00,1662.0,0.0
2023-03-21 06:19:42.169000+00:00,1663.0,0.0
2023-03-21 06:19:47.169000+00:00,1663.0,0.0
2023-03-21 06:19:52.169000+00:00,1665.0,0.0
2023-03-21 06:19:57.169000+00:00,1666.0,0.0
2023-03-21 06:20:02.169000+00:00,1667.0,0.0
2023-03-21 06:20:07.169000+00:00,1668.0,0.0
2023-03-21 06:20:12.169000+00:00,1669.0,0.0
2023-03-21 06:20:17.169000+00:00,1669.0,0.0
2023-03-21 06:20:22.169000+00:00,1670.0,0.0
2023-03-21 06:20:27.169000+00:00,1671.0,0.0
2023-03-21 06:20:32.169000+00:00,1672.0,0.0
2023-03-21 06:20:37.169000+00:00,1673.0,0.0
2023-03-21 06:20:42.169000+00:00,1676.0,0.0
2023-03-21 06:20:47.169000+00:00,1680.0,0.0
2023-03-21 06:20:52.169000+00:00,1680.0,0.0
2023-03-21 06:20:57.169000+00:00,1681.0,0.0
2023-03-21 06:21:02.169000+00:00,1681.0,0.0
2023-03-21 06:21:07.169000+00:00,1684.0,0.0
2023-03-21 06:21:12.169000+00:00,1687.0,0.0
2023-03-21 06:21:17.169000+00:00,1690.0,0.0
2023-03-21 06:21:22.169000+00:00,1692.0,0.0
2023-03-21 06:21:27.169000+00:00,1693.0,0.0
2023-03-21 06:21:32.169000+00:00,1696.0,0.0
2023-03-21 06:21:37.169000+00:00,1696.0,0.0
2023-03-21 06:21:42.169000+00:00,1700.0,0.0
2023-03-21 06:21:47.169000+00:00,1701.0,0.0
2023-03-21 06:21:52.169000+00:00,1702.0,0.0
2023-03-21 06:21:57.169000+00:00,1702.0,0.0
2023-03-21 06:22:02.169000+00:00,1703.0,0.0
2023-03-21 06:22:07.169000+00:00,1704.0,0.0
2023-03-21 06:22:12.169000+00:00,1706.0,0.0
2023-03-21 06:22:17.169000+00:00,1708.0,0.0
2023-03-21 06:22:22.169000+00:00,1711.0,0.0
2023-03-21 06:22:27.169000+00:00,1712.0,0.0
2023-03-21 06:22:32.169000+00:00,1714.0,0.0
2023-03-21 06:22:37.169000+00:00,1714.0,0.0
2023-03-21 06:22:42.169000+00:00,1718.0,0.0
2023-03-21 06:22:47.169000+00:00,1719.0,0.0
2023-03-21 06:22:52.169000+00:00,1720.0,0.0
2023-03-21 06:22:57.169000+00:00,1723.0,0.0
2023-03-21 06:23:02.169000+00:00,1724.0,0.0
2023-03-21 06:23:07.169000+00:00,1724.0,0.0
2023-03-21 06:23:12.169000+00:00,1725.0,0.0
2023-03-21 06:23:17.169000+00:00,1727.0,0.0
2023-03-21 06:23:22.169000+00:00,1730.0,0.0
2023-03-21 06:23:27.169000+00:00,1733.0,0.0
2023-03-21 06:23:32.169000+00:00,1734.0,0.0
2023-03-21 06:23:37.169000+00:00,1734.0,0.0
2023-03-21 06:23:42.169000+00:00,1737.0,0.0
2023-03-21 06:23:47.169000+00:00,1737.0,0.0
2023-03-21 06:23:52.169000+00:00,1738.0,0.0
2023-03-21 06:23:57.169000+00:00,1739.0,0.0
2023-03-21 06:24:02.169000+00:00,1739.0,0.0
2023-03-21 06:24:07.169000+00:00,1740.0,0.0
2023-03-21 06:24:12.169000+00:00,1742.0,0.0
2023-03-21 06:24:17.169000+00:00,1744.0,0.0
2023-03-21 06:24:22.169000+00:00,1747.0,0.0
2023-03-21 06:24:27.169000+00:00,1749.0,0.0
2023-03-21 06:24:32.169000+00:00,1752.0,0.0
2023-03-21 06:24:37.169000+00:00,1752.0,0.0
2023-03-21 06:24:42.169000+00:00,1753.0,0.0
2023-03-21 06:24:47.169000+00:00,1754.0,0.0
2023-03-21 06:24:52.169000+00:00,1755.0,0.0
2023-03-21 06:24:57.169000+00:00,1756.0,0.0
2023-03-21 06:25:02.169000+00:00,1758.0,0.0
2023-03-21 06:25:07.169000+00:00,1758.0,0.0
2023-03-21 06:25:12.169000+00:00,1760.0,0.0
2023-03-21 06:25:17.169000+00:00,1762.0,0.0
2023-03-21 06:25:22.169000+00:00,1763.0,0.0
2023-03-21 06:25:27.169000+00:00,1764.0,0.0
2023-03-21 06:25:32.169000+00:00,1764.0,0.0
2023-03-21 06:25:37.169000+00:00,1767.0,0.0
2023-03-21 06:25:42.169000+00:00,1770.0,0.0
2023-03-21 06:25:47.169000+00:00,1771.0,0.0
2023-03-21 06:25:52.169000+00:00,1772.0,0.0
2023-03-21 06:25:57.169000+00:00,1772.0,0.0
