timestamp,rt_cart_get_catalogue_count,rt_cart_get_catalogue_sum,rt_ratings_get_catalogue_count,rt_ratings_get_catalogue_sum
2023-03-19 17:15:00.408000+00:00,140.0,,16.0,
2023-03-19 17:15:05.408000+00:00,144.0,1.0,16.0,0.0
2023-03-19 17:15:10.408000+00:00,150.0,1.0,18.0,0.011861999999999998
2023-03-19 17:15:15.408000+00:00,152.0,2.0,19.0,0.00454800000000001
2023-03-19 17:15:20.408000+00:00,156.0,1.0,20.0,0.005955999999999989
2023-03-19 17:15:25.408000+00:00,160.0,1.0,20.0,0.0
2023-03-19 17:15:30.408000+00:00,166.0,2.0,23.0,0.024746999999999908
2023-03-19 17:15:35.408000+00:00,168.0,0.0,23.0,0.0
2023-03-19 17:15:40.408000+00:00,170.0,1.0,23.0,0.0
2023-03-19 17:15:45.408000+00:00,172.0,0.0,23.0,0.0
2023-03-19 17:15:50.408000+00:00,176.0,1.0,24.0,0.006000000000000005
2023-03-19 17:15:55.408000+00:00,184.0,4.0,26.0,0.012703999999999993
2023-03-19 17:16:00.408000+00:00,184.0,0.0,26.0,0.0
2023-03-19 17:16:05.408000+00:00,188.0,3.0,28.0,0.060624000000000094
2023-03-19 17:16:10.408000+00:00,190.0,1.0,29.0,0.025083000000000022
2023-03-19 17:16:15.408000+00:00,194.0,0.0,29.0,0.0
2023-03-19 17:16:20.408000+00:00,196.0,1.0,29.0,0.0
2023-03-19 17:16:25.408000+00:00,198.0,2.0,29.0,0.0
2023-03-19 17:16:30.408000+00:00,206.0,1.0,33.0,0.030214000000000074
2023-03-19 17:16:35.408000+00:00,208.0,3.0,34.0,0.006622000000000017
2023-03-19 17:16:40.408000+00:00,214.0,3.0,36.0,0.0102020000000001
2023-03-19 17:16:45.408000+00:00,214.0,0.0,36.0,0.0
2023-03-19 17:16:50.408000+00:00,216.0,0.0,37.0,0.005514000000000019
2023-03-19 17:16:55.408000+00:00,220.0,3.0,37.0,0.0
2023-03-19 17:17:00.408000+00:00,222.0,0.0,38.0,0.011182999999999998
2023-03-19 17:17:05.408000+00:00,226.0,1.0,39.0,0.005814999999999959
2023-03-19 17:17:10.408000+00:00,232.0,3.0,41.0,0.01255700000000004
2023-03-19 17:17:15.408000+00:00,234.0,0.0,41.0,0.0
2023-03-19 17:17:20.408000+00:00,240.0,1.0,42.0,0.005247000000000002
2023-03-19 17:17:25.408000+00:00,244.0,0.0,42.0,0.0
2023-03-19 17:17:30.408000+00:00,250.0,1.0,43.0,0.005729999999999846
2023-03-19 17:17:35.408000+00:00,252.0,3.0,44.0,0.005891000000000035
2023-03-19 17:17:40.408000+00:00,258.0,0.0,46.0,0.01576299999999997
2023-03-19 17:17:45.408000+00:00,266.0,2.0,47.0,0.006014999999999993
2023-03-19 17:17:50.408000+00:00,268.0,1.0,48.0,0.007765000000000022
2023-03-19 17:17:55.408000+00:00,272.0,1.0,50.0,0.010412000000000032
2023-03-19 17:18:00.408000+00:00,274.0,1.0,51.0,0.005317999999999989
2023-03-19 17:18:05.408000+00:00,278.0,0.0,53.0,0.011245999999999978
2023-03-19 17:18:10.408000+00:00,284.0,1.0,55.0,0.009643999999999986
2023-03-19 17:18:15.408000+00:00,284.0,0.0,55.0,0.0
2023-03-19 17:18:20.408000+00:00,288.0,0.0,56.0,0.006446999999999925
2023-03-19 17:18:25.408000+00:00,290.0,1.0,57.0,0.005543999999999993
2023-03-19 17:18:30.408000+00:00,294.0,1.0,58.0,0.0064609999999998835
2023-03-19 17:18:40.408000+00:00,298.0,2.0,59.0,0.005630999999999997
2023-03-19 17:18:45.408000+00:00,308.0,5.0,61.0,0.016336000000000017
2023-03-19 17:18:50.408000+00:00,312.0,1.0,65.0,0.023581000000000185
2023-03-19 17:18:55.408000+00:00,316.0,3.0,67.0,0.010429999999999995
2023-03-19 17:19:00.408000+00:00,320.0,0.0,68.0,0.00948300000000002
2023-03-19 17:19:05.408000+00:00,320.0,0.0,68.0,0.0
2023-03-19 17:19:10.408000+00:00,322.0,1.0,69.0,0.007653999999999939
2023-03-19 17:19:15.408000+00:00,328.0,2.0,70.0,0.005499999999999949
2023-03-19 17:19:20.408000+00:00,338.0,1.0,74.0,0.024328000000000016
2023-03-19 17:19:25.408000+00:00,340.0,1.0,75.0,0.005283000000000038
2023-03-19 17:19:30.408000+00:00,344.0,1.0,77.0,0.011339999999999906
2023-03-19 17:19:40.408000+00:00,360.0,3.0,82.0,0.026993999999999962
2023-03-19 17:19:45.408000+00:00,360.0,0.0,82.0,0.0
2023-03-19 17:19:50.408000+00:00,366.0,0.0,84.0,0.010991000000000084
2023-03-19 17:19:55.408000+00:00,370.0,3.0,85.0,0.004592999999999958
2023-03-19 17:20:00.408000+00:00,376.0,4.0,87.0,0.010862999999999956
2023-03-19 17:20:05.408000+00:00,382.0,2.0,87.0,0.0
2023-03-19 17:20:10.408000+00:00,384.0,1.0,88.0,0.00528099999999998
2023-03-19 17:20:15.408000+00:00,386.0,0.0,88.0,0.0
2023-03-19 17:20:20.408000+00:00,386.0,0.0,88.0,0.0
2023-03-19 17:20:25.408000+00:00,386.0,0.0,88.0,0.0
2023-03-19 17:20:30.408000+00:00,394.0,2.0,89.0,0.006825999999999999
2023-03-19 17:20:35.408000+00:00,402.0,5.0,93.0,0.0276860000000001
2023-03-19 17:20:40.408000+00:00,406.0,4.0,94.0,0.006171999999999955
2023-03-19 17:20:45.408000+00:00,408.0,0.0,94.0,0.0
2023-03-19 17:20:50.408000+00:00,408.0,0.0,94.0,0.0
2023-03-19 17:20:55.408000+00:00,410.0,0.0,95.0,0.005962000000000023
2023-03-19 17:21:00.408000+00:00,414.0,1.0,97.0,0.014958000000000027
2023-03-19 17:21:05.408000+00:00,420.0,2.0,101.0,0.028363000000000027
2023-03-19 17:21:10.412000+00:00,424.0,1.0,103.0,0.02699700000000005
2023-03-19 17:21:15.408000+00:00,430.0,4.0,106.0,0.021537999999999946
2023-03-19 17:21:20.408000+00:00,432.0,1.0,107.0,0.00546000000000002
2023-03-19 17:21:25.408000+00:00,436.0,1.0,110.0,0.017669000000000046
2023-03-19 17:21:30.408000+00:00,440.0,3.0,112.0,0.012932999999999972
2023-03-19 17:21:35.408000+00:00,450.0,0.0,118.0,0.03342300000000009
2023-03-19 17:21:40.408000+00:00,452.0,1.0,119.0,0.005676000000000014
2023-03-19 17:21:45.408000+00:00,452.0,0.0,119.0,0.0
2023-03-19 17:21:50.408000+00:00,458.0,2.0,121.0,0.011744999999999894
2023-03-19 17:21:55.408000+00:00,460.0,1.0,122.0,0.005657000000000023
2023-03-19 17:22:00.408000+00:00,466.0,1.0,125.0,0.017355999999999927
2023-03-19 17:22:05.408000+00:00,468.0,0.0,125.0,0.0
2023-03-19 17:22:10.408000+00:00,472.0,1.0,126.0,0.006032000000000037
2023-03-19 17:22:15.408000+00:00,472.0,0.0,126.0,0.0
2023-03-19 17:22:20.408000+00:00,474.0,0.0,126.0,0.0
2023-03-19 17:22:25.408000+00:00,476.0,1.0,128.0,0.012669000000000041
2023-03-19 17:22:30.408000+00:00,476.0,0.0,128.0,0.0
2023-03-19 17:22:35.408000+00:00,482.0,2.0,129.0,0.005085000000000006
2023-03-19 17:22:40.408000+00:00,488.0,8.0,130.0,0.005870000000000042
2023-03-19 17:22:45.408000+00:00,490.0,2.0,131.0,0.0040879999999999805
2023-03-19 17:22:50.408000+00:00,496.0,2.0,131.0,0.0
2023-03-19 17:22:55.408000+00:00,496.0,0.0,131.0,0.0
2023-03-19 17:23:00.408000+00:00,496.0,0.0,131.0,0.0
2023-03-19 17:23:05.408000+00:00,496.0,0.0,131.0,0.0
2023-03-19 17:23:10.408000+00:00,502.0,2.0,133.0,0.0137489999999999
2023-03-19 17:23:15.408000+00:00,510.0,4.0,134.0,0.004873000000000016
2023-03-19 17:23:20.408000+00:00,510.0,0.0,134.0,0.0
2023-03-19 17:23:25.408000+00:00,510.0,0.0,134.0,0.0
2023-03-19 17:23:30.408000+00:00,514.0,0.0,134.0,0.0
2023-03-19 17:23:35.411000+00:00,518.0,0.0,136.0,0.010063000000000155
2023-03-19 17:23:40.408000+00:00,522.0,1.0,137.0,0.006029999999999869
2023-03-19 17:23:45.408000+00:00,530.0,3.0,139.0,0.01023699999999994
2023-03-19 17:23:50.408000+00:00,534.0,2.0,140.0,0.005274999999999808
2023-03-19 17:23:55.408000+00:00,538.0,3.0,142.0,0.012539999999999996
2023-03-19 17:24:00.416000+00:00,544.0,5.0,144.0,0.009628999999999999
2023-03-19 17:24:05.408000+00:00,546.0,1.0,144.0,0.0
2023-03-19 17:24:10.408000+00:00,548.0,1.0,144.0,0.0
2023-03-19 17:24:15.408000+00:00,548.0,0.0,144.0,0.0
2023-03-19 17:24:20.408000+00:00,550.0,0.0,144.0,0.0
2023-03-19 17:24:25.408000+00:00,552.0,1.0,146.0,0.014842000000000022
2023-03-19 17:24:30.408000+00:00,562.0,7.0,148.0,0.010874999999999968
2023-03-19 17:24:35.408000+00:00,562.0,0.0,148.0,0.0
2023-03-19 17:24:40.408000+00:00,570.0,4.0,151.0,0.016619999999999968
2023-03-19 17:24:45.408000+00:00,570.0,0.0,151.0,0.0
2023-03-19 17:24:50.408000+00:00,574.0,2.0,153.0,0.015557000000000043
2023-03-19 17:24:55.408000+00:00,578.0,2.0,154.0,0.05835400000000002
2023-03-19 17:25:00.408000+00:00,578.0,0.0,154.0,0.0
2023-03-19 17:25:05.408000+00:00,580.0,1.0,155.0,0.0035850000000001714
2023-03-19 17:25:10.408000+00:00,580.0,0.0,155.0,0.0
2023-03-19 17:25:15.408000+00:00,584.0,1.0,157.0,0.016644000000000325
2023-03-19 17:25:20.408000+00:00,584.0,0.0,157.0,0.0
2023-03-19 17:25:25.408000+00:00,590.0,2.0,159.0,0.01096599999999981
2023-03-19 17:25:30.408000+00:00,594.0,0.0,161.0,0.009235999999999578
2023-03-19 17:25:35.408000+00:00,598.0,2.0,163.0,0.02363800000000027
2023-03-19 17:25:40.408000+00:00,600.0,0.0,163.0,0.0
2023-03-19 17:25:45.408000+00:00,606.0,2.0,164.0,0.005711999999999939
2023-03-19 17:25:50.408000+00:00,614.0,3.0,166.0,0.01079999999999992
2023-03-19 17:25:55.408000+00:00,622.0,2.0,168.0,0.017450000000000188
2023-03-19 17:26:00.408000+00:00,624.0,0.0,170.0,0.013568000000000024
2023-03-19 17:26:05.408000+00:00,626.0,0.0,171.0,0.005334000000000172
2023-03-19 17:26:10.408000+00:00,628.0,2.0,172.0,0.005398999999999932
2023-03-19 17:26:15.408000+00:00,630.0,0.0,172.0,0.0
2023-03-19 17:26:20.408000+00:00,630.0,0.0,172.0,0.0
2023-03-19 17:26:25.408000+00:00,634.0,1.0,173.0,0.004598000000000102
2023-03-19 17:26:30.408000+00:00,638.0,1.0,174.0,0.0063349999999999795
2023-03-19 17:26:35.408000+00:00,640.0,0.0,175.0,0.008429999999999938
2023-03-19 17:26:40.408000+00:00,644.0,1.0,177.0,0.009792000000000023
2023-03-19 17:26:45.408000+00:00,644.0,0.0,177.0,0.0
2023-03-19 17:26:50.408000+00:00,648.0,3.0,179.0,0.009857000000000005
2023-03-19 17:26:55.408000+00:00,652.0,2.0,181.0,0.010677000000000048
2023-03-19 17:27:00.408000+00:00,658.0,2.0,183.0,0.01420700000000008
2023-03-19 17:27:05.408000+00:00,662.0,0.0,187.0,0.019763999999999893
2023-03-19 17:27:10.408000+00:00,664.0,0.0,188.0,0.005563999999999902
2023-03-19 17:27:15.408000+00:00,664.0,0.0,188.0,0.0
2023-03-19 17:27:20.408000+00:00,666.0,3.0,189.0,0.004777000000000031
2023-03-19 17:27:25.408000+00:00,668.0,0.0,189.0,0.0
2023-03-19 17:27:30.408000+00:00,674.0,2.0,192.0,0.015064999999999884
2023-03-19 17:27:35.408000+00:00,680.0,2.0,196.0,0.020008000000000026
2023-03-19 17:27:40.408000+00:00,688.0,3.0,201.0,0.031354000000000104
2023-03-19 17:27:45.408000+00:00,690.0,0.0,201.0,0.0
2023-03-19 17:27:50.408000+00:00,692.0,0.0,202.0,0.011141999999999985
2023-03-19 17:27:55.408000+00:00,698.0,0.0,202.0,0.0
2023-03-19 17:28:00.408000+00:00,700.0,0.0,203.0,0.005094000000000154
2023-03-19 17:28:05.408000+00:00,704.0,0.0,205.0,0.01217899999999994
2023-03-19 17:28:10.408000+00:00,704.0,0.0,205.0,0.0
2023-03-19 17:28:15.408000+00:00,706.0,1.0,205.0,0.0
2023-03-19 17:28:20.408000+00:00,710.0,1.0,208.0,0.02314599999999989
2023-03-19 17:28:25.408000+00:00,712.0,1.0,208.0,0.0
2023-03-19 17:28:30.408000+00:00,716.0,0.0,209.0,0.005848000000000297
2023-03-19 17:28:35.408000+00:00,720.0,2.0,211.0,0.01228000000000029
2023-03-19 17:28:40.408000+00:00,724.0,1.0,213.0,0.009920999999999847
2023-03-19 17:28:45.408000+00:00,724.0,0.0,214.0,0.005301
2023-03-19 17:28:50.408000+00:00,728.0,0.0,215.0,0.0045399999999999885
2023-03-19 17:28:55.408000+00:00,732.0,0.0,216.0,0.005270000000000108
2023-03-19 17:29:00.408000+00:00,736.0,0.0,216.0,0.0
2023-03-19 17:29:05.408000+00:00,736.0,0.0,216.0,0.0
2023-03-19 17:29:10.408000+00:00,736.0,0.0,217.0,0.0387519999999999
2023-03-19 17:29:15.408000+00:00,738.0,0.0,217.0,0.0
2023-03-19 17:29:20.408000+00:00,738.0,0.0,217.0,0.0
2023-03-19 17:29:25.408000+00:00,739.0,1.0,218.0,0.004955000000000043
2023-03-19 17:29:30.408000+00:00,740.0,0.0,218.0,0.0
2023-03-19 17:29:35.408000+00:00,742.0,0.0,219.0,0.010577999999999976
2023-03-19 17:29:40.408000+00:00,742.0,0.0,219.0,0.0
2023-03-19 17:29:45.408000+00:00,746.0,3.0,220.0,0.004971000000000059
2023-03-19 17:29:50.408000+00:00,746.0,0.0,220.0,0.0
2023-03-19 17:29:55.408000+00:00,746.0,0.0,220.0,0.0
2023-03-19 17:30:00.408000+00:00,746.0,0.0,220.0,0.0
2023-03-19 17:30:05.408000+00:00,748.0,1.0,221.0,0.005668000000000006
2023-03-19 17:30:10.408000+00:00,758.0,2.0,223.0,0.011190999999999951
2023-03-19 17:30:15.408000+00:00,766.0,1.0,226.0,0.01474400000000009
2023-03-19 17:30:20.408000+00:00,772.0,2.0,227.0,0.003969999999999585
2023-03-19 17:30:25.408000+00:00,776.0,0.0,228.0,0.005349999999999966
2023-03-19 17:30:30.408000+00:00,780.0,1.0,229.0,0.0049360000000000515
2023-03-19 17:30:35.408000+00:00,786.0,2.0,232.0,0.02009599999999989
2023-03-19 17:30:40.408000+00:00,788.0,0.0,232.0,0.0
2023-03-19 17:30:45.408000+00:00,794.0,2.0,234.0,0.00920399999999999
2023-03-19 17:30:50.408000+00:00,798.0,1.0,235.0,0.010275000000000034
2023-03-19 17:30:55.408000+00:00,798.0,0.0,235.0,0.0
2023-03-19 17:31:00.410000+00:00,802.0,0.0,236.0,0.0048760000000001025
2023-03-19 17:31:05.408000+00:00,804.0,1.0,237.0,0.005130999999999997
2023-03-19 17:31:10.408000+00:00,804.0,0.0,237.0,0.0
2023-03-19 17:31:15.408000+00:00,808.0,1.0,239.0,0.012143000000000015
2023-03-19 17:31:20.408000+00:00,810.0,0.0,240.0,0.005935999999999941
2023-03-19 17:31:25.408000+00:00,810.0,0.0,240.0,0.0
2023-03-19 17:31:30.408000+00:00,814.0,2.0,242.0,0.011507999999999852
2023-03-19 17:31:35.408000+00:00,818.0,0.0,244.0,0.018377000000000088
2023-03-19 17:31:40.408000+00:00,822.0,0.0,246.0,0.011783000000000099
2023-03-19 17:31:45.410000+00:00,824.0,1.0,247.0,0.0033520000000000216
2023-03-19 17:31:50.408000+00:00,826.0,1.0,247.0,0.0
2023-03-19 17:31:55.408000+00:00,830.0,1.0,247.0,0.0
2023-03-19 17:32:00.408000+00:00,834.0,2.0,248.0,0.007359999999999811
2023-03-19 17:32:05.408000+00:00,838.0,0.0,250.0,0.011228000000000016
2023-03-19 17:32:10.408000+00:00,844.0,2.0,252.0,0.010002000000000288
2023-03-19 17:32:15.408000+00:00,848.0,1.0,254.0,0.00971600000000028
2023-03-19 17:32:20.408000+00:00,854.0,2.0,257.0,0.017712999999999424
2023-03-19 17:32:25.408000+00:00,864.0,3.0,259.0,0.010454000000000185
2023-03-19 17:32:30.408000+00:00,872.0,4.0,262.0,0.06173599999999979
2023-03-19 17:32:35.408000+00:00,876.0,0.0,263.0,0.004906999999999995
2023-03-19 17:32:40.408000+00:00,882.0,3.0,264.0,0.004874000000000489
2023-03-19 17:32:45.408000+00:00,888.0,1.0,268.0,0.019843000000000055
2023-03-19 17:32:50.408000+00:00,892.0,2.0,268.0,0.0
2023-03-19 17:32:55.408000+00:00,894.0,1.0,268.0,0.0
2023-03-19 17:33:00.408000+00:00,894.0,0.0,268.0,0.0
2023-03-19 17:33:05.408000+00:00,896.0,2.0,270.0,0.012356000000000034
2023-03-19 17:33:10.408000+00:00,898.0,0.0,270.0,0.0
2023-03-19 17:33:15.408000+00:00,900.0,1.0,270.0,0.0
2023-03-19 17:33:20.408000+00:00,904.0,1.0,271.0,0.0047880000000000145
2023-03-19 17:33:25.408000+00:00,906.0,0.0,272.0,0.004097999999999935
2023-03-19 17:33:30.408000+00:00,910.0,2.0,274.0,0.008505999999999903
2023-03-19 17:33:35.408000+00:00,912.0,0.0,276.0,0.010632000000000197
2023-03-19 17:33:40.408000+00:00,914.0,1.0,277.0,0.0044079999999999675
2023-03-19 17:33:45.408000+00:00,918.0,1.0,279.0,0.012210999999999972
2023-03-19 17:33:50.408000+00:00,922.0,1.0,279.0,0.0
2023-03-19 17:33:55.408000+00:00,926.0,1.0,279.0,0.0
2023-03-19 17:34:00.408000+00:00,926.0,0.0,279.0,0.0
2023-03-19 17:34:05.408000+00:00,930.0,1.0,281.0,0.010240000000000027
2023-03-19 17:34:10.408000+00:00,934.0,3.0,283.0,0.012196000000000096
2023-03-19 17:34:15.408000+00:00,938.0,1.0,284.0,0.004709999999999992
2023-03-19 17:34:20.408000+00:00,944.0,3.0,285.0,0.014658999999999978
2023-03-19 17:34:25.408000+00:00,948.0,0.0,286.0,0.0056449999999999
2023-03-19 17:34:30.408000+00:00,956.0,2.0,288.0,0.012574000000000085
2023-03-19 17:34:35.408000+00:00,960.0,1.0,288.0,0.0
2023-03-19 17:34:40.408000+00:00,964.0,2.0,288.0,0.0
2023-03-19 17:34:45.408000+00:00,966.0,0.0,288.0,0.0
2023-03-19 17:34:50.408000+00:00,972.0,2.0,289.0,0.005217999999999945
2023-03-19 17:34:55.408000+00:00,976.0,5.0,289.0,0.0
2023-03-19 17:35:00.408000+00:00,978.0,0.0,290.0,0.005320999999999909
2023-03-19 17:35:05.408000+00:00,978.0,0.0,290.0,0.0
2023-03-19 17:35:10.408000+00:00,980.0,1.0,290.0,0.0
2023-03-19 17:35:15.408000+00:00,982.0,1.0,291.0,0.0053669999999999
2023-03-19 17:35:20.408000+00:00,986.0,4.0,293.0,0.010441000000000145
2023-03-19 17:35:25.408000+00:00,986.0,0.0,293.0,0.0
2023-03-19 17:35:30.408000+00:00,988.0,1.0,294.0,0.005287999999999959
2023-03-19 17:35:35.408000+00:00,988.0,0.0,294.0,0.0
2023-03-19 17:35:40.408000+00:00,992.0,3.0,294.0,0.0
2023-03-19 17:35:45.408000+00:00,998.0,1.0,297.0,0.015596999999999861
2023-03-19 17:35:50.408000+00:00,1002.0,1.0,298.0,0.0033560000000001367
2023-03-19 17:35:55.408000+00:00,1010.0,3.0,300.0,0.01104499999999975
2023-03-19 17:36:00.408000+00:00,1016.0,2.0,303.0,0.0
2023-03-19 17:36:05.408000+00:00,1018.0,1.0,304.0,0.005694000000000088
2023-03-19 17:36:10.408000+00:00,1028.0,3.0,306.0,0.013089999999999824
2023-03-19 17:36:15.408000+00:00,1030.0,0.0,308.0,0.009109000000000034
2023-03-19 17:36:20.408000+00:00,1030.0,0.0,308.0,0.0
2023-03-19 17:36:25.408000+00:00,1032.0,1.0,309.0,0.004701999999999984
2023-03-19 17:36:30.408000+00:00,1036.0,2.0,309.0,0.0
2023-03-19 17:36:35.408000+00:00,1042.0,1.0,310.0,0.004810999999999899
2023-03-19 17:36:40.408000+00:00,1046.0,1.0,312.0,0.012359999999999705
2023-03-19 17:36:45.408000+00:00,1053.0,2.0,313.0,0.00634900000000016
2023-03-19 17:36:50.408000+00:00,1060.0,3.0,316.0,0.01824199999999987
2023-03-19 17:36:55.408000+00:00,1066.0,3.0,319.0,0.015664000000000122
2023-03-19 17:37:00.408000+00:00,1068.0,1.0,320.0,0.006775999999999893
2023-03-19 17:37:05.408000+00:00,1070.0,0.0,321.0,0.005241999999999969
2023-03-19 17:37:10.408000+00:00,1074.0,2.0,321.0,0.0
2023-03-19 17:37:15.408000+00:00,1076.0,1.0,322.0,0.00514199999999998
2023-03-19 17:37:20.408000+00:00,1078.0,1.0,323.0,0.006701999999999986
2023-03-19 17:37:25.408000+00:00,1080.0,0.0,324.0,0.005207000000000184
2023-03-19 17:37:30.408000+00:00,1084.0,0.0,324.0,0.0
2023-03-19 17:37:35.408000+00:00,1090.0,1.0,326.0,0.010143999999999709
2023-03-19 17:37:40.408000+00:00,1092.0,1.0,328.0,0.008830000000000116
2023-03-19 17:37:45.408000+00:00,1100.0,2.0,329.0,0.005538000000000043
2023-03-19 17:37:50.408000+00:00,1100.0,0.0,329.0,0.0
2023-03-19 17:37:55.408000+00:00,1104.0,0.0,330.0,0.0049879999999999924
2023-03-19 17:38:00.408000+00:00,1104.0,0.0,330.0,0.0
2023-03-19 17:38:05.408000+00:00,1113.0,3.0,333.0,0.015433999999999726
2023-03-19 17:38:10.408000+00:00,1122.0,1.0,335.0,0.010618999999999934
2023-03-19 17:38:15.408000+00:00,1134.0,1.0,337.0,0.09757799999999994
2023-03-19 17:38:20.408000+00:00,1138.0,2.0,339.0,0.010380999999999974
2023-03-19 17:38:25.410000+00:00,1142.0,2.0,341.0,0.01018399999999997
2023-03-19 17:38:30.408000+00:00,1144.0,2.0,341.0,0.0
2023-03-19 17:38:35.408000+00:00,1146.0,0.0,341.0,0.0
2023-03-19 17:38:40.408000+00:00,1150.0,1.0,342.0,0.0045919999999999295
2023-03-19 17:38:45.408000+00:00,1150.0,0.0,342.0,0.0
2023-03-19 17:38:50.408000+00:00,1154.0,2.0,343.0,0.005009000000000263
2023-03-19 17:38:55.408000+00:00,1158.0,2.0,344.0,0.006639999999999757
2023-03-19 17:39:00.408000+00:00,1162.0,2.0,346.0,0.012467000000000006
2023-03-19 17:39:05.408000+00:00,1164.0,0.0,348.0,0.007757999999999932
2023-03-19 17:39:10.408000+00:00,1168.0,1.0,349.0,0.003926000000000318
2023-03-19 17:39:15.408000+00:00,1174.0,2.0,353.0,0.022068999999999672
2023-03-19 17:39:20.408000+00:00,1179.0,3.0,356.0,0.019944000000000184
2023-03-19 17:39:25.408000+00:00,1184.0,2.0,356.0,0.0
2023-03-19 17:39:30.408000+00:00,1184.0,0.0,356.0,0.0
2023-03-19 17:39:35.408000+00:00,1192.0,5.0,358.0,0.015106999999999982
2023-03-19 17:39:40.408000+00:00,1192.0,0.0,358.0,0.0
2023-03-19 17:39:45.408000+00:00,1196.0,2.0,358.0,0.0
2023-03-19 17:39:50.408000+00:00,1198.0,1.0,358.0,0.0
2023-03-19 17:39:55.408000+00:00,1202.0,0.0,358.0,0.0
2023-03-19 17:40:00.408000+00:00,1212.0,3.0,362.0,0.0317400000000001
2023-03-19 17:40:05.408000+00:00,1214.0,0.0,362.0,0.0
2023-03-19 17:40:10.408000+00:00,1220.0,0.0,364.0,0.012823000000000029
2023-03-19 17:40:15.408000+00:00,1226.0,1.0,366.0,0.010241999999999862
2023-03-19 17:40:20.408000+00:00,1232.0,3.0,367.0,0.004612999999999978
2023-03-19 17:40:25.408000+00:00,1234.0,2.0,367.0,0.0
2023-03-19 17:40:30.408000+00:00,1240.0,3.0,370.0,0.04439700000000002
2023-03-19 17:40:35.408000+00:00,1240.0,0.0,370.0,0.0
2023-03-19 17:40:40.408000+00:00,1240.0,0.0,370.0,0.0
2023-03-19 17:40:45.408000+00:00,1242.0,1.0,372.0,0.02653400000000028
2023-03-19 17:40:50.408000+00:00,1242.0,0.0,372.0,0.0
2023-03-19 17:40:55.408000+00:00,1244.0,0.0,374.0,0.009875999999999996
2023-03-19 17:41:00.408000+00:00,1248.0,1.0,374.0,0.0
2023-03-19 17:41:05.408000+00:00,1254.0,1.0,377.0,0.014052999999999871
2023-03-19 17:41:10.408000+00:00,1256.0,0.0,377.0,0.0
2023-03-19 17:41:15.408000+00:00,1259.0,1.0,378.0,0.0048319999999999474
2023-03-19 17:41:20.408000+00:00,1262.0,1.0,378.0,0.0
2023-03-19 17:41:25.408000+00:00,1268.0,3.0,378.0,0.0
2023-03-19 17:41:30.408000+00:00,1268.0,0.0,378.0,0.0
2023-03-19 17:41:35.408000+00:00,1272.0,1.0,379.0,0.0045519999999998895
2023-03-19 17:41:40.408000+00:00,1275.0,0.0,380.0,0.004751000000000172
2023-03-19 17:41:45.408000+00:00,1284.0,4.0,383.0,0.06876299999999991
2023-03-19 17:41:50.408000+00:00,1286.0,1.0,383.0,0.0
2023-03-19 17:41:55.408000+00:00,1292.0,1.0,385.0,0.010302000000000033
2023-03-19 17:42:00.408000+00:00,1292.0,0.0,385.0,0.0
2023-03-19 17:42:05.408000+00:00,1294.0,1.0,385.0,0.0
2023-03-19 17:42:10.408000+00:00,1300.0,4.0,386.0,0.00553199999999987
2023-03-19 17:42:15.408000+00:00,1302.0,1.0,386.0,0.0
2023-03-19 17:42:20.408000+00:00,1308.0,2.0,388.0,0.009339000000000208
2023-03-19 17:42:25.408000+00:00,1312.0,2.0,389.0,0.006016999999999939
2023-03-19 17:42:30.408000+00:00,1312.0,0.0,389.0,0.0
2023-03-19 17:42:35.408000+00:00,1315.0,0.0,390.0,0.007457999999999965
2023-03-19 17:42:40.408000+00:00,1324.0,1.0,392.0,0.00932899999999992
2023-03-19 17:42:45.408000+00:00,1326.0,0.0,392.0,0.0
2023-03-19 17:42:50.408000+00:00,1328.0,1.0,393.0,0.004369000000000067
2023-03-19 17:42:55.408000+00:00,1328.0,0.0,393.0,0.0
2023-03-19 17:43:00.408000+00:00,1330.0,0.0,393.0,0.0
2023-03-19 17:43:10.408000+00:00,1336.0,2.0,396.0,0.014709000000000083
2023-03-19 17:43:15.408000+00:00,1338.0,0.0,397.0,0.004657999999999829
2023-03-19 17:43:20.408000+00:00,1342.0,2.0,398.0,0.0051720000000001765
2023-03-19 17:43:25.408000+00:00,1348.0,2.0,400.0,0.011697999999999986
2023-03-19 17:43:30.408000+00:00,1350.0,1.0,400.0,0.0
2023-03-19 17:43:35.408000+00:00,1350.0,0.0,400.0,0.0
2023-03-19 17:43:40.408000+00:00,1356.0,0.0,402.0,0.009396000000000182
2023-03-19 17:43:45.408000+00:00,1362.0,1.0,404.0,0.07853299999999974
2023-03-19 17:43:50.408000+00:00,1364.0,0.0,404.0,0.0
2023-03-19 17:43:55.408000+00:00,1368.0,0.0,405.0,0.010955000000000492
2023-03-19 17:44:00.408000+00:00,1372.0,2.0,406.0,0.004863999999999535
2023-03-19 17:44:10.408000+00:00,1378.0,2.0,407.0,0.0038240000000000496
2023-03-19 17:44:15.408000+00:00,1380.0,0.0,407.0,0.0
2023-03-19 17:44:20.408000+00:00,1384.0,3.0,408.0,0.005641000000000007
2023-03-19 17:44:25.408000+00:00,1388.0,0.0,409.0,0.003862000000000032
2023-03-19 17:44:30.408000+00:00,1388.0,0.0,409.0,0.0
2023-03-19 17:44:35.408000+00:00,1392.0,3.0,410.0,0.005117999999999956
2023-03-19 17:44:40.408000+00:00,1394.0,1.0,410.0,0.0
2023-03-19 17:44:45.408000+00:00,1398.0,3.0,411.0,0.0045079999999999565
2023-03-19 17:44:50.408000+00:00,1402.0,0.0,413.0,0.015010999999999886
2023-03-19 17:44:55.408000+00:00,1408.0,2.0,415.0,0.009573000000000054
2023-03-19 17:45:00.408000+00:00,1410.0,1.0,416.0,0.005122000000000515
2023-03-19 17:45:05.408000+00:00,1414.0,0.0,418.0,0.009374999999999467
2023-03-19 17:45:10.408000+00:00,1416.0,0.0,419.0,0.0052400000000001334
2023-03-19 17:45:15.408000+00:00,1416.0,0.0,419.0,0.0
2023-03-19 17:45:20.408000+00:00,1422.0,3.0,419.0,0.0
2023-03-19 17:45:25.408000+00:00,1424.0,1.0,419.0,0.0
2023-03-19 17:45:30.408000+00:00,1428.0,1.0,420.0,0.005893999999999844
2023-03-19 17:45:40.408000+00:00,1436.0,1.0,421.0,0.005462999999999996
2023-03-19 17:45:45.408000+00:00,1438.0,1.0,421.0,0.0
2023-03-19 17:45:50.408000+00:00,1444.0,1.0,421.0,0.0
2023-03-19 17:45:55.408000+00:00,1452.0,1.0,424.0,0.08287400000000011
2023-03-19 17:46:00.408000+00:00,1454.0,0.0,424.0,0.0
2023-03-19 17:46:05.408000+00:00,1458.0,1.0,425.0,0.004545999999999939
2023-03-19 17:46:10.408000+00:00,1460.0,1.0,426.0,0.0059499999999999
2023-03-19 17:46:15.408000+00:00,1462.0,1.0,426.0,0.0
2023-03-19 17:46:20.408000+00:00,1464.0,0.0,427.0,0.005651000000000295
2023-03-19 17:46:25.408000+00:00,1464.0,0.0,427.0,0.0
2023-03-19 17:46:30.408000+00:00,1468.0,2.0,428.0,0.006969999999999921
2023-03-19 17:46:35.408000+00:00,1468.0,0.0,428.0,0.0
2023-03-19 17:46:40.408000+00:00,1472.0,1.0,429.0,0.006380999999999748
2023-03-19 17:46:45.408000+00:00,1480.0,2.0,430.0,0.005581999999999976
2023-03-19 17:46:50.408000+00:00,1482.0,0.0,430.0,0.0
2023-03-19 17:46:55.408000+00:00,1484.0,1.0,432.0,0.013095999999999997
2023-03-19 17:47:00.408000+00:00,1486.0,1.0,433.0,0.007784000000000013
2023-03-19 17:47:05.408000+00:00,1486.0,0.0,433.0,0.0
2023-03-19 17:47:10.408000+00:00,1494.0,3.0,433.0,0.0
2023-03-19 17:47:15.408000+00:00,1496.0,0.0,434.0,0.005161000000000193
2023-03-19 17:47:20.408000+00:00,1498.0,1.0,434.0,0.0
2023-03-19 17:47:25.408000+00:00,1502.0,0.0,434.0,0.0
2023-03-19 17:47:30.408000+00:00,1504.0,1.0,436.0,0.013614000000000015
2023-03-19 17:47:35.408000+00:00,1510.0,0.0,436.0,0.0
2023-03-19 17:47:40.408000+00:00,1512.0,1.0,436.0,0.0
2023-03-19 17:47:45.408000+00:00,1520.0,3.0,438.0,0.01237900000000014
2023-03-19 17:47:50.408000+00:00,1526.0,1.0,440.0,0.011090000000000266
2023-03-19 17:47:55.408000+00:00,1530.0,1.0,441.0,0.014628000000000085
2023-03-19 17:48:00.408000+00:00,1532.0,2.0,442.0,0.005338000000000065
2023-03-19 17:48:05.408000+00:00,1536.0,0.0,443.0,0.007518000000000136
2023-03-19 17:48:10.408000+00:00,1542.0,0.0,444.0,0.0041739999999999
2023-03-19 17:48:15.408000+00:00,1542.0,0.0,444.0,0.0
2023-03-19 17:48:20.408000+00:00,1544.0,1.0,445.0,0.0050040000000000084
2023-03-19 17:48:25.408000+00:00,1544.0,0.0,445.0,0.0
2023-03-19 17:48:30.408000+00:00,1546.0,0.0,446.0,0.006772000000000222
2023-03-19 17:48:35.408000+00:00,1546.0,0.0,446.0,0.0
2023-03-19 17:48:40.410000+00:00,1552.0,4.0,447.0,0.0046520000000001005
2023-03-19 17:48:45.408000+00:00,1552.0,0.0,447.0,0.0
2023-03-19 17:48:50.408000+00:00,1552.0,0.0,447.0,0.0
2023-03-19 17:48:55.408000+00:00,1554.0,0.0,447.0,0.0
2023-03-19 17:49:00.408000+00:00,1556.0,1.0,448.0,0.0049360000000002735
2023-03-19 17:49:05.408000+00:00,1562.0,1.0,450.0,0.013789000000000051
2023-03-19 17:49:10.408000+00:00,1568.0,2.0,452.0,0.015258999999999912
2023-03-19 17:49:15.408000+00:00,1570.0,0.0,453.0,0.005178999999999601
2023-03-19 17:49:20.408000+00:00,1580.0,3.0,458.0,0.03253200000000023
2023-03-19 17:49:25.408000+00:00,1582.0,0.0,459.0,0.006027000000000005
2023-03-19 17:49:30.408000+00:00,1588.0,2.0,462.0,0.01625500000000013
2023-03-19 17:49:35.408000+00:00,1588.0,0.0,462.0,0.0
2023-03-19 17:49:40.408000+00:00,1590.0,1.0,462.0,0.0
2023-03-19 17:49:45.408000+00:00,1594.0,2.0,463.0,0.006864999999999899
2023-03-19 17:49:50.408000+00:00,1596.0,1.0,463.0,0.0
2023-03-19 17:49:55.408000+00:00,1602.0,2.0,464.0,0.004277000000000086
2023-03-19 17:50:00.408000+00:00,1606.0,0.0,464.0,0.0
2023-03-19 17:50:05.408000+00:00,1606.0,0.0,464.0,0.0
2023-03-19 17:50:10.408000+00:00,1608.0,1.0,465.0,0.005361999999999867
2023-03-19 17:50:15.408000+00:00,1614.0,2.0,468.0,0.0960169999999998
2023-03-19 17:50:20.408000+00:00,1618.0,1.0,468.0,0.0
2023-03-19 17:50:25.408000+00:00,1624.0,2.0,468.0,0.0
2023-03-19 17:50:30.408000+00:00,1626.0,0.0,469.0,0.00573200000000007
2023-03-19 17:50:35.408000+00:00,1626.0,0.0,469.0,0.0
2023-03-19 17:50:40.408000+00:00,1626.0,0.0,469.0,0.0
2023-03-19 17:50:45.408000+00:00,1628.0,0.0,469.0,0.0
2023-03-19 17:50:50.408000+00:00,1630.0,1.0,469.0,0.0
2023-03-19 17:50:55.408000+00:00,1632.0,0.0,470.0,0.008087000000000177
2023-03-19 17:51:00.408000+00:00,1634.0,1.0,471.0,0.011552000000000007
2023-03-19 17:51:05.408000+00:00,1638.0,0.0,472.0,0.005290000000000017
2023-03-19 17:51:10.408000+00:00,1653.0,5.0,475.0,0.017815000000000136
2023-03-19 17:51:15.408000+00:00,1656.0,0.0,475.0,0.0
2023-03-19 17:51:20.408000+00:00,1662.0,2.0,477.0,0.009902999999999995
2023-03-19 17:51:25.408000+00:00,1670.0,1.0,479.0,0.012354999999999894
2023-03-19 17:51:30.408000+00:00,1678.0,3.0,481.0,0.020205999999999946
2023-03-19 17:51:35.408000+00:00,1680.0,1.0,481.0,0.0
2023-03-19 17:51:40.408000+00:00,1684.0,0.0,482.0,0.00573200000000007
2023-03-19 17:51:45.408000+00:00,1686.0,0.0,483.0,0.005418000000000145
2023-03-19 17:51:50.408000+00:00,1692.0,1.0,484.0,0.005017999999999745
2023-03-19 17:51:55.408000+00:00,1694.0,0.0,485.0,0.005133000000000276
2023-03-19 17:52:00.408000+00:00,1698.0,2.0,485.0,0.0
2023-03-19 17:52:05.408000+00:00,1704.0,2.0,486.0,0.005056999999999867
2023-03-19 17:52:10.408000+00:00,1708.0,1.0,487.0,0.004998000000000058
2023-03-19 17:52:15.408000+00:00,1714.0,2.0,488.0,0.005305999999999589
2023-03-19 17:52:20.408000+00:00,1716.0,1.0,488.0,0.0
2023-03-19 17:52:25.408000+00:00,1720.0,0.0,490.0,0.028374000000000343
2023-03-19 17:52:30.408000+00:00,1720.0,0.0,490.0,0.0
2023-03-19 17:52:35.408000+00:00,1724.0,0.0,491.0,0.0038520000000001886
2023-03-19 17:52:40.408000+00:00,1724.0,0.0,491.0,0.0
2023-03-19 17:52:45.408000+00:00,1724.0,0.0,491.0,0.0
2023-03-19 17:52:50.408000+00:00,1724.0,0.0,491.0,0.0
2023-03-19 17:52:55.408000+00:00,1726.0,1.0,491.0,0.0
2023-03-19 17:53:00.408000+00:00,1728.0,1.0,492.0,0.005126999999999882
2023-03-19 17:53:05.408000+00:00,1730.0,0.0,492.0,0.0
2023-03-19 17:53:10.408000+00:00,1734.0,1.0,493.0,0.006165999999999894
2023-03-19 17:53:15.408000+00:00,1736.0,0.0,494.0,0.004898999999999987
2023-03-19 17:53:20.408000+00:00,1746.0,2.0,497.0,0.01607599999999998
2023-03-19 17:53:25.408000+00:00,1752.0,2.0,499.0,0.01089799999999963
2023-03-19 17:53:30.408000+00:00,1758.0,1.0,503.0,0.022340999999999944
2023-03-19 17:53:35.408000+00:00,1758.0,0.0,503.0,0.0
2023-03-19 17:53:40.408000+00:00,1764.0,2.0,504.0,0.0049570000000001
2023-03-19 17:53:45.408000+00:00,1768.0,1.0,506.0,0.044613000000000014
2023-03-19 17:53:50.408000+00:00,1776.0,2.0,509.0,0.01469200000000015
2023-03-19 17:53:55.408000+00:00,1780.0,1.0,511.0,0.011127000000000109
2023-03-19 17:54:00.408000+00:00,1782.0,0.0,512.0,0.005063999999999957
2023-03-19 17:54:05.408000+00:00,1782.0,0.0,512.0,0.0
2023-03-19 17:54:10.408000+00:00,1790.0,2.0,512.0,0.0
2023-03-19 17:54:15.408000+00:00,1796.0,1.0,514.0,0.009204999999999686
2023-03-19 17:54:20.408000+00:00,1798.0,0.0,514.0,0.0
2023-03-19 17:54:25.408000+00:00,1802.0,1.0,515.0,0.004633999999999805
2023-03-19 17:54:30.408000+00:00,1804.0,0.0,516.0,0.005238000000000298
2023-03-19 17:54:35.408000+00:00,1804.0,0.0,516.0,0.0
2023-03-19 17:54:40.408000+00:00,1807.0,1.0,517.0,0.00487100000000007
2023-03-19 17:54:45.408000+00:00,1810.0,2.0,517.0,0.0
2023-03-19 17:54:50.408000+00:00,1812.0,1.0,517.0,0.0
2023-03-19 17:54:55.408000+00:00,1812.0,0.0,517.0,0.0
2023-03-19 17:55:00.408000+00:00,1814.0,1.0,517.0,0.0
2023-03-19 17:55:05.408000+00:00,1816.0,0.0,517.0,0.0
2023-03-19 17:55:10.408000+00:00,1818.0,0.0,519.0,0.01153700000000013
2023-03-19 17:55:15.408000+00:00,1822.0,2.0,522.0,0.016391000000000044
2023-03-19 17:55:20.408000+00:00,1824.0,1.0,523.0,0.005066999999999933
2023-03-19 17:55:25.408000+00:00,1832.0,4.0,526.0,0.019763000000000197
2023-03-19 17:55:30.408000+00:00,1842.0,2.0,529.0,0.03829899999999986
2023-03-19 17:55:35.408000+00:00,1844.0,0.0,529.0,0.0
2023-03-19 17:55:40.408000+00:00,1846.0,1.0,529.0,0.0
2023-03-19 17:55:45.408000+00:00,1858.0,3.0,536.0,0.04872399999999999
2023-03-19 17:55:50.408000+00:00,1864.0,1.0,537.0,0.004665999999999837
2023-03-19 17:55:55.408000+00:00,1870.0,2.0,538.0,0.0050240000000001395
2023-03-19 17:56:00.408000+00:00,1873.0,1.0,539.0,0.005281999999999787
2023-03-19 17:56:05.408000+00:00,1874.0,0.0,539.0,0.0
2023-03-19 17:56:10.408000+00:00,1884.0,0.0,541.0,0.015077000000000229
2023-03-19 17:56:15.408000+00:00,1888.0,0.0,544.0,0.03341800000000017
2023-03-19 17:56:20.408000+00:00,1892.0,1.0,546.0,0.011307999999999652
2023-03-19 17:56:25.408000+00:00,1896.0,1.0,547.0,0.005835000000000257
2023-03-19 17:56:30.408000+00:00,1896.0,0.0,547.0,0.0
2023-03-19 17:56:35.408000+00:00,1898.0,0.0,548.0,0.004887999999999781
2023-03-19 17:56:40.408000+00:00,1900.0,0.0,549.0,0.004685999999999968
2023-03-19 17:56:45.408000+00:00,1902.0,1.0,550.0,0.004785000000000039
2023-03-19 17:56:50.408000+00:00,1908.0,2.0,553.0,0.03561600000000009
2023-03-19 17:56:55.408000+00:00,1908.0,0.0,553.0,0.0
2023-03-19 17:57:00.408000+00:00,1910.0,0.0,554.0,0.005078000000000138
2023-03-19 17:57:05.408000+00:00,1912.0,2.0,556.0,0.010472000000000037
2023-03-19 17:57:10.408000+00:00,1918.0,3.0,558.0,0.009806999999999899
2023-03-19 17:57:15.408000+00:00,1924.0,4.0,560.0,0.010353999999999974
2023-03-19 17:57:20.408000+00:00,1928.0,4.0,560.0,0.0
2023-03-19 17:57:25.408000+00:00,1932.0,1.0,563.0,0.0
2023-03-19 17:57:30.408000+00:00,1935.0,0.0,565.0,0.008949000000000318
2023-03-19 17:57:35.412000+00:00,1944.0,4.0,568.0,0.015583000000000347
2023-03-19 17:57:40.408000+00:00,1950.0,3.0,568.0,0.0
2023-03-19 17:57:45.408000+00:00,1954.0,1.0,569.0,0.005043000000000131
2023-03-19 17:57:50.408000+00:00,1960.0,1.0,572.0,0.020776000000000128
2023-03-19 17:57:55.408000+00:00,1962.0,0.0,573.0,0.005408000000000079
2023-03-19 17:58:00.408000+00:00,1968.0,1.0,576.0,0.019115000000000215
2023-03-19 17:58:05.408000+00:00,1970.0,0.0,576.0,0.0
2023-03-19 17:58:10.408000+00:00,1978.0,2.0,576.0,0.0
2023-03-19 17:58:15.408000+00:00,1982.0,2.0,578.0,0.013294000000000139
2023-03-19 17:58:20.408000+00:00,1984.0,0.0,578.0,0.0
2023-03-19 17:58:25.408000+00:00,1988.0,0.0,578.0,0.0
2023-03-19 17:58:30.408000+00:00,1992.0,0.0,579.0,0.004837000000000646
2023-03-19 17:58:35.408000+00:00,1992.0,0.0,579.0,0.0
2023-03-19 17:58:40.408000+00:00,2002.0,0.0,580.0,0.004791999999999685
2023-03-19 17:58:45.408000+00:00,2008.0,1.0,582.0,0.009840999999999767
2023-03-19 17:58:50.408000+00:00,2008.0,0.0,582.0,0.0
2023-03-19 17:58:55.408000+00:00,2008.0,0.0,582.0,0.0
2023-03-19 17:59:00.408000+00:00,2010.0,0.0,583.0,0.004643000000000175
2023-03-19 17:59:05.408000+00:00,2012.0,0.0,583.0,0.0
2023-03-19 17:59:10.408000+00:00,2018.0,2.0,586.0,0.016758999999999524
2023-03-19 17:59:15.408000+00:00,2020.0,0.0,587.0,0.005457999999999963
2023-03-19 17:59:20.408000+00:00,2022.0,0.0,587.0,0.0
2023-03-19 17:59:25.408000+00:00,2026.0,0.0,587.0,0.0
2023-03-19 17:59:30.408000+00:00,2030.0,2.0,587.0,0.0
2023-03-19 17:59:35.408000+00:00,2030.0,0.0,587.0,0.0
2023-03-19 17:59:40.408000+00:00,2032.0,1.0,587.0,0.0
2023-03-19 17:59:45.408000+00:00,2036.0,2.0,588.0,0.004446999999999868
2023-03-19 17:59:50.408000+00:00,2044.0,0.0,590.0,0.0
2023-03-19 17:59:55.408000+00:00,2048.0,2.0,591.0,0.005270000000000108
2023-03-19 18:00:00.408000+00:00,2052.0,3.0,593.0,0.010608000000000173
2023-03-19 18:00:05.408000+00:00,2060.0,2.0,594.0,0.004674000000000067
2023-03-19 18:00:10.408000+00:00,2062.0,0.0,596.0,0.00918000000000041
2023-03-19 18:00:15.408000+00:00,2070.0,0.0,596.0,0.0
2023-03-19 18:00:20.408000+00:00,2072.0,2.0,598.0,0.011758999999999409
2023-03-19 18:00:25.408000+00:00,2076.0,1.0,601.0,0.021501000000000436
2023-03-19 18:00:30.408000+00:00,2076.0,0.0,601.0,0.0
2023-03-19 18:00:35.408000+00:00,2078.0,0.0,601.0,0.0
2023-03-19 18:00:40.408000+00:00,2084.0,2.0,606.0,0.029935999999999963
2023-03-19 18:00:45.408000+00:00,2090.0,1.0,609.0,0.03628200000000015
2023-03-19 18:00:50.408000+00:00,2094.0,1.0,610.0,0.008384000000000169
2023-03-19 18:00:55.408000+00:00,2096.0,0.0,611.0,0.011311000000000071
2023-03-19 18:01:00.408000+00:00,2098.0,0.0,612.0,0.004915000000000003
2023-03-19 18:01:05.408000+00:00,2100.0,0.0,613.0,0.004960999999999993
2023-03-19 18:01:10.408000+00:00,2100.0,0.0,613.0,0.0
2023-03-19 18:01:15.408000+00:00,2100.0,0.0,613.0,0.0
2023-03-19 18:01:20.408000+00:00,2104.0,1.0,614.0,0.003358000000000194
2023-03-19 18:01:25.408000+00:00,2108.0,0.0,614.0,0.0
2023-03-19 18:01:30.408000+00:00,2108.0,0.0,614.0,0.0
2023-03-19 18:01:35.408000+00:00,2110.0,0.0,614.0,0.0
2023-03-19 18:01:40.408000+00:00,2110.0,0.0,614.0,0.0
2023-03-19 18:01:45.408000+00:00,2116.0,2.0,617.0,0.020185999999999593
2023-03-19 18:01:50.408000+00:00,2120.0,1.0,617.0,0.0
2023-03-19 18:01:55.408000+00:00,2128.0,1.0,619.0,0.009475999999999818
2023-03-19 18:02:00.408000+00:00,2136.0,1.0,624.0,0.03124600000000033
2023-03-19 18:02:05.408000+00:00,2138.0,0.0,625.0,0.00493499999999969
2023-03-19 18:02:10.408000+00:00,2140.0,0.0,625.0,0.0
2023-03-19 18:02:15.408000+00:00,2144.0,1.0,628.0,0.01517500000000016
2023-03-19 18:02:20.408000+00:00,2144.0,0.0,628.0,0.0
2023-03-19 18:02:25.408000+00:00,2148.0,2.0,630.0,0.015977999999999604
2023-03-19 18:02:30.408000+00:00,2150.0,1.0,630.0,0.0
2023-03-19 18:02:35.408000+00:00,2158.0,4.0,631.0,0.005300000000000082
2023-03-19 18:02:40.408000+00:00,2158.0,0.0,631.0,0.0
2023-03-19 18:02:45.408000+00:00,2166.0,3.0,634.0,0.016360999999999848
2023-03-19 18:02:50.408000+00:00,2176.0,3.0,634.0,0.0
2023-03-19 18:02:55.408000+00:00,2178.0,0.0,634.0,0.0
2023-03-19 18:03:00.408000+00:00,2178.0,0.0,634.0,0.0
2023-03-19 18:03:05.408000+00:00,2178.0,0.0,634.0,0.0
2023-03-19 18:03:10.408000+00:00,2180.0,1.0,634.0,0.0
2023-03-19 18:03:15.408000+00:00,2182.0,0.0,634.0,0.0
2023-03-19 18:03:20.408000+00:00,2188.0,1.0,636.0,0.009551000000000087
2023-03-19 18:03:25.408000+00:00,2192.0,0.0,637.0,0.006369000000000069
2023-03-19 18:03:30.408000+00:00,2192.0,0.0,637.0,0.0
2023-03-19 18:03:35.408000+00:00,2192.0,0.0,637.0,0.0
2023-03-19 18:03:40.408000+00:00,2194.0,0.0,638.0,0.003435000000000299
2023-03-19 18:03:45.408000+00:00,2196.0,0.0,639.0,0.003765999999999714
2023-03-19 18:03:50.408000+00:00,2200.0,1.0,643.0,0.018316999999999917
2023-03-19 18:03:55.408000+00:00,2204.0,1.0,643.0,0.0
2023-03-19 18:04:00.408000+00:00,2212.0,1.0,646.0,0.013891999999999793
2023-03-19 18:04:05.408000+00:00,2214.0,0.0,646.0,0.0
2023-03-19 18:04:10.408000+00:00,2216.0,1.0,646.0,0.0
2023-03-19 18:04:15.408000+00:00,2220.0,3.0,648.0,0.011707000000000578
2023-03-19 18:04:20.408000+00:00,2222.0,1.0,649.0,0.006576999999999833
2023-03-19 18:04:25.408000+00:00,2226.0,1.0,651.0,0.009398000000000017
2023-03-19 18:04:30.408000+00:00,2230.0,2.0,652.0,0.004761000000000015
2023-03-19 18:04:35.408000+00:00,2230.0,0.0,652.0,0.0
2023-03-19 18:04:40.408000+00:00,2234.0,2.0,653.0,0.005309000000000008
2023-03-19 18:04:45.408000+00:00,2244.0,2.0,660.0,0.04140799999999989
2023-03-19 18:04:50.408000+00:00,2246.0,1.0,660.0,0.0
2023-03-19 18:04:55.408000+00:00,2253.0,1.0,664.0,0.0420910000000001
2023-03-19 18:05:00.408000+00:00,2256.0,0.0,665.0,0.004549999999999832
2023-03-19 18:05:05.408000+00:00,2260.0,1.0,666.0,0.005957999999999908
2023-03-19 18:05:10.408000+00:00,2260.0,0.0,666.0,0.0
2023-03-19 18:05:15.408000+00:00,2262.0,1.0,667.0,0.005290000000000017
2023-03-19 18:05:20.408000+00:00,2262.0,0.0,667.0,0.0
2023-03-19 18:05:25.408000+00:00,2266.0,2.0,669.0,0.012288999999999994
2023-03-19 18:05:30.408000+00:00,2272.0,3.0,670.0,0.005853999999999804
2023-03-19 18:05:35.408000+00:00,2274.0,0.0,670.0,0.0
2023-03-19 18:05:40.408000+00:00,2276.0,2.0,671.0,0.005186000000000135
2023-03-19 18:05:45.408000+00:00,2276.0,0.0,671.0,0.0
2023-03-19 18:05:50.408000+00:00,2278.0,1.0,672.0,0.010407999999999973
2023-03-19 18:05:55.408000+00:00,2288.0,4.0,677.0,0.026661999999999964
2023-03-19 18:06:00.408000+00:00,2288.0,0.0,677.0,0.0
2023-03-19 18:06:05.408000+00:00,2294.0,3.0,678.0,0.005243000000000109
2023-03-19 18:06:10.408000+00:00,2294.0,0.0,678.0,0.0
2023-03-19 18:06:15.408000+00:00,2298.0,0.0,680.0,0.010791999999999913
2023-03-19 18:06:20.408000+00:00,2300.0,0.0,680.0,0.0
2023-03-19 18:06:25.408000+00:00,2308.0,0.0,681.0,0.005586000000000313
2023-03-19 18:06:30.408000+00:00,2310.0,1.0,682.0,0.004942999999999698
2023-03-19 18:06:35.408000+00:00,2310.0,0.0,682.0,0.0
2023-03-19 18:06:40.408000+00:00,2312.0,1.0,682.0,0.0
2023-03-19 18:06:45.408000+00:00,2322.0,2.0,684.0,0.01157800000000031
2023-03-19 18:06:50.408000+00:00,2329.0,1.0,685.0,0.0
2023-03-19 18:06:55.408000+00:00,2330.0,0.0,685.0,0.0
2023-03-19 18:07:00.408000+00:00,2334.0,2.0,685.0,0.0
2023-03-19 18:07:05.408000+00:00,2334.0,0.0,685.0,0.0
2023-03-19 18:07:10.408000+00:00,2338.0,2.0,685.0,0.0
2023-03-19 18:07:15.408000+00:00,2342.0,0.0,686.0,0.005149999999999988
2023-03-19 18:07:20.408000+00:00,2342.0,0.0,686.0,0.0
2023-03-19 18:07:25.408000+00:00,2346.0,1.0,687.0,0.005251999999999923
2023-03-19 18:07:30.408000+00:00,2346.0,0.0,687.0,0.0
2023-03-19 18:07:35.408000+00:00,2346.0,0.0,687.0,0.0
2023-03-19 18:07:40.408000+00:00,2346.0,0.0,687.0,0.0
2023-03-19 18:07:45.408000+00:00,2348.0,1.0,687.0,0.0
2023-03-19 18:07:50.408000+00:00,2348.0,0.0,687.0,0.0
2023-03-19 18:07:55.408000+00:00,2348.0,0.0,687.0,0.0
2023-03-19 18:08:00.413000+00:00,2348.0,0.0,687.0,0.0
2023-03-19 18:08:05.408000+00:00,2348.0,0.0,687.0,0.0
2023-03-19 18:08:10.408000+00:00,2356.0,3.0,691.0,0.018972999999999907
2023-03-19 18:08:15.408000+00:00,2369.0,6.0,694.0,0.016970999999999847
2023-03-19 18:08:20.408000+00:00,2374.0,1.0,696.0,0.010844999999999994
2023-03-19 18:08:25.408000+00:00,2386.0,2.0,698.0,0.02011200000000002
2023-03-19 18:08:30.408000+00:00,2388.0,0.0,698.0,0.0
2023-03-19 18:08:35.408000+00:00,2392.0,1.0,700.0,0.010484999999999967
2023-03-19 18:08:40.408000+00:00,2396.0,0.0,700.0,0.0
2023-03-19 18:08:45.408000+00:00,2396.0,0.0,700.0,0.0
2023-03-19 18:08:50.408000+00:00,2396.0,0.0,700.0,0.0
2023-03-19 18:08:55.408000+00:00,2402.0,1.0,701.0,0.004385000000000194
2023-03-19 18:09:00.408000+00:00,2402.0,0.0,701.0,0.0
2023-03-19 18:09:05.408000+00:00,2404.0,2.0,702.0,0.005541000000000018
2023-03-19 18:09:10.408000+00:00,2408.0,2.0,702.0,0.0
2023-03-19 18:09:15.408000+00:00,2410.0,1.0,702.0,0.0
2023-03-19 18:09:20.408000+00:00,2412.0,1.0,702.0,0.0
2023-03-19 18:09:25.408000+00:00,2416.0,2.0,704.0,0.010342999999999991
2023-03-19 18:09:30.408000+00:00,2420.0,2.0,706.0,0.010522999999999838
2023-03-19 18:09:35.408000+00:00,2424.0,2.0,706.0,0.0
2023-03-19 18:09:40.408000+00:00,2426.0,1.0,707.0,0.006627999999999967
2023-03-19 18:09:45.408000+00:00,2430.0,1.0,707.0,0.0
2023-03-19 18:09:50.408000+00:00,2430.0,0.0,707.0,0.0
2023-03-19 18:09:55.408000+00:00,2432.0,1.0,707.0,0.0
2023-03-19 18:10:00.408000+00:00,2434.0,1.0,708.0,0.0729200000000001
2023-03-19 18:10:05.408000+00:00,2440.0,1.0,710.0,0.010776000000000119
2023-03-19 18:10:10.408000+00:00,2444.0,1.0,711.0,0.0051000000000001044
2023-03-19 18:10:15.408000+00:00,2452.0,4.0,714.0,0.018611000000000377
2023-03-19 18:10:20.408000+00:00,2459.0,1.0,717.0,0.016704999999999748
2023-03-19 18:10:25.408000+00:00,2472.0,2.0,720.0,0.03115800000000002
2023-03-19 18:10:30.408000+00:00,2478.0,3.0,724.0,0.021204
2023-03-19 18:10:35.408000+00:00,2484.0,2.0,724.0,0.0
2023-03-19 18:10:40.408000+00:00,2488.0,0.0,724.0,0.0
2023-03-19 18:10:45.408000+00:00,2492.0,1.0,725.0,0.0052280000000002325
2023-03-19 18:10:50.408000+00:00,2494.0,0.0,727.0,0.010826999999999698
2023-03-19 18:10:55.408000+00:00,2496.0,0.0,728.0,0.004850000000000021
2023-03-19 18:11:00.408000+00:00,2496.0,0.0,728.0,0.0
2023-03-19 18:11:05.408000+00:00,2500.0,2.0,729.0,0.005627999999999966
2023-03-19 18:11:10.408000+00:00,2502.0,0.0,729.0,0.0
2023-03-19 18:11:15.408000+00:00,2502.0,0.0,729.0,0.0
2023-03-19 18:11:20.408000+00:00,2510.0,1.0,731.0,0.025066000000000033
2023-03-19 18:11:25.408000+00:00,2512.0,1.0,732.0,0.00474299999999972
2023-03-19 18:11:30.408000+00:00,2514.0,1.0,732.0,0.0
2023-03-19 18:11:35.408000+00:00,2518.0,2.0,735.0,0.014257000000000186
2023-03-19 18:11:40.408000+00:00,2518.0,0.0,735.0,0.0
2023-03-19 18:11:45.408000+00:00,2522.0,4.0,735.0,0.0
2023-03-19 18:11:50.408000+00:00,2522.0,0.0,735.0,0.0
2023-03-19 18:11:55.408000+00:00,2524.0,0.0,735.0,0.0
2023-03-19 18:12:00.408000+00:00,2526.0,0.0,735.0,0.0
2023-03-19 18:12:05.408000+00:00,2528.0,0.0,736.0,0.00498299999999996
2023-03-19 18:12:10.408000+00:00,2530.0,0.0,737.0,0.0
2023-03-19 18:12:15.408000+00:00,2536.0,1.0,739.0,0.015738000000000002
2023-03-19 18:12:20.408000+00:00,2538.0,2.0,740.0,0.004903999999999992
2023-03-19 18:12:25.408000+00:00,2546.0,3.0,742.0,0.011517999999999917
2023-03-19 18:12:30.408000+00:00,2560.0,3.0,744.0,0.011494999999999977
2023-03-19 18:12:35.408000+00:00,2564.0,1.0,744.0,0.0
2023-03-19 18:12:40.408000+00:00,2572.0,1.0,749.0,0.025306999999999913
2023-03-19 18:12:45.408000+00:00,2576.0,1.0,751.0,0.010481000000000018
2023-03-19 18:12:50.408000+00:00,2576.0,0.0,751.0,0.0
2023-03-19 18:12:55.408000+00:00,2580.0,0.0,751.0,0.0
2023-03-19 18:13:00.408000+00:00,2582.0,1.0,751.0,0.0
2023-03-19 18:13:05.408000+00:00,2584.0,1.0,751.0,0.0
2023-03-19 18:13:10.408000+00:00,2584.0,0.0,751.0,0.0
2023-03-19 18:13:15.408000+00:00,2586.0,0.0,751.0,0.0
2023-03-19 18:13:20.408000+00:00,2586.0,0.0,751.0,0.0
2023-03-19 18:13:25.408000+00:00,2590.0,1.0,752.0,0.004288999999999987
2023-03-19 18:13:30.408000+00:00,2596.0,3.0,754.0,0.008968999999999894
2023-03-19 18:13:35.408000+00:00,2600.0,1.0,754.0,0.0
2023-03-19 18:13:40.408000+00:00,2602.0,1.0,754.0,0.0
2023-03-19 18:13:45.408000+00:00,2602.0,0.0,754.0,0.0
2023-03-19 18:13:50.408000+00:00,2606.0,1.0,755.0,0.005425999999999986
2023-03-19 18:13:55.408000+00:00,2606.0,0.0,755.0,0.0
2023-03-19 18:14:00.408000+00:00,2610.0,1.0,755.0,0.0
2023-03-19 18:14:05.408000+00:00,2612.0,0.0,757.0,0.012132000000000032
2023-03-19 18:14:10.408000+00:00,2614.0,0.0,758.0,0.0048640000000000905
2023-03-19 18:14:15.408000+00:00,2618.0,3.0,760.0,0.010235000000000105
2023-03-19 18:14:20.408000+00:00,2620.0,1.0,761.0,0.0042039999999999855
2023-03-19 18:14:25.408000+00:00,2628.0,2.0,763.0,0.008643000000000012
2023-03-19 18:14:30.408000+00:00,2634.0,1.0,766.0,0.01657700000000001
2023-03-19 18:14:35.408000+00:00,2648.0,6.0,770.0,0.028079999999999994
2023-03-19 18:14:40.408000+00:00,2654.0,1.0,774.0,0.022868999999999973
2023-03-19 18:14:45.408000+00:00,2660.0,1.0,774.0,0.0
2023-03-19 18:14:50.408000+00:00,2660.0,0.0,774.0,0.0
2023-03-19 18:14:55.408000+00:00,2670.0,1.0,776.0,0.010808000000000095
2023-03-19 18:15:00.408000+00:00,2672.0,1.0,777.0,0.0048900000000001165
2023-03-19 18:15:05.408000+00:00,2678.0,2.0,779.0,0.010718000000000005
2023-03-19 18:15:10.408000+00:00,2680.0,0.0,779.0,0.0
2023-03-19 18:15:15.408000+00:00,2682.0,0.0,779.0,0.0
2023-03-19 18:15:20.408000+00:00,2682.0,0.0,779.0,0.0
2023-03-19 18:15:25.408000+00:00,2686.0,2.0,779.0,0.0
2023-03-19 18:15:30.408000+00:00,2690.0,1.0,779.0,0.0
2023-03-19 18:15:35.408000+00:00,2690.0,0.0,779.0,0.0
2023-03-19 18:15:40.408000+00:00,2696.0,3.0,782.0,0.01484599999999997
2023-03-19 18:15:45.408000+00:00,2700.0,2.0,784.0,0.018988999999999923
2023-03-19 18:15:50.408000+00:00,2704.0,0.0,786.0,0.0828330000000001
2023-03-19 18:15:55.411000+00:00,2706.0,0.0,787.0,0.005642999999999954
2023-03-19 18:16:00.408000+00:00,2710.0,1.0,790.0,0.014429000000000136
2023-03-19 18:16:05.408000+00:00,2712.0,1.0,790.0,0.0
2023-03-19 18:16:10.408000+00:00,2716.0,2.0,791.0,0.005082000000000031
2023-03-19 18:16:15.408000+00:00,2718.0,0.0,791.0,0.0
2023-03-19 18:16:20.408000+00:00,2724.0,1.0,793.0,0.009353000000000056
2023-03-19 18:16:25.408000+00:00,2728.0,2.0,794.0,0.005106999999999973
2023-03-19 18:16:30.408000+00:00,2730.0,2.0,794.0,0.0
2023-03-19 18:16:35.408000+00:00,2740.0,2.0,796.0,0.008808999999999956
2023-03-19 18:16:40.408000+00:00,2748.0,3.0,800.0,0.027550999999999992
2023-03-19 18:16:45.408000+00:00,2756.0,1.0,803.0,0.014288000000000078
2023-03-19 18:16:50.408000+00:00,2762.0,1.0,804.0,0.010654000000000052
2023-03-19 18:16:55.408000+00:00,2765.0,1.0,806.0,0.00997899999999996
2023-03-19 18:17:00.408000+00:00,2770.0,2.0,807.0,0.005403000000000047
2023-03-19 18:17:05.408000+00:00,2774.0,1.0,808.0,0.004846000000000017
2023-03-19 18:17:10.408000+00:00,2778.0,0.0,809.0,0.0049000000000000155
2023-03-19 18:17:15.408000+00:00,2780.0,0.0,809.0,0.0
2023-03-19 18:17:20.408000+00:00,2784.0,0.0,809.0,0.0
2023-03-19 18:17:25.408000+00:00,2784.0,0.0,809.0,0.0
2023-03-19 18:17:30.408000+00:00,2788.0,1.0,810.0,0.006776000000000004
2023-03-19 18:17:35.408000+00:00,2788.0,0.0,810.0,0.0
2023-03-19 18:17:40.411000+00:00,2802.0,3.0,812.0,0.021970999999999963
2023-03-19 18:17:45.408000+00:00,2804.0,1.0,812.0,0.0
2023-03-19 18:17:50.408000+00:00,2804.0,0.0,812.0,0.0
2023-03-19 18:17:55.408000+00:00,2806.0,0.0,814.0,0.008801000000000059
2023-03-19 18:18:00.408000+00:00,2808.0,1.0,815.0,0.005750000000000033
2023-03-19 18:18:05.408000+00:00,2814.0,3.0,816.0,0.005110000000000059
2023-03-19 18:18:10.408000+00:00,2814.0,0.0,816.0,0.0
2023-03-19 18:18:15.408000+00:00,2816.0,1.0,816.0,0.0
2023-03-19 18:18:20.408000+00:00,2818.0,2.0,816.0,0.0
2023-03-19 18:18:25.408000+00:00,2822.0,2.0,817.0,0.005286000000000013
2023-03-19 18:18:30.408000+00:00,2826.0,0.0,817.0,0.0
2023-03-19 18:18:35.408000+00:00,2830.0,4.0,817.0,0.0
2023-03-19 18:18:40.408000+00:00,2836.0,1.0,818.0,0.005056999999999978
2023-03-19 18:18:45.408000+00:00,2844.0,1.0,819.0,0.005441999999999947
2023-03-19 18:18:50.408000+00:00,2844.0,0.0,819.0,0.0
2023-03-19 18:18:55.408000+00:00,2854.0,4.0,820.0,0.0046760000000000135
2023-03-19 18:19:00.408000+00:00,2858.0,2.0,822.0,0.008353999999999973
2023-03-19 18:19:05.408000+00:00,2862.0,0.0,823.0,0.005889000000000033
2023-03-19 18:19:10.408000+00:00,2862.0,0.0,823.0,0.0
2023-03-19 18:19:15.408000+00:00,2864.0,1.0,823.0,0.0
2023-03-19 18:19:20.408000+00:00,2870.0,1.0,825.0,0.010522999999999949
2023-03-19 18:19:25.408000+00:00,2872.0,0.0,825.0,0.0
2023-03-19 18:19:30.408000+00:00,2872.0,0.0,825.0,0.0
2023-03-19 18:19:35.408000+00:00,2876.0,0.0,825.0,0.0
2023-03-19 18:19:40.408000+00:00,2878.0,1.0,827.0,0.008066999999999935
2023-03-19 18:19:45.408000+00:00,2878.0,0.0,827.0,0.0
2023-03-19 18:19:50.408000+00:00,2882.0,0.0,828.0,0.0044520000000000115
2023-03-19 18:19:55.408000+00:00,2884.0,1.0,828.0,0.0
2023-03-19 18:20:00.408000+00:00,2888.0,0.0,829.0,0.00386299999999995
2023-03-19 18:20:05.408000+00:00,2890.0,0.0,830.0,0.005835000000000035
2023-03-19 18:20:10.408000+00:00,2894.0,1.0,832.0,0.009454999999999991
2023-03-19 18:20:15.408000+00:00,2894.0,0.0,832.0,0.0
2023-03-19 18:20:20.408000+00:00,2898.0,2.0,835.0,0.014738000000000029
2023-03-19 18:20:25.408000+00:00,2902.0,2.0,836.0,0.007893000000000039
2023-03-19 18:20:30.408000+00:00,2904.0,1.0,837.0,0.005593999999999988
2023-03-19 18:20:35.408000+00:00,2906.0,0.0,838.0,0.00454499999999991
2023-03-19 18:20:40.408000+00:00,2908.0,1.0,839.0,0.00431400000000004
2023-03-19 18:20:45.408000+00:00,2914.0,2.0,840.0,0.004962000000000022
2023-03-19 18:20:50.408000+00:00,2918.0,1.0,840.0,0.0
2023-03-19 18:20:55.408000+00:00,2924.0,3.0,841.0,0.005800000000000027
2023-03-19 18:21:00.408000+00:00,2930.0,1.0,843.0,0.009006999999999987
2023-03-19 18:21:05.408000+00:00,2938.0,2.0,847.0,0.022911000000000126
2023-03-19 18:21:10.408000+00:00,2938.0,0.0,847.0,0.0
2023-03-19 18:21:15.408000+00:00,2940.0,0.0,848.0,0.006195000000000062
2023-03-19 18:21:20.408000+00:00,2944.0,1.0,849.0,0.004881000000000135
2023-03-19 18:21:25.408000+00:00,2948.0,1.0,850.0,0.004434999999999856
2023-03-19 18:21:30.408000+00:00,2950.0,0.0,851.0,0.006272000000000166
2023-03-19 18:21:35.408000+00:00,2956.0,2.0,852.0,0.0049240000000000395
2023-03-19 18:21:40.408000+00:00,2956.0,0.0,852.0,0.0
2023-03-19 18:21:45.408000+00:00,2960.0,1.0,853.0,0.006152999999999964
2023-03-19 18:21:50.408000+00:00,2962.0,1.0,853.0,0.0
2023-03-19 18:21:55.408000+00:00,2964.0,1.0,854.0,0.005283000000000038
2023-03-19 18:22:00.408000+00:00,2964.0,0.0,854.0,0.0
2023-03-19 18:22:05.408000+00:00,2970.0,1.0,856.0,0.011417999999999928
2023-03-19 18:22:10.408000+00:00,2972.0,2.0,857.0,0.006732000000000071
2023-03-19 18:22:15.408000+00:00,2972.0,0.0,857.0,0.0
2023-03-19 18:22:20.412000+00:00,2974.0,1.0,857.0,0.0
2023-03-19 18:22:25.408000+00:00,2976.0,0.0,858.0,0.004473999999999978
2023-03-19 18:22:30.408000+00:00,2982.0,4.0,859.0,0.004919000000000007
2023-03-19 18:22:35.408000+00:00,2984.0,1.0,860.0,0.005346999999999991
2023-03-19 18:22:40.408000+00:00,2988.0,3.0,863.0,0.014282000000000017
2023-03-19 18:22:45.408000+00:00,2992.0,0.0,863.0,0.0
2023-03-19 18:22:50.408000+00:00,2994.0,0.0,863.0,0.0
2023-03-19 18:22:55.408000+00:00,2996.0,1.0,864.0,0.005168999999999979
2023-03-19 18:23:00.408000+00:00,3004.0,2.0,865.0,0.005734000000000017
2023-03-19 18:23:05.408000+00:00,3014.0,2.0,868.0,0.01772700000000016
2023-03-19 18:23:10.408000+00:00,3018.0,0.0,869.0,0.005632999999999999
2023-03-19 18:23:15.408000+00:00,3018.0,0.0,869.0,0.0
2023-03-19 18:23:20.408000+00:00,3022.0,4.0,872.0,0.017711000000000032
2023-03-19 18:23:25.408000+00:00,3024.0,1.0,872.0,0.0
2023-03-19 18:23:30.408000+00:00,3024.0,0.0,872.0,0.0
2023-03-19 18:23:35.408000+00:00,3028.0,1.0,875.0,0.016143999999999936
2023-03-19 18:23:40.408000+00:00,3038.0,1.0,875.0,0.0
2023-03-19 18:23:45.408000+00:00,3038.0,0.0,875.0,0.0
2023-03-19 18:23:50.408000+00:00,3038.0,0.0,875.0,0.0
2023-03-19 18:23:55.408000+00:00,3040.0,1.0,875.0,0.0
2023-03-19 18:24:00.408000+00:00,3042.0,0.0,876.0,0.005984999999999907
2023-03-19 18:24:05.408000+00:00,3048.0,3.0,878.0,0.009182000000000023
2023-03-19 18:24:10.408000+00:00,3050.0,1.0,879.0,0.0036009999999999653
2023-03-19 18:24:15.408000+00:00,3054.0,8.0,879.0,0.0
2023-03-19 18:24:20.408000+00:00,3054.0,0.0,879.0,0.0
2023-03-19 18:24:25.408000+00:00,3056.0,0.0,880.0,0.008135999999999921
2023-03-19 18:24:30.408000+00:00,3060.0,0.0,882.0,0.017266000000000004
2023-03-19 18:24:35.408000+00:00,3062.0,0.0,884.0,0.010642999999999958
2023-03-19 18:24:40.408000+00:00,3066.0,0.0,887.0,0.023041999999999563
2023-03-19 18:24:45.408000+00:00,3068.0,0.0,887.0,0.0
2023-03-19 18:24:50.408000+00:00,3074.0,0.0,889.0,0.01222600000000007
2023-03-19 18:24:55.408000+00:00,3078.0,3.0,891.0,0.01622699999999999
2023-03-19 18:25:00.408000+00:00,3084.0,2.0,892.0,0.005753000000000119
2023-03-19 18:25:05.408000+00:00,3088.0,2.0,895.0,0.017577999999999427
2023-03-19 18:25:10.408000+00:00,3092.0,2.0,895.0,0.0
2023-03-19 18:25:15.408000+00:00,3095.0,1.0,897.0,0.01167700000000016
2023-03-19 18:25:20.408000+00:00,3096.0,0.0,897.0,0.0
2023-03-19 18:25:25.408000+00:00,3096.0,0.0,897.0,0.0
2023-03-19 18:25:30.408000+00:00,3098.0,0.0,898.0,0.0048719999999999875
2023-03-19 18:25:35.408000+00:00,3100.0,0.0,898.0,0.0
2023-03-19 18:25:40.408000+00:00,3108.0,3.0,900.0,0.009473999999999982
2023-03-19 18:25:45.408000+00:00,3110.0,0.0,900.0,0.0
2023-03-19 18:25:50.408000+00:00,3114.0,1.0,901.0,0.024292999999999898
2023-03-19 18:25:55.408000+00:00,3118.0,2.0,903.0,0.022465999999999875
2023-03-19 18:26:00.408000+00:00,3122.0,1.0,905.0,0.010396000000000072
2023-03-19 18:26:05.408000+00:00,3126.0,0.0,907.0,0.011863999999999875
2023-03-19 18:26:10.408000+00:00,3132.0,4.0,910.0,0.015847999999999862
2023-03-19 18:26:15.408000+00:00,3134.0,0.0,911.0,0.007943999999999951
2023-03-19 18:26:20.408000+00:00,3134.0,0.0,911.0,0.0
2023-03-19 18:26:25.408000+00:00,3134.0,0.0,911.0,0.0
2023-03-19 18:26:30.408000+00:00,3135.0,0.0,912.0,0.004537999999999931
2023-03-19 18:26:35.408000+00:00,3136.0,0.0,912.0,0.0
2023-03-19 18:26:40.408000+00:00,3136.0,0.0,912.0,0.0
2023-03-19 18:26:45.408000+00:00,3136.0,0.0,912.0,0.0
2023-03-19 18:26:50.408000+00:00,3140.0,0.0,914.0,0.008829000000000198
2023-03-19 18:26:55.408000+00:00,3140.0,0.0,914.0,0.0
2023-03-19 18:27:00.408000+00:00,3140.0,0.0,914.0,0.0
2023-03-19 18:27:05.408000+00:00,3144.0,2.0,916.0,0.010032999999999959
2023-03-19 18:27:10.408000+00:00,3146.0,0.0,917.0,0.005277999999999894
2023-03-19 18:27:15.408000+00:00,3154.0,3.0,919.0,0.011402000000000134
2023-03-19 18:27:20.408000+00:00,3160.0,2.0,922.0,0.01574299999999984
2023-03-19 18:27:25.408000+00:00,3170.0,3.0,925.0,0.026756000000000002
2023-03-19 18:27:30.408000+00:00,3176.0,2.0,927.0,0.013123999999999914
2023-03-19 18:27:35.411000+00:00,3180.0,1.0,928.0,0.0036799999999996835
2023-03-19 18:27:40.408000+00:00,3186.0,1.0,929.0,0.004609000000000307
2023-03-19 18:27:45.408000+00:00,3190.0,1.0,929.0,0.0
2023-03-19 18:27:50.408000+00:00,3192.0,1.0,929.0,0.0
2023-03-19 18:27:55.408000+00:00,3194.0,0.0,930.0,0.004016999999999937
2023-03-19 18:28:00.408000+00:00,3196.0,0.0,931.0,0.004891999999999896
2023-03-19 18:28:05.408000+00:00,3196.0,0.0,931.0,0.0
2023-03-19 18:28:10.408000+00:00,3200.0,1.0,931.0,0.0
2023-03-19 18:28:15.408000+00:00,3202.0,0.0,931.0,0.0
2023-03-19 18:28:20.408000+00:00,3204.0,0.0,931.0,0.0
2023-03-19 18:28:25.408000+00:00,3208.0,2.0,932.0,0.005117999999999956
2023-03-19 18:28:30.408000+00:00,3212.0,1.0,933.0,0.005735999999999963
2023-03-19 18:28:35.408000+00:00,3214.0,1.0,933.0,0.0
2023-03-19 18:28:40.408000+00:00,3216.0,1.0,933.0,0.0
2023-03-19 18:28:45.408000+00:00,3218.0,1.0,933.0,0.0
2023-03-19 18:28:50.408000+00:00,3218.0,0.0,933.0,0.0
2023-03-19 18:28:55.408000+00:00,3224.0,2.0,934.0,0.0047760000000001135
2023-03-19 18:29:00.408000+00:00,3224.0,0.0,934.0,0.0
2023-03-19 18:29:05.408000+00:00,3228.0,0.0,937.0,0.013871999999999884
2023-03-19 18:29:10.408000+00:00,3234.0,1.0,940.0,0.014714999999999812
2023-03-19 18:29:15.408000+00:00,3238.0,0.0,941.0,0.005468000000000028
2023-03-19 18:29:20.408000+00:00,3242.0,3.0,942.0,0.004820999999999964
2023-03-19 18:29:25.408000+00:00,3250.0,2.0,944.0,0.011479999999999713
2023-03-19 18:29:30.408000+00:00,3260.0,4.0,948.0,0.07393800000000006
2023-03-19 18:29:35.408000+00:00,3266.0,0.0,948.0,0.0
2023-03-19 18:29:40.408000+00:00,3275.0,1.0,950.0,0.010833000000000093
2023-03-19 18:29:45.408000+00:00,3280.0,1.0,952.0,0.008933999999999997
2023-03-19 18:29:50.408000+00:00,3282.0,1.0,952.0,0.0
2023-03-19 18:29:55.408000+00:00,3288.0,2.0,954.0,0.015074000000000254
2023-03-19 18:30:00.408000+00:00,3292.0,1.0,955.0,0.004723000000000033
2023-03-19 18:30:05.408000+00:00,3294.0,0.0,956.0,0.005743999999999971
2023-03-19 18:30:10.408000+00:00,3296.0,0.0,956.0,0.0
2023-03-19 18:30:15.408000+00:00,3298.0,0.0,956.0,0.0
2023-03-19 18:30:20.408000+00:00,3300.0,1.0,957.0,0.005149999999999988
2023-03-19 18:30:25.408000+00:00,3304.0,3.0,958.0,0.005372000000000154
2023-03-19 18:30:30.408000+00:00,3312.0,4.0,959.0,0.0792219999999999
2023-03-19 18:30:35.408000+00:00,3314.0,1.0,961.0,0.014766000000000057
2023-03-19 18:30:40.408000+00:00,3314.0,0.0,961.0,0.0
2023-03-19 18:30:45.408000+00:00,3314.0,0.0,961.0,0.0
2023-03-19 18:30:50.408000+00:00,3316.0,1.0,961.0,0.0
2023-03-19 18:30:55.408000+00:00,3322.0,1.0,963.0,0.010135999999999923
2023-03-19 18:31:00.408000+00:00,3324.0,0.0,963.0,0.0
2023-03-19 18:31:05.408000+00:00,3324.0,0.0,963.0,0.0
2023-03-19 18:31:10.408000+00:00,3326.0,0.0,963.0,0.0
2023-03-19 18:31:15.408000+00:00,3330.0,1.0,965.0,0.010639000000000065
2023-03-19 18:31:20.408000+00:00,3332.0,0.0,965.0,0.0
2023-03-19 18:31:25.408000+00:00,3342.0,4.0,966.0,0.011571999999999916
2023-03-19 18:31:30.408000+00:00,3346.0,2.0,967.0,0.004531000000000063
2023-03-19 18:31:35.408000+00:00,3354.0,2.0,970.0,0.015398000000000023
2023-03-19 18:31:40.408000+00:00,3358.0,0.0,971.0,0.005486999999999798
2023-03-19 18:31:45.408000+00:00,3364.0,2.0,973.0,0.009879999999999889
2023-03-19 18:31:50.408000+00:00,3367.0,1.0,975.0,0.010850999999999944
2023-03-19 18:31:55.408000+00:00,3372.0,0.0,977.0,0.010155000000000136
2023-03-19 18:32:00.408000+00:00,3374.0,0.0,977.0,0.0
2023-03-19 18:32:05.408000+00:00,3374.0,0.0,977.0,0.0
2023-03-19 18:32:10.408000+00:00,3376.0,1.0,978.0,0.004814000000000318
2023-03-19 18:32:15.408000+00:00,3380.0,0.0,979.0,0.005212999999999912
2023-03-19 18:32:20.408000+00:00,3386.0,0.0,980.0,0.005390999999999702
2023-03-19 18:32:25.408000+00:00,3388.0,1.0,981.0,0.004534999999999956
2023-03-19 18:32:30.408000+00:00,3390.0,0.0,981.0,0.0
2023-03-19 18:32:35.408000+00:00,3390.0,0.0,981.0,0.0
2023-03-19 18:32:40.408000+00:00,3394.0,1.0,983.0,0.009990999999999861
2023-03-19 18:32:45.408000+00:00,3396.0,1.0,984.0,0.005322000000000493
2023-03-19 18:32:50.408000+00:00,3402.0,2.0,984.0,0.0
2023-03-19 18:32:55.408000+00:00,3404.0,2.0,985.0,0.07984299999999966
2023-03-19 18:33:00.408000+00:00,3408.0,0.0,987.0,0.012073
2023-03-19 18:33:05.408000+00:00,3410.0,0.0,987.0,0.0
2023-03-19 18:33:10.408000+00:00,3414.0,2.0,988.0,0.004167000000000032
2023-03-19 18:33:15.408000+00:00,3420.0,3.0,989.0,0.006904999999999939
2023-03-19 18:33:20.408000+00:00,3422.0,1.0,990.0,0.009949999999999903
2023-03-19 18:33:25.408000+00:00,3426.0,2.0,990.0,0.0
2023-03-19 18:33:30.408000+00:00,3428.0,0.0,990.0,0.0
2023-03-19 18:33:35.408000+00:00,3438.0,2.0,995.0,0.0288930000000005
2023-03-19 18:33:40.408000+00:00,3440.0,1.0,995.0,0.0
2023-03-19 18:33:45.408000+00:00,3450.0,3.0,999.0,0.0211209999999995
2023-03-19 18:33:50.408000+00:00,3456.0,1.0,1002.0,0.02681800000000001
2023-03-19 18:33:55.408000+00:00,3460.0,1.0,1003.0,0.005891000000000091
2023-03-19 18:34:00.408000+00:00,3464.0,0.0,1004.0,0.00680399999999981
2023-03-19 18:34:05.408000+00:00,3472.0,2.0,1005.0,0.004474999999999785
2023-03-19 18:34:10.408000+00:00,3474.0,0.0,1006.0,0.0050680000000000724
2023-03-19 18:34:15.408000+00:00,3478.0,1.0,1007.0,0.004701999999999984
2023-03-19 18:34:20.412000+00:00,3482.0,2.0,1009.0,0.01494200000000001
2023-03-19 18:34:25.408000+00:00,3482.0,0.0,1009.0,0.0
2023-03-19 18:34:30.408000+00:00,3482.0,0.0,1009.0,0.0
2023-03-19 18:34:35.408000+00:00,3488.0,2.0,1009.0,0.0
2023-03-19 18:34:40.408000+00:00,3488.0,0.0,1009.0,0.0
2023-03-19 18:34:45.408000+00:00,3494.0,3.0,1010.0,0.004548999999999914
2023-03-19 18:34:50.408000+00:00,3496.0,0.0,1010.0,0.0
2023-03-19 18:34:55.408000+00:00,3498.0,0.0,1011.0,0.005179000000000045
2023-03-19 18:35:00.408000+00:00,3502.0,2.0,1013.0,0.008448000000000011
2023-03-19 18:35:05.408000+00:00,3506.0,2.0,1014.0,0.005860999999999894
2023-03-19 18:35:10.408000+00:00,3508.0,1.0,1014.0,0.0
2023-03-19 18:35:15.408000+00:00,3516.0,2.0,1017.0,0.01726800000000006
2023-03-19 18:35:20.408000+00:00,3520.0,1.0,1019.0,0.010511000000000159
2023-03-19 18:35:25.408000+00:00,3522.0,2.0,1019.0,0.0
2023-03-19 18:35:30.408000+00:00,3524.0,1.0,1020.0,0.004385000000000083
2023-03-19 18:35:35.408000+00:00,3532.0,3.0,1023.0,0.016198999999999852
2023-03-19 18:35:40.408000+00:00,3536.0,2.0,1023.0,0.0
2023-03-19 18:35:45.408000+00:00,3544.0,1.0,1025.0,0.01082200000000011
2023-03-19 18:35:50.420000+00:00,3551.0,1.0,1027.0,0.012399999999999967
2023-03-19 18:35:55.408000+00:00,3556.0,1.0,1027.0,0.0
2023-03-19 18:36:00.408000+00:00,3562.0,3.0,1030.0,0.0956999999999999
2023-03-19 18:36:05.408000+00:00,3568.0,0.0,1032.0,0.009731000000000378
2023-03-19 18:36:10.408000+00:00,3574.0,2.0,1033.0,0.004262999999999906
2023-03-19 18:36:15.408000+00:00,3576.0,1.0,1033.0,0.0
2023-03-19 18:36:20.408000+00:00,3576.0,0.0,1033.0,0.0
2023-03-19 18:36:25.408000+00:00,3582.0,0.0,1037.0,0.018402999999999725
2023-03-19 18:36:30.408000+00:00,3586.0,0.0,1038.0,0.005208999999999353
2023-03-19 18:36:35.408000+00:00,3590.0,1.0,1040.0,0.01069800000000054
2023-03-19 18:36:40.408000+00:00,3592.0,1.0,1041.0,0.006838000000000122
2023-03-19 18:36:45.408000+00:00,3592.0,0.0,1041.0,0.0
2023-03-19 18:36:50.408000+00:00,3594.0,0.0,1041.0,0.0
2023-03-19 18:36:55.408000+00:00,3600.0,0.0,1041.0,0.0
2023-03-19 18:37:00.408000+00:00,3602.0,0.0,1042.0,0.005161000000000193
2023-03-19 18:37:05.408000+00:00,3604.0,1.0,1042.0,0.0
2023-03-19 18:37:10.408000+00:00,3608.0,2.0,1042.0,0.0
2023-03-19 18:37:15.408000+00:00,3612.0,1.0,1045.0,0.08506299999999989
2023-03-19 18:37:20.408000+00:00,3614.0,0.0,1045.0,0.0
2023-03-19 18:37:25.408000+00:00,3614.0,0.0,1045.0,0.0
2023-03-19 18:37:30.408000+00:00,3620.0,1.0,1047.0,0.012882999999999978
2023-03-19 18:37:35.408000+00:00,3622.0,0.0,1047.0,0.0
2023-03-19 18:37:40.408000+00:00,3624.0,2.0,1048.0,0.005290000000000017
2023-03-19 18:37:45.408000+00:00,3630.0,2.0,1050.0,0.0122049999999998
2023-03-19 18:37:50.408000+00:00,3632.0,1.0,1051.0,0.005552999999999475
2023-03-19 18:37:55.408000+00:00,3636.0,0.0,1053.0,0.011867000000000072
2023-03-19 18:38:00.408000+00:00,3644.0,1.0,1057.0,0.022316999999999698
2023-03-19 18:38:05.408000+00:00,3644.0,0.0,1057.0,0.0
2023-03-19 18:38:10.408000+00:00,3652.0,1.0,1061.0,0.0235609999999995
2023-03-19 18:38:15.408000+00:00,3656.0,0.0,1061.0,0.0
2023-03-19 18:38:20.408000+00:00,3660.0,1.0,1063.0,0.01021800000000006
2023-03-19 18:38:25.408000+00:00,3664.0,2.0,1063.0,0.0
2023-03-19 18:38:30.408000+00:00,3664.0,0.0,1063.0,0.0
2023-03-19 18:38:35.408000+00:00,3668.0,0.0,1066.0,0.016613999999999685
2023-03-19 18:38:40.408000+00:00,3670.0,1.0,1067.0,0.0051960000000002005
2023-03-19 18:38:45.408000+00:00,3678.0,2.0,1068.0,0.005993999999999833
2023-03-19 18:38:50.408000+00:00,3678.0,0.0,1068.0,0.0
2023-03-19 18:38:55.408000+00:00,3682.0,2.0,1069.0,0.005800999999999945
2023-03-19 18:39:00.408000+00:00,3686.0,1.0,1071.0,0.010209000000000135
2023-03-19 18:39:05.408000+00:00,3688.0,0.0,1071.0,0.0
2023-03-19 18:39:10.408000+00:00,3690.0,1.0,1072.0,0.007029000000000174
2023-03-19 18:39:15.408000+00:00,3692.0,1.0,1072.0,0.0
2023-03-19 18:39:20.408000+00:00,3694.0,1.0,1073.0,0.004694000000000642
2023-03-19 18:39:25.408000+00:00,3698.0,0.0,1074.0,0.004770999999999415
2023-03-19 18:39:30.408000+00:00,3702.0,0.0,1075.0,0.005087000000000064
2023-03-19 18:39:35.408000+00:00,3704.0,0.0,1075.0,0.0
2023-03-19 18:39:40.408000+00:00,3706.0,0.0,1075.0,0.0
2023-03-19 18:39:45.408000+00:00,3712.0,1.0,1076.0,0.005649999999999711
2023-03-19 18:39:50.408000+00:00,3714.0,1.0,1076.0,0.0
2023-03-19 18:39:55.408000+00:00,3714.0,0.0,1076.0,0.0
2023-03-19 18:40:00.408000+00:00,3718.0,1.0,1078.0,0.009818000000000104
2023-03-19 18:40:05.408000+00:00,3720.0,0.0,1078.0,0.0
2023-03-19 18:40:10.408000+00:00,3724.0,2.0,1078.0,0.0
2023-03-19 18:40:15.408000+00:00,3730.0,0.0,1080.0,0.024796000000000706
2023-03-19 18:40:20.408000+00:00,3736.0,2.0,1083.0,0.0
2023-03-19 18:40:25.408000+00:00,3744.0,1.0,1086.0,0.022994999999999877
2023-03-19 18:40:30.408000+00:00,3746.0,0.0,1087.0,0.0046680000000001165
2023-03-19 18:40:35.408000+00:00,3748.0,1.0,1088.0,0.04506999999999972
2023-03-19 18:40:40.408000+00:00,3748.0,0.0,1088.0,0.0
2023-03-19 18:40:45.408000+00:00,3750.0,1.0,1089.0,0.00939599999999996
2023-03-19 18:40:50.408000+00:00,3754.0,0.0,1091.0,0.029501
2023-03-19 18:40:55.408000+00:00,3756.0,1.0,1091.0,0.0
2023-03-19 18:41:00.408000+00:00,3758.0,1.0,1091.0,0.0
2023-03-19 18:41:05.408000+00:00,3764.0,2.0,1092.0,0.004958999999999936
2023-03-19 18:41:10.408000+00:00,3770.0,1.0,1093.0,0.005285999999999902
2023-03-19 18:41:15.408000+00:00,3772.0,1.0,1093.0,0.0
2023-03-19 18:41:20.408000+00:00,3774.0,1.0,1094.0,0.010162000000000004
2023-03-19 18:41:25.408000+00:00,3776.0,0.0,1094.0,0.0
2023-03-19 18:41:30.408000+00:00,3780.0,1.0,1095.0,0.00533399999999995
2023-03-19 18:41:35.408000+00:00,3780.0,0.0,1095.0,0.0
2023-03-19 18:41:40.408000+00:00,3780.0,0.0,1095.0,0.0
2023-03-19 18:41:45.408000+00:00,3780.0,0.0,1096.0,0.005162000000000111
2023-03-19 18:41:50.408000+00:00,3792.0,3.0,1097.0,0.0062709999999999155
2023-03-19 18:41:55.408000+00:00,3794.0,1.0,1097.0,0.0
2023-03-19 18:42:00.408000+00:00,3796.0,0.0,1098.0,0.007494000000000112
2023-03-19 18:42:05.408000+00:00,3802.0,2.0,1098.0,0.0
2023-03-19 18:42:10.408000+00:00,3806.0,0.0,1100.0,0.012456999999999718
2023-03-19 18:42:15.408000+00:00,3806.0,0.0,1100.0,0.0
2023-03-19 18:42:20.408000+00:00,3806.0,0.0,1100.0,0.0
2023-03-19 18:42:25.408000+00:00,3809.0,1.0,1101.0,0.005471999999999699
2023-03-19 18:42:30.408000+00:00,3820.0,6.0,1103.0,0.010061000000000098
2023-03-19 18:42:35.408000+00:00,3824.0,3.0,1104.0,0.006878000000000384
2023-03-19 18:42:40.408000+00:00,3828.0,1.0,1105.0,0.004742000000000024
2023-03-19 18:42:45.408000+00:00,3830.0,1.0,1107.0,0.010230999999999879
2023-03-19 18:42:50.408000+00:00,3832.0,0.0,1108.0,0.006865000000000121
2023-03-19 18:42:55.408000+00:00,3838.0,3.0,1110.0,0.009609000000000423
2023-03-19 18:43:00.408000+00:00,3840.0,1.0,1110.0,0.0
2023-03-19 18:43:05.408000+00:00,3844.0,1.0,1110.0,0.0
2023-03-19 18:43:10.408000+00:00,3848.0,0.0,1111.0,0.005293999999999466
2023-03-19 18:43:15.408000+00:00,3853.0,2.0,1112.0,0.0049560000000001825
2023-03-19 18:43:20.408000+00:00,3860.0,1.0,1113.0,0.005582999999999894
2023-03-19 18:43:25.408000+00:00,3860.0,0.0,1113.0,0.0
2023-03-19 18:43:30.408000+00:00,3860.0,0.0,1113.0,0.0
2023-03-19 18:43:35.408000+00:00,3862.0,1.0,1114.0,0.005327000000000082
2023-03-19 18:43:40.408000+00:00,3862.0,0.0,1114.0,0.0
2023-03-19 18:43:45.408000+00:00,3862.0,0.0,1114.0,0.0
2023-03-19 18:43:50.408000+00:00,3866.0,2.0,1115.0,0.0055480000000003304
2023-03-19 18:43:55.408000+00:00,3872.0,4.0,1118.0,0.018335999999999908
2023-03-19 18:44:00.408000+00:00,3874.0,0.0,1118.0,0.0
2023-03-19 18:44:05.408000+00:00,3880.0,0.0,1122.0,0.021992000000000234
2023-03-19 18:44:10.408000+00:00,3884.0,1.0,1122.0,0.0
2023-03-19 18:44:15.408000+00:00,3888.0,2.0,1123.0,0.009330999999999978
2023-03-19 18:44:20.408000+00:00,3888.0,0.0,1123.0,0.0
2023-03-19 18:44:25.408000+00:00,3894.0,2.0,1124.0,0.004826999999999915
2023-03-19 18:44:30.408000+00:00,3896.0,0.0,1125.0,0.038694999999999924
2023-03-19 18:44:35.408000+00:00,3900.0,2.0,1127.0,0.06995200000000024
2023-03-19 18:44:40.408000+00:00,3908.0,2.0,1129.0,0.015301000000000009
2023-03-19 18:44:45.408000+00:00,3910.0,0.0,1131.0,0.013243000000000116
2023-03-19 18:44:50.408000+00:00,3916.0,2.0,1133.0,0.0182500000000001
2023-03-19 18:44:55.408000+00:00,3918.0,0.0,1133.0,0.0
2023-03-19 18:45:00.408000+00:00,3924.0,3.0,1135.0,0.011213999999999835
2023-03-19 18:45:05.408000+00:00,3928.0,1.0,1137.0,0.010800000000000143
2023-03-19 18:45:10.408000+00:00,3928.0,0.0,1137.0,0.0
2023-03-19 18:45:15.408000+00:00,3934.0,2.0,1140.0,0.029141000000000084
2023-03-19 18:45:20.408000+00:00,3936.0,0.0,1140.0,0.0
2023-03-19 18:45:25.408000+00:00,3936.0,0.0,1140.0,0.0
2023-03-19 18:45:30.408000+00:00,3936.0,0.0,1140.0,0.0
2023-03-19 18:45:35.408000+00:00,3938.0,3.0,1140.0,0.0
2023-03-19 18:45:40.408000+00:00,3938.0,0.0,1140.0,0.0
2023-03-19 18:45:45.408000+00:00,3938.0,0.0,1140.0,0.0
2023-03-19 18:45:50.420000+00:00,3938.0,0.0,1140.0,0.0
2023-03-19 18:45:55.408000+00:00,3938.0,0.0,1140.0,0.0
2023-03-19 18:46:00.408000+00:00,3938.0,0.0,1140.0,0.0
2023-03-19 18:46:05.408000+00:00,3940.0,0.0,1140.0,0.0
2023-03-19 18:46:10.408000+00:00,3942.0,0.0,1140.0,0.0
2023-03-19 18:46:15.408000+00:00,3952.0,3.0,1144.0,0.018979999999999997
2023-03-19 18:46:20.408000+00:00,3958.0,3.0,1150.0,0.031035000000000146
2023-03-19 18:46:25.408000+00:00,3962.0,2.0,1150.0,0.0
2023-03-19 18:46:30.408000+00:00,3970.0,1.0,1152.0,0.014137999999999984
2023-03-19 18:46:35.408000+00:00,3976.0,2.0,1153.0,0.006010999999999989
2023-03-19 18:46:40.408000+00:00,3980.0,2.0,1155.0,0.00943100000000019
2023-03-19 18:46:45.408000+00:00,3986.0,2.0,1155.0,0.0
2023-03-19 18:46:50.408000+00:00,3988.0,0.0,1156.0,0.004070000000000018
2023-03-19 18:46:55.408000+00:00,3990.0,0.0,1156.0,0.0
2023-03-19 18:47:00.408000+00:00,3992.0,0.0,1158.0,0.011613000000000095
2023-03-19 18:47:05.408000+00:00,3998.0,10.0,1158.0,0.0
2023-03-19 18:47:10.408000+00:00,4002.0,1.0,1161.0,0.014252000000000375
2023-03-19 18:47:15.408000+00:00,4004.0,1.0,1162.0,0.005112000000000005
2023-03-19 18:47:20.408000+00:00,4006.0,0.0,1162.0,0.0
2023-03-19 18:47:25.408000+00:00,4008.0,1.0,1163.0,0.0046840000000001325
2023-03-19 18:47:30.408000+00:00,4010.0,0.0,1164.0,0.004490999999999801
2023-03-19 18:47:35.408000+00:00,4016.0,3.0,1164.0,0.0
2023-03-19 18:47:40.408000+00:00,4016.0,0.0,1164.0,0.0
2023-03-19 18:47:45.408000+00:00,4016.0,0.0,1164.0,0.0
2023-03-19 18:47:50.408000+00:00,4018.0,1.0,1165.0,0.00439899999999982
2023-03-19 18:47:55.408000+00:00,4018.0,0.0,1165.0,0.0
2023-03-19 18:48:00.408000+00:00,4020.0,0.0,1166.0,0.00402199999999997
2023-03-19 18:48:05.408000+00:00,4022.0,0.0,1167.0,0.004894999999999872
2023-03-19 18:48:10.408000+00:00,4028.0,3.0,1168.0,0.004659000000000191
2023-03-19 18:48:15.408000+00:00,4036.0,3.0,1171.0,0.014194999999999958
2023-03-19 18:48:20.408000+00:00,4042.0,3.0,1172.0,0.0071430000000001215
2023-03-19 18:48:25.408000+00:00,4050.0,3.0,1175.0,0.017996000000000567
2023-03-19 18:48:30.408000+00:00,4057.0,3.0,1178.0,0.014837999999999685
2023-03-19 18:48:35.408000+00:00,4068.0,3.0,1183.0,0.02568700000000046
2023-03-19 18:48:40.408000+00:00,4076.0,7.0,1187.0,0.01969799999999955
2023-03-19 18:48:45.408000+00:00,4078.0,0.0,1187.0,0.0
2023-03-19 18:48:50.408000+00:00,4082.0,2.0,1188.0,0.012160000000000615
2023-03-19 18:48:55.408000+00:00,4090.0,1.0,1191.0,0.014577000000000062
2023-03-19 18:49:00.408000+00:00,4092.0,0.0,1191.0,0.0
2023-03-19 18:49:05.408000+00:00,4094.0,0.0,1192.0,0.0049640000000001905
2023-03-19 18:49:10.408000+00:00,4096.0,2.0,1192.0,0.0
2023-03-19 18:49:15.408000+00:00,4096.0,0.0,1192.0,0.0
2023-03-19 18:49:20.408000+00:00,4103.0,3.0,1194.0,0.011861000000000121
2023-03-19 18:49:25.408000+00:00,4108.0,2.0,1196.0,0.01005900000000004
2023-03-19 18:49:30.408000+00:00,4110.0,0.0,1197.0,0.004541999999999824
2023-03-19 18:49:35.408000+00:00,4112.0,2.0,1197.0,0.0
2023-03-19 18:49:40.408000+00:00,4112.0,0.0,1197.0,0.0
2023-03-19 18:49:45.408000+00:00,4116.0,2.0,1198.0,0.004678999999999878
2023-03-19 18:49:50.408000+00:00,4116.0,0.0,1198.0,0.0
2023-03-19 18:49:55.408000+00:00,4120.0,1.0,1199.0,0.005675000000000097
2023-03-19 18:50:00.408000+00:00,4124.0,1.0,1200.0,0.007098000000000049
2023-03-19 18:50:05.408000+00:00,4126.0,0.0,1201.0,0.004952999999999985
2023-03-19 18:50:10.408000+00:00,4128.0,0.0,1201.0,0.0
2023-03-19 18:50:15.408000+00:00,4132.0,1.0,1202.0,0.005271999999999721
2023-03-19 18:50:20.408000+00:00,4134.0,0.0,1202.0,0.0
2023-03-19 18:50:25.408000+00:00,4136.0,0.0,1203.0,0.005285000000000206
2023-03-19 18:50:30.408000+00:00,4144.0,1.0,1206.0,0.026963999999999544
2023-03-19 18:50:35.408000+00:00,4154.0,5.0,1210.0,0.021525000000000016
2023-03-19 18:50:40.408000+00:00,4154.0,0.0,1210.0,0.0
2023-03-19 18:50:45.408000+00:00,4158.0,0.0,1213.0,0.019423999999999886
2023-03-19 18:50:50.408000+00:00,4162.0,0.0,1215.0,0.011934000000000111
2023-03-19 18:50:55.408000+00:00,4168.0,4.0,1215.0,0.0
2023-03-19 18:51:00.408000+00:00,4170.0,0.0,1216.0,0.004309000000000118
2023-03-19 18:51:05.408000+00:00,4174.0,2.0,1219.0,0.012634999999999952
2023-03-19 18:51:10.408000+00:00,4176.0,1.0,1219.0,0.0
2023-03-19 18:51:15.408000+00:00,4176.0,0.0,1220.0,0.004891999999999896
2023-03-19 18:51:20.413000+00:00,4178.0,1.0,1221.0,0.004642000000000035
2023-03-19 18:51:25.408000+00:00,4182.0,0.0,1224.0,0.015568000000000026
2023-03-19 18:51:30.408000+00:00,4188.0,1.0,1226.0,0.011054999999999815
2023-03-19 18:51:35.408000+00:00,4194.0,2.0,1229.0,0.026533999999999835
2023-03-19 18:51:40.408000+00:00,4198.0,0.0,1229.0,0.0
2023-03-19 18:51:45.408000+00:00,4198.0,0.0,1229.0,0.0
2023-03-19 18:51:50.408000+00:00,4198.0,0.0,1229.0,0.0
2023-03-19 18:51:55.408000+00:00,4200.0,1.0,1229.0,0.0
2023-03-19 18:52:00.408000+00:00,4206.0,2.0,1230.0,0.004726999999999926
2023-03-19 18:52:05.408000+00:00,4210.0,1.0,1232.0,0.009900999999999716
2023-03-19 18:52:10.408000+00:00,4214.0,0.0,1234.0,0.012502999999999709
2023-03-19 18:52:15.408000+00:00,4220.0,3.0,1234.0,0.0
2023-03-19 18:52:20.408000+00:00,4220.0,0.0,1234.0,0.0
2023-03-19 18:52:25.408000+00:00,4228.0,1.0,1236.0,0.012291000000000274
2023-03-19 18:52:30.408000+00:00,4232.0,1.0,1237.0,0.007293000000000216
2023-03-19 18:52:35.408000+00:00,4238.0,1.0,1237.0,0.0
2023-03-19 18:52:40.408000+00:00,4242.0,1.0,1239.0,0.00965399999999983
2023-03-19 18:52:45.408000+00:00,4246.0,0.0,1243.0,0.02227800000000002
2023-03-19 18:52:50.408000+00:00,4250.0,1.0,1244.0,0.004995999999999778
2023-03-19 18:52:55.408000+00:00,4254.0,0.0,1245.0,0.005065999999999349
2023-03-19 18:53:00.408000+00:00,4262.0,3.0,1247.0,0.014849000000000778
2023-03-19 18:53:05.408000+00:00,4268.0,2.0,1248.0,0.005199999999999871
2023-03-19 18:53:10.408000+00:00,4268.0,0.0,1248.0,0.0
2023-03-19 18:53:15.408000+00:00,4268.0,0.0,1248.0,0.0
2023-03-19 18:53:20.408000+00:00,4274.0,2.0,1250.0,0.009463000000000221
2023-03-19 18:53:25.408000+00:00,4278.0,0.0,1251.0,0.005567999999999795
2023-03-19 18:53:30.408000+00:00,4278.0,0.0,1251.0,0.0
2023-03-19 18:53:35.408000+00:00,4284.0,1.0,1254.0,0.015252999999999961
2023-03-19 18:53:40.408000+00:00,4288.0,0.0,1257.0,0.014949999999999353
2023-03-19 18:53:45.408000+00:00,4294.0,1.0,1257.0,0.0
2023-03-19 18:53:50.408000+00:00,4296.0,0.0,1257.0,0.0
2023-03-19 18:53:55.408000+00:00,4300.0,0.0,1259.0,0.011464000000000585
2023-03-19 18:54:00.408000+00:00,4302.0,0.0,1259.0,0.0
2023-03-19 18:54:05.408000+00:00,4311.0,3.0,1261.0,0.0369069999999998
2023-03-19 18:54:10.408000+00:00,4314.0,1.0,1261.0,0.0
2023-03-19 18:54:15.408000+00:00,4316.0,0.0,1261.0,0.0
2023-03-19 18:54:20.408000+00:00,4324.0,2.0,1261.0,0.0
2023-03-19 18:54:25.408000+00:00,4326.0,1.0,1261.0,0.0
2023-03-19 18:54:30.408000+00:00,4334.0,1.0,1263.0,0.015052999999999983
2023-03-19 18:54:35.408000+00:00,4336.0,0.0,1263.0,0.0
2023-03-19 18:54:40.408000+00:00,4340.0,1.0,1263.0,0.0
2023-03-19 18:54:45.408000+00:00,4342.0,0.0,1265.0,0.010008999999999713
2023-03-19 18:54:50.408000+00:00,4344.0,0.0,1265.0,0.0
2023-03-19 18:54:55.408000+00:00,4348.0,1.0,1265.0,0.0
2023-03-19 18:55:00.408000+00:00,4354.0,3.0,1266.0,0.004789000000000598
2023-03-19 18:55:05.408000+00:00,4358.0,0.0,1266.0,0.0
2023-03-19 18:55:10.408000+00:00,4360.0,0.0,1267.0,0.03070700000000004
2023-03-19 18:55:15.408000+00:00,4368.0,2.0,1270.0,0.019898999999999667
2023-03-19 18:55:20.408000+00:00,4372.0,3.0,1270.0,0.0
2023-03-19 18:55:25.408000+00:00,4374.0,0.0,1270.0,0.0
2023-03-19 18:55:30.408000+00:00,4379.0,3.0,1270.0,0.0
2023-03-19 18:55:35.408000+00:00,4386.0,1.0,1273.0,0.0556760000000005
2023-03-19 18:55:40.408000+00:00,4386.0,0.0,1273.0,0.0
2023-03-19 18:55:45.408000+00:00,4388.0,0.0,1274.0,0.012518000000000029
2023-03-19 18:55:50.408000+00:00,4396.0,13.0,1277.0,0.016251000000000015
2023-03-19 18:55:55.408000+00:00,4398.0,0.0,1277.0,0.0
2023-03-19 18:56:00.408000+00:00,4404.0,0.0,1279.0,0.00945000000000018
2023-03-19 18:56:05.408000+00:00,4412.0,1.0,1282.0,0.013398000000000021
2023-03-19 18:56:10.408000+00:00,4414.0,1.0,1283.0,0.0047640000000002125
2023-03-19 18:56:15.408000+00:00,4414.0,0.0,1283.0,0.0
2023-03-19 18:56:20.408000+00:00,4422.0,2.0,1287.0,0.019517999999999702
2023-03-19 18:56:25.408000+00:00,4424.0,0.0,1287.0,0.0
2023-03-19 18:56:30.408000+00:00,4430.0,1.0,1287.0,0.0
2023-03-19 18:56:35.408000+00:00,4432.0,1.0,1288.0,0.005043000000000131
2023-03-19 18:56:40.408000+00:00,4434.0,0.0,1288.0,0.0
2023-03-19 18:56:45.408000+00:00,4438.0,1.0,1291.0,0.013952000000000186
2023-03-19 18:56:50.408000+00:00,4440.0,0.0,1292.0,0.005346999999999991
2023-03-19 18:56:55.408000+00:00,4442.0,0.0,1293.0,0.0043960000000002886
2023-03-19 18:57:00.408000+00:00,4442.0,0.0,1293.0,0.0
2023-03-19 18:57:05.408000+00:00,4448.0,1.0,1295.0,0.010167000000000037
2023-03-19 18:57:10.408000+00:00,4450.0,0.0,1295.0,0.0
2023-03-19 18:57:15.408000+00:00,4452.0,1.0,1295.0,0.0
2023-03-19 18:57:20.408000+00:00,4458.0,0.0,1296.0,0.003754999999999953
2023-03-19 18:57:25.408000+00:00,4460.0,0.0,1297.0,0.00626300000000013
2023-03-19 18:57:30.408000+00:00,4470.0,4.0,1299.0,0.011389000000000316
2023-03-19 18:57:35.408000+00:00,4473.0,1.0,1302.0,0.01695000000000002
2023-03-19 18:57:40.408000+00:00,4474.0,0.0,1302.0,0.0
2023-03-19 18:57:45.408000+00:00,4476.0,0.0,1302.0,0.0
2023-03-19 18:57:50.408000+00:00,4478.0,0.0,1303.0,0.0044599999999999085
2023-03-19 18:57:55.408000+00:00,4482.0,1.0,1305.0,0.009244999999999948
2023-03-19 18:58:00.408000+00:00,4486.0,1.0,1306.0,0.006851999999999858
2023-03-19 18:58:05.408000+00:00,4492.0,1.0,1309.0,0.08766900000000133
2023-03-19 18:58:10.408000+00:00,4496.0,1.0,1310.0,0.005526999999999838
2023-03-19 18:58:15.408000+00:00,4500.0,0.0,1310.0,0.0
2023-03-19 18:58:20.408000+00:00,4500.0,0.0,1310.0,0.0
2023-03-19 18:58:25.408000+00:00,4500.0,0.0,1310.0,0.0
2023-03-19 18:58:30.408000+00:00,4504.0,0.0,1311.0,0.007530000000000037
2023-03-19 18:58:35.408000+00:00,4504.0,0.0,1311.0,0.0
2023-03-19 18:58:40.408000+00:00,4506.0,1.0,1312.0,0.007130999999999776
2023-03-19 18:58:45.408000+00:00,4516.0,0.0,1312.0,0.0
2023-03-19 18:58:50.408000+00:00,4520.0,2.0,1313.0,0.00518200000000002
2023-03-19 18:58:55.408000+00:00,4520.0,0.0,1313.0,0.0
2023-03-19 18:59:00.408000+00:00,4528.0,2.0,1317.0,0.03400500000000006
2023-03-19 18:59:05.408000+00:00,4530.0,0.0,1317.0,0.0
2023-03-19 18:59:10.408000+00:00,4534.0,3.0,1320.0,0.014756000000000213
2023-03-19 18:59:15.408000+00:00,4538.0,2.0,1321.0,0.007225000000000037
2023-03-19 18:59:20.408000+00:00,4538.0,0.0,1321.0,0.0
2023-03-19 18:59:25.408000+00:00,4540.0,1.0,1321.0,0.0
2023-03-19 18:59:30.408000+00:00,4542.0,1.0,1321.0,0.0
2023-03-19 18:59:35.408000+00:00,4544.0,0.0,1321.0,0.0
2023-03-19 18:59:40.408000+00:00,4552.0,1.0,1323.0,0.015752999999999684
2023-03-19 18:59:45.408000+00:00,4556.0,1.0,1325.0,0.011407000000000167
2023-03-19 18:59:50.408000+00:00,4560.0,0.0,1325.0,0.0
2023-03-19 18:59:55.408000+00:00,4564.0,2.0,1326.0,0.0036239999999998496
