timestamp,rt_payment_delete_cart_count,rt_payment_delete_cart_sum
2023-03-20 15:21:34.727000+00:00,17.0,
2023-03-20 15:21:39.727000+00:00,18.0,9.0
2023-03-20 15:21:44.727000+00:00,18.0,0.0
2023-03-20 15:21:49.727000+00:00,19.0,9.0
2023-03-20 15:21:54.727000+00:00,21.0,18.0
2023-03-20 15:21:59.727000+00:00,24.0,28.0
2023-03-20 15:22:04.727000+00:00,26.0,19.0
2023-03-20 15:22:09.727000+00:00,27.0,10.0
2023-03-20 15:22:14.727000+00:00,28.0,9.0
2023-03-20 15:22:19.727000+00:00,28.0,0.0
2023-03-20 15:22:24.727000+00:00,29.0,10.0
2023-03-20 15:22:29.727000+00:00,30.0,10.0
2023-03-20 15:22:34.727000+00:00,32.0,19.0
2023-03-20 15:22:54.732000+00:00,38.0,54.0
2023-03-20 15:22:59.727000+00:00,38.0,0.0
2023-03-20 15:23:04.727000+00:00,41.0,32.0
2023-03-20 15:23:09.727000+00:00,42.0,8.0
2023-03-20 15:23:14.727000+00:00,44.0,25.0
2023-03-20 15:23:19.727000+00:00,45.0,10.0
2023-03-20 15:23:24.727000+00:00,46.0,9.0
2023-03-20 15:23:29.727000+00:00,48.0,21.0
2023-03-20 15:23:34.727000+00:00,49.0,9.0
2023-03-20 15:23:39.727000+00:00,51.0,19.0
2023-03-20 15:23:44.727000+00:00,53.0,17.0
2023-03-20 15:23:49.727000+00:00,57.0,48.0
2023-03-20 15:23:54.727000+00:00,58.0,9.0
2023-03-20 15:24:09.731000+00:00,62.0,36.0
2023-03-20 15:24:14.727000+00:00,64.0,18.0
2023-03-20 15:24:19.727000+00:00,65.0,8.0
2023-03-20 15:24:24.727000+00:00,66.0,9.0
2023-03-20 15:24:29.727000+00:00,68.0,19.0
2023-03-20 15:24:39.730000+00:00,72.0,37.0
2023-03-20 15:24:44.727000+00:00,73.0,8.0
2023-03-20 15:24:49.727000+00:00,74.0,9.0
2023-03-20 15:24:54.727000+00:00,75.0,8.0
2023-03-20 15:24:59.727000+00:00,76.0,9.0
2023-03-20 15:25:04.727000+00:00,77.0,9.0
2023-03-20 15:25:09.727000+00:00,77.0,0.0
2023-03-20 15:25:29.731000+00:00,86.0,86.0
2023-03-20 15:25:34.727000+00:00,87.0,12.0
2023-03-20 15:25:39.727000+00:00,87.0,0.0
2023-03-20 15:25:44.727000+00:00,90.0,32.0
2023-03-20 15:25:54.730000+00:00,94.0,41.0
2023-03-20 15:25:59.727000+00:00,94.0,0.0
2023-03-20 15:26:04.727000+00:00,95.0,9.0
2023-03-20 15:26:09.727000+00:00,98.0,28.0
2023-03-20 15:26:14.727000+00:00,98.0,0.0
2023-03-20 15:26:19.727000+00:00,102.0,36.0
2023-03-20 15:26:24.727000+00:00,104.0,20.0
2023-03-20 15:26:29.727000+00:00,108.0,38.0
2023-03-20 15:26:34.727000+00:00,109.0,10.0
2023-03-20 15:26:39.727000+00:00,109.0,0.0
2023-03-20 15:26:44.727000+00:00,110.0,9.0
2023-03-20 15:26:49.727000+00:00,111.0,8.0
2023-03-20 15:26:54.727000+00:00,113.0,20.0
2023-03-20 15:26:59.727000+00:00,113.0,0.0
2023-03-20 15:27:04.727000+00:00,114.0,14.0
2023-03-20 15:27:19.730000+00:00,118.0,40.0
2023-03-20 15:27:34.731000+00:00,121.0,34.0
2023-03-20 15:27:39.727000+00:00,123.0,20.0
2023-03-20 15:27:44.727000+00:00,124.0,11.0
2023-03-20 15:27:49.727000+00:00,125.0,8.0
2023-03-20 15:27:54.727000+00:00,129.0,41.0
2023-03-20 15:27:59.727000+00:00,130.0,8.0
2023-03-20 15:28:04.727000+00:00,132.0,17.0
2023-03-20 15:28:09.727000+00:00,133.0,10.0
2023-03-20 15:28:14.727000+00:00,135.0,18.0
2023-03-20 15:28:19.727000+00:00,136.0,10.0
2023-03-20 15:28:24.727000+00:00,139.0,30.0
2023-03-20 15:28:29.727000+00:00,141.0,24.0
2023-03-20 15:28:34.727000+00:00,142.0,9.0
2023-03-20 15:28:39.727000+00:00,144.0,18.0
2023-03-20 15:28:44.727000+00:00,145.0,10.0
2023-03-20 15:28:49.727000+00:00,147.0,19.0
2023-03-20 15:28:54.727000+00:00,148.0,9.0
2023-03-20 15:28:59.727000+00:00,149.0,9.0
2023-03-20 15:29:04.727000+00:00,149.0,0.0
2023-03-20 15:29:09.727000+00:00,149.0,0.0
2023-03-20 15:29:14.727000+00:00,150.0,9.0
2023-03-20 15:29:19.727000+00:00,150.0,0.0
2023-03-20 15:29:24.727000+00:00,151.0,8.0
2023-03-20 15:29:29.727000+00:00,153.0,27.0
2023-03-20 15:29:34.727000+00:00,154.0,9.0
2023-03-20 15:29:39.727000+00:00,156.0,17.0
2023-03-20 15:29:44.727000+00:00,156.0,0.0
2023-03-20 15:29:49.727000+00:00,157.0,8.0
2023-03-20 15:29:54.727000+00:00,158.0,15.0
2023-03-20 15:29:59.727000+00:00,158.0,0.0
2023-03-20 15:30:04.727000+00:00,159.0,10.0
2023-03-20 15:30:09.727000+00:00,159.0,0.0
2023-03-20 15:30:14.727000+00:00,162.0,25.0
2023-03-20 15:30:24.730000+00:00,168.0,57.0
2023-03-20 15:30:29.727000+00:00,169.0,10.0
2023-03-20 15:30:34.727000+00:00,172.0,27.0
2023-03-20 15:30:39.727000+00:00,174.0,21.0
2023-03-20 15:30:44.727000+00:00,175.0,11.0
2023-03-20 15:30:49.727000+00:00,175.0,0.0
2023-03-20 15:30:54.727000+00:00,176.0,9.0
2023-03-20 15:30:59.727000+00:00,177.0,9.0
2023-03-20 15:31:04.727000+00:00,178.0,10.0
2023-03-20 15:31:09.727000+00:00,179.0,9.0
2023-03-20 15:31:14.727000+00:00,180.0,9.0
2023-03-20 15:31:19.727000+00:00,181.0,9.0
2023-03-20 15:31:24.727000+00:00,183.0,18.0
2023-03-20 15:31:29.727000+00:00,183.0,0.0
2023-03-20 15:31:34.727000+00:00,183.0,0.0
2023-03-20 15:31:39.727000+00:00,184.0,9.0
2023-03-20 15:31:44.727000+00:00,186.0,17.0
2023-03-20 15:31:49.727000+00:00,187.0,8.0
2023-03-20 15:31:54.727000+00:00,188.0,12.0
2023-03-20 15:31:59.727000+00:00,190.0,16.0
2023-03-20 15:32:04.727000+00:00,192.0,20.0
2023-03-20 15:32:09.727000+00:00,195.0,32.0
2023-03-20 15:32:14.727000+00:00,198.0,29.0
2023-03-20 15:32:19.727000+00:00,200.0,25.0
2023-03-20 15:32:34.731000+00:00,205.0,42.0
2023-03-20 15:32:39.727000+00:00,206.0,8.0
2023-03-20 15:32:44.727000+00:00,207.0,9.0
2023-03-20 15:32:49.727000+00:00,208.0,9.0
2023-03-20 15:32:54.727000+00:00,208.0,0.0
2023-03-20 15:32:59.727000+00:00,209.0,9.0
2023-03-20 15:33:04.727000+00:00,209.0,0.0
2023-03-20 15:33:09.727000+00:00,210.0,8.0
2023-03-20 15:33:14.727000+00:00,210.0,0.0
2023-03-20 15:33:19.727000+00:00,212.0,18.0
2023-03-20 15:33:24.727000+00:00,214.0,18.0
2023-03-20 15:33:29.727000+00:00,214.0,0.0
2023-03-20 15:33:34.727000+00:00,215.0,9.0
2023-03-20 15:33:39.727000+00:00,217.0,18.0
2023-03-20 15:33:44.727000+00:00,219.0,18.0
2023-03-20 15:33:49.727000+00:00,219.0,0.0
2023-03-20 15:33:54.727000+00:00,221.0,18.0
2023-03-20 15:33:59.727000+00:00,223.0,17.0
2023-03-20 15:34:04.727000+00:00,223.0,0.0
2023-03-20 15:34:09.727000+00:00,225.0,18.0
2023-03-20 15:34:14.727000+00:00,225.0,0.0
2023-03-20 15:34:49.734000+00:00,240.0,144.0
2023-03-20 15:34:54.853000+00:00,241.0,9.0
2023-03-20 15:34:59.727000+00:00,241.0,0.0
2023-03-20 15:35:04.727000+00:00,242.0,9.0
2023-03-20 15:35:09.727000+00:00,242.0,0.0
2023-03-20 15:35:14.727000+00:00,243.0,9.0
2023-03-20 15:35:19.727000+00:00,245.0,18.0
2023-03-20 15:35:24.727000+00:00,245.0,0.0
2023-03-20 15:35:29.727000+00:00,245.0,0.0
2023-03-20 15:35:34.727000+00:00,245.0,0.0
2023-03-20 15:35:39.727000+00:00,245.0,0.0
2023-03-20 15:35:44.727000+00:00,245.0,0.0
2023-03-20 15:35:49.727000+00:00,246.0,9.0
2023-03-20 15:35:54.727000+00:00,246.0,0.0
2023-03-20 15:35:59.727000+00:00,247.0,10.0
2023-03-20 15:36:04.727000+00:00,247.0,0.0
2023-03-20 15:36:09.727000+00:00,247.0,0.0
2023-03-20 15:36:14.727000+00:00,248.0,8.0
2023-03-20 15:36:19.727000+00:00,248.0,0.0
2023-03-20 15:36:29.727000+00:00,252.0,39.0
2023-03-20 15:36:34.727000+00:00,255.0,39.0
2023-03-20 15:36:39.727000+00:00,256.0,13.0
2023-03-20 15:36:44.727000+00:00,258.0,19.0
2023-03-20 15:36:49.727000+00:00,260.0,18.0
2023-03-20 15:36:54.727000+00:00,262.0,19.0
2023-03-20 15:36:59.727000+00:00,263.0,9.0
2023-03-20 15:37:04.727000+00:00,265.0,20.0
2023-03-20 15:37:09.727000+00:00,267.0,16.0
2023-03-20 15:37:14.727000+00:00,268.0,9.0
2023-03-20 15:37:19.727000+00:00,270.0,17.0
2023-03-20 15:37:24.727000+00:00,271.0,9.0
2023-03-20 15:37:29.727000+00:00,272.0,8.0
2023-03-20 15:37:34.727000+00:00,272.0,0.0
2023-03-20 15:37:39.727000+00:00,272.0,0.0
2023-03-20 15:37:44.727000+00:00,272.0,0.0
2023-03-20 15:37:49.727000+00:00,273.0,9.0
2023-03-20 15:37:54.727000+00:00,273.0,0.0
2023-03-20 15:37:59.727000+00:00,274.0,9.0
2023-03-20 15:38:04.727000+00:00,276.0,17.0
2023-03-20 15:38:09.727000+00:00,281.0,46.0
2023-03-20 15:38:14.727000+00:00,282.0,9.0
2023-03-20 15:39:44.743000+00:00,314.0,296.0
2023-03-20 15:39:49.727000+00:00,314.0,0.0
2023-03-20 15:39:54.727000+00:00,315.0,8.0
2023-03-20 15:39:59.727000+00:00,315.0,0.0
2023-03-20 15:40:04.727000+00:00,316.0,8.0
2023-03-20 15:40:09.727000+00:00,317.0,9.0
2023-03-20 15:40:14.727000+00:00,318.0,8.0
2023-03-20 15:40:19.727000+00:00,322.0,35.0
2023-03-20 15:40:24.727000+00:00,323.0,9.0
2023-03-20 15:40:29.727000+00:00,323.0,0.0
2023-03-20 15:40:34.727000+00:00,323.0,0.0
2023-03-20 15:40:39.727000+00:00,323.0,0.0
2023-03-20 15:40:44.727000+00:00,326.0,31.0
2023-03-20 15:40:49.727000+00:00,327.0,8.0
2023-03-20 15:40:54.727000+00:00,331.0,30.0
2023-03-20 15:40:59.727000+00:00,333.0,17.0
2023-03-20 15:41:04.727000+00:00,334.0,10.0
2023-03-20 15:41:09.727000+00:00,335.0,9.0
2023-03-20 15:41:14.727000+00:00,335.0,0.0
2023-03-20 15:41:19.727000+00:00,337.0,18.0
2023-03-20 15:41:24.727000+00:00,337.0,0.0
2023-03-20 15:41:34.727000+00:00,342.0,42.0
2023-03-20 15:41:39.727000+00:00,344.0,18.0
2023-03-20 15:41:44.727000+00:00,345.0,8.0
2023-03-20 15:41:49.727000+00:00,346.0,9.0
2023-03-20 15:41:54.727000+00:00,347.0,9.0
2023-03-20 15:41:59.727000+00:00,349.0,17.0
2023-03-20 15:42:04.727000+00:00,350.0,9.0
2023-03-20 15:42:09.727000+00:00,350.0,0.0
2023-03-20 15:42:14.727000+00:00,352.0,15.0
2023-03-20 15:42:19.727000+00:00,353.0,9.0
2023-03-20 15:42:24.727000+00:00,353.0,0.0
2023-03-20 15:42:29.727000+00:00,357.0,34.0
2023-03-20 15:42:34.727000+00:00,359.0,16.0
2023-03-20 15:42:39.727000+00:00,359.0,0.0
2023-03-20 15:42:44.727000+00:00,360.0,8.0
2023-03-20 15:42:49.727000+00:00,361.0,9.0
2023-03-20 15:42:54.727000+00:00,362.0,10.0
2023-03-20 15:42:59.727000+00:00,365.0,25.0
2023-03-20 15:43:04.727000+00:00,366.0,13.0
2023-03-20 15:44:04.738000+00:00,388.0,196.0
2023-03-20 15:44:09.727000+00:00,389.0,8.0
2023-03-20 15:44:14.727000+00:00,391.0,17.0
2023-03-20 15:44:19.727000+00:00,393.0,18.0
2023-03-20 15:44:24.727000+00:00,394.0,9.0
2023-03-20 15:44:29.727000+00:00,394.0,0.0
2023-03-20 15:44:34.727000+00:00,398.0,34.0
2023-03-20 15:44:49.730000+00:00,404.0,54.0
2023-03-20 15:44:54.727000+00:00,404.0,0.0
2023-03-20 15:44:59.727000+00:00,405.0,8.0
2023-03-20 15:45:04.727000+00:00,405.0,0.0
2023-03-20 15:45:09.727000+00:00,407.0,18.0
2023-03-20 15:45:19.730000+00:00,411.0,38.0
2023-03-20 15:45:24.727000+00:00,411.0,0.0
2023-03-20 15:45:29.727000+00:00,411.0,0.0
2023-03-20 15:45:34.727000+00:00,413.0,18.0
2023-03-20 15:45:54.818000+00:00,420.0,61.0
2023-03-20 15:45:59.727000+00:00,423.0,26.0
2023-03-20 15:46:04.727000+00:00,424.0,8.0
2023-03-20 15:46:09.727000+00:00,424.0,0.0
2023-03-20 15:46:14.727000+00:00,424.0,0.0
2023-03-20 15:46:19.727000+00:00,424.0,0.0
2023-03-20 15:46:49.735000+00:00,437.0,113.0
2023-03-20 15:46:54.727000+00:00,438.0,8.0
2023-03-20 15:46:59.727000+00:00,439.0,7.0
2023-03-20 15:47:04.727000+00:00,439.0,0.0
2023-03-20 15:47:09.727000+00:00,442.0,25.0
2023-03-20 15:47:14.727000+00:00,443.0,8.0
2023-03-20 15:47:19.727000+00:00,444.0,9.0
2023-03-20 15:47:24.727000+00:00,444.0,0.0
2023-03-20 15:47:29.727000+00:00,445.0,8.0
2023-03-20 15:47:34.727000+00:00,445.0,0.0
2023-03-20 15:47:39.727000+00:00,447.0,21.0
2023-03-20 15:47:44.727000+00:00,449.0,16.0
2023-03-20 15:47:49.727000+00:00,449.0,0.0
2023-03-20 15:47:54.727000+00:00,449.0,0.0
2023-03-20 15:47:59.727000+00:00,449.0,0.0
2023-03-20 15:48:04.727000+00:00,452.0,25.0
2023-03-20 15:48:14.730000+00:00,455.0,27.0
2023-03-20 15:48:19.727000+00:00,457.0,17.0
2023-03-20 15:48:24.727000+00:00,459.0,17.0
2023-03-20 15:48:29.727000+00:00,460.0,6.0
2023-03-20 15:48:34.727000+00:00,463.0,26.0
2023-03-20 15:48:39.727000+00:00,463.0,0.0
2023-03-20 15:48:44.727000+00:00,465.0,17.0
2023-03-20 15:48:49.727000+00:00,467.0,16.0
2023-03-20 15:48:54.727000+00:00,468.0,8.0
2023-03-20 15:48:59.727000+00:00,469.0,7.0
2023-03-20 15:49:04.727000+00:00,470.0,9.0
2023-03-20 15:49:09.727000+00:00,473.0,28.0
2023-03-20 15:49:24.731000+00:00,477.0,34.0
2023-03-20 15:49:29.727000+00:00,477.0,0.0
2023-03-20 15:49:34.727000+00:00,477.0,0.0
2023-03-20 15:49:39.727000+00:00,477.0,0.0
2023-03-20 15:49:44.727000+00:00,478.0,8.0
2023-03-20 15:49:49.727000+00:00,480.0,20.0
2023-03-20 15:49:54.727000+00:00,483.0,26.0
2023-03-20 15:50:04.727000+00:00,485.0,17.0
2023-03-20 15:50:09.727000+00:00,487.0,16.0
2023-03-20 15:50:14.727000+00:00,488.0,7.0
2023-03-20 15:50:19.727000+00:00,490.0,16.0
2023-03-20 15:50:24.727000+00:00,490.0,0.0
2023-03-20 15:50:29.727000+00:00,491.0,11.0
2023-03-20 15:50:34.727000+00:00,492.0,9.0
2023-03-20 15:50:59.732000+00:00,500.0,68.0
2023-03-20 15:51:04.727000+00:00,502.0,16.0
2023-03-20 15:51:09.727000+00:00,504.0,18.0
2023-03-20 15:51:14.727000+00:00,506.0,17.0
2023-03-20 15:51:19.727000+00:00,507.0,9.0
2023-03-20 15:51:24.727000+00:00,507.0,0.0
2023-03-20 15:51:29.727000+00:00,508.0,9.0
2023-03-20 15:51:34.727000+00:00,508.0,0.0
2023-03-20 15:51:39.727000+00:00,508.0,0.0
2023-03-20 15:51:44.727000+00:00,511.0,25.0
2023-03-20 15:51:49.727000+00:00,512.0,9.0
2023-03-20 15:51:54.727000+00:00,513.0,9.0
2023-03-20 15:51:59.727000+00:00,516.0,25.0
2023-03-20 15:52:04.727000+00:00,518.0,17.0
2023-03-20 15:52:09.727000+00:00,519.0,9.0
2023-03-20 15:52:14.727000+00:00,520.0,8.0
2023-03-20 15:52:19.727000+00:00,522.0,18.0
2023-03-20 15:52:24.727000+00:00,522.0,0.0
2023-03-20 15:52:29.727000+00:00,525.0,30.0
2023-03-20 15:52:34.727000+00:00,525.0,0.0
2023-03-20 15:52:39.727000+00:00,528.0,26.0
2023-03-20 15:52:49.730000+00:00,532.0,35.0
2023-03-20 15:52:54.727000+00:00,534.0,16.0
2023-03-20 15:52:59.727000+00:00,535.0,9.0
2023-03-20 15:53:04.727000+00:00,536.0,8.0
2023-03-20 15:53:09.727000+00:00,539.0,26.0
2023-03-20 15:53:14.727000+00:00,540.0,9.0
2023-03-20 15:53:19.727000+00:00,542.0,17.0
2023-03-20 15:53:24.727000+00:00,543.0,8.0
2023-03-20 15:53:29.727000+00:00,544.0,9.0
2023-03-20 15:53:34.727000+00:00,544.0,0.0
2023-03-20 15:53:39.727000+00:00,544.0,0.0
2023-03-20 15:53:44.727000+00:00,545.0,8.0
2023-03-20 15:53:49.727000+00:00,546.0,12.0
2023-03-20 15:53:59.727000+00:00,549.0,27.0
2023-03-20 15:54:04.727000+00:00,549.0,0.0
2023-03-20 15:54:09.727000+00:00,550.0,10.0
2023-03-20 15:54:14.727000+00:00,552.0,16.0
2023-03-20 15:54:19.727000+00:00,552.0,0.0
2023-03-20 15:54:24.727000+00:00,556.0,35.0
2023-03-20 15:54:29.727000+00:00,556.0,0.0
2023-03-20 15:54:34.727000+00:00,556.0,0.0
2023-03-20 15:54:39.727000+00:00,556.0,0.0
2023-03-20 15:54:44.727000+00:00,556.0,0.0
2023-03-20 15:54:49.727000+00:00,557.0,8.0
2023-03-20 15:54:54.727000+00:00,558.0,11.0
2023-03-20 15:54:59.727000+00:00,558.0,0.0
2023-03-20 15:55:04.727000+00:00,558.0,0.0
2023-03-20 15:55:09.727000+00:00,559.0,8.0
2023-03-20 15:55:14.727000+00:00,559.0,0.0
2023-03-20 15:55:19.727000+00:00,561.0,21.0
2023-03-20 15:55:24.727000+00:00,561.0,0.0
2023-03-20 15:55:29.727000+00:00,564.0,26.0
2023-03-20 15:55:34.727000+00:00,567.0,29.0
2023-03-20 15:55:39.727000+00:00,568.0,8.0
2023-03-20 15:55:44.727000+00:00,569.0,8.0
2023-03-20 15:55:49.727000+00:00,571.0,24.0
2023-03-20 15:55:54.727000+00:00,573.0,15.0
2023-03-20 15:55:59.727000+00:00,573.0,0.0
2023-03-20 15:56:04.727000+00:00,574.0,8.0
2023-03-20 15:56:09.727000+00:00,576.0,18.0
2023-03-20 15:56:14.727000+00:00,578.0,17.0
2023-03-20 15:56:19.727000+00:00,580.0,19.0
2023-03-20 15:56:24.727000+00:00,582.0,21.0
2023-03-20 15:56:29.727000+00:00,582.0,0.0
2023-03-20 15:56:34.727000+00:00,583.0,10.0
2023-03-20 15:56:39.727000+00:00,583.0,0.0
2023-03-20 15:56:44.727000+00:00,584.0,8.0
2023-03-20 15:56:49.727000+00:00,586.0,18.0
2023-03-20 15:56:54.727000+00:00,586.0,0.0
2023-03-20 15:56:59.727000+00:00,587.0,9.0
2023-03-20 15:57:04.727000+00:00,589.0,22.0
2023-03-20 15:57:09.727000+00:00,589.0,0.0
2023-03-20 15:57:14.727000+00:00,590.0,9.0
2023-03-20 15:57:19.727000+00:00,592.0,19.0
2023-03-20 15:57:24.727000+00:00,595.0,26.0
2023-03-20 15:57:29.727000+00:00,597.0,15.0
2023-03-20 15:57:34.727000+00:00,598.0,8.0
2023-03-20 15:57:39.727000+00:00,602.0,35.0
2023-03-20 15:57:44.727000+00:00,603.0,8.0
2023-03-20 15:57:49.727000+00:00,605.0,16.0
2023-03-20 15:57:54.727000+00:00,608.0,24.0
2023-03-20 15:58:09.730000+00:00,613.0,44.0
2023-03-20 15:58:14.727000+00:00,616.0,24.0
2023-03-20 15:58:19.727000+00:00,616.0,0.0
2023-03-20 15:58:24.727000+00:00,616.0,0.0
2023-03-20 15:58:29.727000+00:00,617.0,9.0
2023-03-20 15:58:34.727000+00:00,618.0,8.0
2023-03-20 15:58:39.727000+00:00,619.0,8.0
2023-03-20 15:58:44.727000+00:00,619.0,0.0
2023-03-20 15:58:54.730000+00:00,621.0,19.0
2023-03-20 15:58:59.727000+00:00,622.0,9.0
2023-03-20 15:59:04.727000+00:00,623.0,8.0
2023-03-20 15:59:09.727000+00:00,625.0,16.0
2023-03-20 15:59:14.727000+00:00,625.0,0.0
2023-03-20 15:59:19.727000+00:00,626.0,8.0
2023-03-20 15:59:24.727000+00:00,627.0,7.0
2023-03-20 15:59:34.730000+00:00,631.0,33.0
2023-03-20 15:59:39.727000+00:00,633.0,17.0
2023-03-20 15:59:49.730000+00:00,638.0,52.0
2023-03-20 15:59:54.727000+00:00,638.0,0.0
2023-03-20 16:00:09.730000+00:00,646.0,69.0
2023-03-20 16:00:14.727000+00:00,646.0,0.0
2023-03-20 16:00:19.727000+00:00,646.0,0.0
2023-03-20 16:00:24.727000+00:00,648.0,16.0
2023-03-20 16:00:29.727000+00:00,651.0,23.0
2023-03-20 16:00:39.727000+00:00,653.0,17.0
2023-03-20 16:00:44.727000+00:00,653.0,0.0
2023-03-20 16:00:49.727000+00:00,654.0,9.0
2023-03-20 16:00:54.727000+00:00,655.0,13.0
2023-03-20 16:00:59.727000+00:00,656.0,10.0
2023-03-20 16:01:04.727000+00:00,657.0,9.0
2023-03-20 16:01:09.727000+00:00,658.0,8.0
2023-03-20 16:01:14.727000+00:00,661.0,26.0
2023-03-20 16:01:19.727000+00:00,663.0,16.0
2023-03-20 16:01:24.727000+00:00,665.0,18.0
2023-03-20 16:01:29.727000+00:00,665.0,0.0
2023-03-20 16:01:34.727000+00:00,666.0,10.0
2023-03-20 16:01:39.727000+00:00,668.0,15.0
2023-03-20 16:01:44.727000+00:00,670.0,15.0
2023-03-20 16:01:54.729000+00:00,675.0,40.0
2023-03-20 16:01:59.727000+00:00,675.0,0.0
2023-03-20 16:02:04.727000+00:00,677.0,16.0
2023-03-20 16:02:09.727000+00:00,679.0,22.0
2023-03-20 16:02:14.727000+00:00,682.0,26.0
2023-03-20 16:02:19.727000+00:00,682.0,0.0
2023-03-20 16:02:24.727000+00:00,683.0,8.0
2023-03-20 16:02:54.732000+00:00,696.0,114.0
2023-03-20 16:02:59.727000+00:00,699.0,23.0
2023-03-20 16:03:04.727000+00:00,699.0,0.0
2023-03-20 16:03:09.727000+00:00,700.0,9.0
2023-03-20 16:03:14.727000+00:00,702.0,17.0
2023-03-20 16:03:19.727000+00:00,702.0,0.0
2023-03-20 16:03:24.727000+00:00,703.0,13.0
2023-03-20 16:03:29.727000+00:00,706.0,23.0
2023-03-20 16:03:34.727000+00:00,709.0,25.0
2023-03-20 16:03:39.727000+00:00,712.0,24.0
2023-03-20 16:03:44.727000+00:00,713.0,8.0
2023-03-20 16:03:49.727000+00:00,714.0,10.0
2023-03-20 16:03:54.727000+00:00,715.0,8.0
2023-03-20 16:03:59.727000+00:00,715.0,0.0
2023-03-20 16:04:04.727000+00:00,717.0,17.0
2023-03-20 16:04:09.727000+00:00,719.0,22.0
2023-03-20 16:04:14.727000+00:00,720.0,9.0
2023-03-20 16:04:19.727000+00:00,721.0,8.0
2023-03-20 16:04:24.727000+00:00,721.0,0.0
2023-03-20 16:04:29.727000+00:00,725.0,36.0
2023-03-20 16:04:39.727000+00:00,729.0,33.0
2023-03-20 16:04:54.730000+00:00,733.0,37.0
2023-03-20 16:04:59.727000+00:00,734.0,15.0
2023-03-20 16:05:04.727000+00:00,736.0,17.0
2023-03-20 16:05:09.727000+00:00,736.0,0.0
2023-03-20 16:05:14.727000+00:00,739.0,24.0
2023-03-20 16:05:19.727000+00:00,741.0,19.0
2023-03-20 16:05:24.727000+00:00,744.0,25.0
2023-03-20 16:05:29.727000+00:00,746.0,16.0
2023-03-20 16:05:34.727000+00:00,747.0,8.0
2023-03-20 16:05:39.727000+00:00,749.0,16.0
2023-03-20 16:05:44.727000+00:00,749.0,0.0
2023-03-20 16:05:49.727000+00:00,752.0,32.0
2023-03-20 16:05:54.727000+00:00,753.0,8.0
2023-03-20 16:05:59.727000+00:00,754.0,11.0
2023-03-20 16:06:04.727000+00:00,754.0,0.0
2023-03-20 16:06:09.727000+00:00,754.0,0.0
2023-03-20 16:06:14.727000+00:00,755.0,8.0
2023-03-20 16:06:19.727000+00:00,756.0,8.0
2023-03-20 16:06:24.727000+00:00,757.0,9.0
2023-03-20 16:06:29.727000+00:00,758.0,7.0
2023-03-20 16:06:34.727000+00:00,760.0,17.0
2023-03-20 16:06:39.727000+00:00,760.0,0.0
2023-03-20 16:06:44.727000+00:00,761.0,7.0
2023-03-20 16:06:49.727000+00:00,764.0,24.0
2023-03-20 16:06:54.727000+00:00,765.0,8.0
2023-03-20 16:07:14.731000+00:00,773.0,68.0
2023-03-20 16:07:19.727000+00:00,773.0,0.0
2023-03-20 16:07:24.727000+00:00,776.0,25.0
2023-03-20 16:07:29.727000+00:00,776.0,0.0
2023-03-20 16:07:34.727000+00:00,779.0,27.0
2023-03-20 16:07:39.727000+00:00,782.0,33.0
2023-03-20 16:07:44.727000+00:00,784.0,18.0
2023-03-20 16:07:49.727000+00:00,785.0,7.0
2023-03-20 16:07:54.727000+00:00,785.0,0.0
2023-03-20 16:07:59.727000+00:00,785.0,0.0
2023-03-20 16:08:04.727000+00:00,785.0,0.0
2023-03-20 16:08:09.727000+00:00,787.0,17.0
2023-03-20 16:08:14.727000+00:00,787.0,0.0
2023-03-20 16:08:19.727000+00:00,789.0,16.0
2023-03-20 16:08:24.727000+00:00,790.0,9.0
2023-03-20 16:08:29.727000+00:00,792.0,18.0
2023-03-20 16:08:34.727000+00:00,794.0,16.0
2023-03-20 16:08:39.727000+00:00,795.0,9.0
2023-03-20 16:08:44.727000+00:00,797.0,17.0
2023-03-20 16:08:49.727000+00:00,798.0,11.0
2023-03-20 16:08:54.727000+00:00,798.0,0.0
2023-03-20 16:08:59.727000+00:00,800.0,21.0
2023-03-20 16:09:04.727000+00:00,800.0,0.0
2023-03-20 16:09:09.727000+00:00,801.0,9.0
2023-03-20 16:09:14.727000+00:00,804.0,27.0
2023-03-20 16:09:19.727000+00:00,805.0,9.0
2023-03-20 16:09:49.732000+00:00,816.0,98.0
2023-03-20 16:09:54.727000+00:00,816.0,0.0
2023-03-20 16:09:59.727000+00:00,818.0,17.0
2023-03-20 16:10:04.727000+00:00,821.0,27.0
2023-03-20 16:10:09.727000+00:00,821.0,0.0
2023-03-20 16:10:14.727000+00:00,821.0,0.0
2023-03-20 16:10:19.727000+00:00,822.0,9.0
2023-03-20 16:10:24.727000+00:00,823.0,11.0
2023-03-20 16:10:29.727000+00:00,824.0,8.0
2023-03-20 16:10:34.727000+00:00,825.0,7.0
2023-03-20 16:10:39.727000+00:00,825.0,0.0
2023-03-20 16:10:44.727000+00:00,825.0,0.0
2023-03-20 16:10:49.727000+00:00,827.0,16.0
2023-03-20 16:10:54.727000+00:00,828.0,8.0
2023-03-20 16:10:59.727000+00:00,828.0,0.0
2023-03-20 16:11:04.727000+00:00,828.0,0.0
2023-03-20 16:11:09.727000+00:00,830.0,17.0
2023-03-20 16:11:14.727000+00:00,830.0,0.0
2023-03-20 16:11:34.732000+00:00,839.0,77.0
2023-03-20 16:11:39.727000+00:00,839.0,0.0
2023-03-20 16:12:09.733000+00:00,850.0,93.0
2023-03-20 16:12:14.727000+00:00,852.0,16.0
2023-03-20 16:12:19.727000+00:00,853.0,8.0
2023-03-20 16:12:24.727000+00:00,855.0,18.0
2023-03-20 16:12:29.727000+00:00,855.0,0.0
2023-03-20 16:12:34.727000+00:00,855.0,0.0
2023-03-20 16:12:39.727000+00:00,858.0,27.0
2023-03-20 16:12:44.727000+00:00,858.0,0.0
2023-03-20 16:12:49.727000+00:00,860.0,17.0
2023-03-20 16:12:54.727000+00:00,862.0,16.0
2023-03-20 16:12:59.727000+00:00,863.0,8.0
2023-03-20 16:13:04.727000+00:00,864.0,7.0
2023-03-20 16:13:09.727000+00:00,865.0,9.0
2023-03-20 16:13:14.727000+00:00,865.0,0.0
2023-03-20 16:13:19.727000+00:00,865.0,0.0
2023-03-20 16:13:24.727000+00:00,867.0,16.0
2023-03-20 16:13:29.727000+00:00,867.0,0.0
2023-03-20 16:13:34.727000+00:00,867.0,0.0
2023-03-20 16:13:39.727000+00:00,867.0,0.0
2023-03-20 16:13:44.727000+00:00,868.0,8.0
2023-03-20 16:13:49.727000+00:00,869.0,8.0
2023-03-20 16:13:54.727000+00:00,870.0,7.0
2023-03-20 16:13:59.727000+00:00,871.0,13.0
2023-03-20 16:14:04.727000+00:00,871.0,0.0
2023-03-20 16:14:09.727000+00:00,873.0,20.0
2023-03-20 16:14:14.727000+00:00,873.0,0.0
2023-03-20 16:14:19.727000+00:00,873.0,0.0
2023-03-20 16:14:24.727000+00:00,873.0,0.0
2023-03-20 16:14:29.727000+00:00,878.0,44.0
2023-03-20 16:14:39.730000+00:00,882.0,33.0
2023-03-20 16:14:44.727000+00:00,885.0,24.0
2023-03-20 16:14:49.727000+00:00,886.0,9.0
2023-03-20 16:14:54.727000+00:00,886.0,0.0
2023-03-20 16:14:59.727000+00:00,887.0,7.0
2023-03-20 16:15:04.727000+00:00,889.0,17.0
2023-03-20 16:15:09.727000+00:00,890.0,9.0
2023-03-20 16:15:14.727000+00:00,891.0,7.0
2023-03-20 16:15:19.727000+00:00,892.0,9.0
2023-03-20 16:15:24.727000+00:00,893.0,9.0
2023-03-20 16:15:29.727000+00:00,895.0,18.0
2023-03-20 16:15:34.727000+00:00,895.0,0.0
2023-03-20 16:15:39.727000+00:00,895.0,0.0
2023-03-20 16:15:44.727000+00:00,897.0,18.0
2023-03-20 16:15:49.727000+00:00,898.0,8.0
2023-03-20 16:15:54.727000+00:00,899.0,8.0
2023-03-20 16:15:59.727000+00:00,900.0,8.0
2023-03-20 16:16:04.727000+00:00,900.0,0.0
2023-03-20 16:16:09.727000+00:00,900.0,0.0
2023-03-20 16:16:14.727000+00:00,902.0,18.0
2023-03-20 16:16:19.727000+00:00,902.0,0.0
2023-03-20 16:16:24.727000+00:00,904.0,20.0
2023-03-20 16:16:29.727000+00:00,907.0,31.0
2023-03-20 16:16:34.727000+00:00,911.0,30.0
2023-03-20 16:16:39.727000+00:00,912.0,8.0
2023-03-20 16:16:44.727000+00:00,914.0,17.0
2023-03-20 16:16:49.727000+00:00,914.0,0.0
2023-03-20 16:17:09.730000+00:00,926.0,107.0
2023-03-20 16:17:14.727000+00:00,927.0,9.0
2023-03-20 16:17:19.727000+00:00,927.0,0.0
2023-03-20 16:17:24.727000+00:00,928.0,9.0
2023-03-20 16:17:29.727000+00:00,928.0,0.0
2023-03-20 16:17:34.727000+00:00,930.0,16.0
2023-03-20 16:17:39.727000+00:00,931.0,8.0
2023-03-20 16:17:44.727000+00:00,933.0,21.0
2023-03-20 16:17:49.727000+00:00,933.0,0.0
2023-03-20 16:17:54.727000+00:00,933.0,0.0
2023-03-20 16:17:59.727000+00:00,933.0,0.0
2023-03-20 16:18:04.727000+00:00,935.0,16.0
2023-03-20 16:18:09.727000+00:00,937.0,16.0
2023-03-20 16:18:14.727000+00:00,937.0,0.0
2023-03-20 16:18:19.727000+00:00,938.0,8.0
2023-03-20 16:18:24.727000+00:00,938.0,0.0
2023-03-20 16:18:29.727000+00:00,939.0,9.0
2023-03-20 16:18:34.727000+00:00,940.0,10.0
2023-03-20 16:18:39.727000+00:00,941.0,8.0
2023-03-20 16:18:44.727000+00:00,943.0,16.0
2023-03-20 16:19:54.790000+00:00,966.0,199.0
2023-03-20 16:19:59.727000+00:00,968.0,15.0
2023-03-20 16:20:04.727000+00:00,969.0,8.0
2023-03-20 16:20:09.727000+00:00,970.0,8.0
2023-03-20 16:20:14.727000+00:00,970.0,0.0
2023-03-20 16:20:19.727000+00:00,971.0,8.0
2023-03-20 16:20:24.727000+00:00,973.0,21.0
2023-03-20 16:20:29.727000+00:00,975.0,18.0
2023-03-20 16:20:39.727000+00:00,979.0,39.0
2023-03-20 16:20:44.727000+00:00,980.0,9.0
2023-03-20 16:20:49.727000+00:00,981.0,7.0
2023-03-20 16:20:54.727000+00:00,983.0,16.0
2023-03-20 16:20:59.727000+00:00,984.0,12.0
2023-03-20 16:23:14.751000+00:00,1026.0,377.0
2023-03-20 16:23:19.727000+00:00,1026.0,0.0
2023-03-20 16:23:24.727000+00:00,1026.0,0.0
2023-03-20 16:23:29.727000+00:00,1026.0,0.0
2023-03-20 16:23:34.727000+00:00,1026.0,0.0
2023-03-20 16:23:39.727000+00:00,1027.0,10.0
2023-03-20 16:23:44.727000+00:00,1028.0,8.0
2023-03-20 16:23:49.727000+00:00,1029.0,9.0
2023-03-20 16:23:54.727000+00:00,1029.0,0.0
2023-03-20 16:23:59.727000+00:00,1029.0,0.0
2023-03-20 16:24:04.727000+00:00,1030.0,11.0
2023-03-20 16:24:09.727000+00:00,1031.0,9.0
2023-03-20 16:25:24.784000+00:00,1061.0,284.0
2023-03-20 16:25:29.727000+00:00,1062.0,9.0
2023-03-20 16:25:34.727000+00:00,1063.0,10.0
2023-03-20 16:25:39.727000+00:00,1064.0,9.0
2023-03-20 16:25:44.727000+00:00,1064.0,0.0
2023-03-20 16:25:49.727000+00:00,1064.0,0.0
2023-03-20 16:25:54.727000+00:00,1064.0,0.0
2023-03-20 16:25:59.727000+00:00,1066.0,19.0
2023-03-20 16:26:04.727000+00:00,1066.0,0.0
2023-03-20 16:26:09.727000+00:00,1068.0,16.0
2023-03-20 16:26:14.727000+00:00,1069.0,9.0
2023-03-20 16:26:19.727000+00:00,1070.0,7.0
2023-03-20 16:26:24.727000+00:00,1070.0,0.0
2023-03-20 16:26:29.727000+00:00,1070.0,0.0
2023-03-20 16:26:34.727000+00:00,1070.0,0.0
2023-03-20 16:26:39.727000+00:00,1071.0,15.0
2023-03-20 16:26:44.727000+00:00,1074.0,27.0
2023-03-20 16:26:49.727000+00:00,1078.0,32.0
2023-03-20 16:26:54.727000+00:00,1078.0,0.0
2023-03-20 16:26:59.727000+00:00,1080.0,16.0
2023-03-20 16:27:04.727000+00:00,1084.0,33.0
2023-03-20 16:27:09.727000+00:00,1087.0,29.0
2023-03-20 16:27:14.727000+00:00,1087.0,0.0
2023-03-20 16:27:19.727000+00:00,1088.0,8.0
2023-03-20 16:27:24.727000+00:00,1089.0,9.0
2023-03-20 16:27:29.727000+00:00,1092.0,28.0
2023-03-20 16:27:34.727000+00:00,1092.0,0.0
2023-03-20 16:27:39.727000+00:00,1093.0,10.0
2023-03-20 16:27:44.727000+00:00,1093.0,0.0
2023-03-20 16:27:49.727000+00:00,1095.0,20.0
2023-03-20 16:27:54.727000+00:00,1095.0,0.0
2023-03-20 16:27:59.727000+00:00,1096.0,10.0
2023-03-20 16:28:04.727000+00:00,1096.0,0.0
2023-03-20 16:28:09.727000+00:00,1098.0,19.0
2023-03-20 16:28:14.727000+00:00,1098.0,0.0
2023-03-20 16:28:19.727000+00:00,1098.0,0.0
2023-03-20 16:28:24.727000+00:00,1099.0,10.0
2023-03-20 16:28:29.727000+00:00,1100.0,10.0
2023-03-20 16:28:34.727000+00:00,1101.0,8.0
2023-03-20 16:28:39.727000+00:00,1103.0,18.0
2023-03-20 16:28:44.727000+00:00,1106.0,31.0
2023-03-20 16:28:49.727000+00:00,1106.0,0.0
2023-03-20 16:28:54.727000+00:00,1106.0,0.0
2023-03-20 16:28:59.727000+00:00,1106.0,0.0
2023-03-20 16:29:04.727000+00:00,1108.0,17.0
2023-03-20 16:29:09.727000+00:00,1109.0,10.0
2023-03-20 16:29:14.727000+00:00,1111.0,17.0
2023-03-20 16:29:19.727000+00:00,1113.0,16.0
2023-03-20 16:29:24.727000+00:00,1116.0,32.0
2023-03-20 16:29:29.727000+00:00,1117.0,8.0
2023-03-20 16:29:34.727000+00:00,1120.0,23.0
2023-03-20 16:29:39.727000+00:00,1122.0,18.0
2023-03-20 16:29:44.727000+00:00,1123.0,11.0
2023-03-20 16:29:49.727000+00:00,1123.0,0.0
2023-03-20 16:29:54.727000+00:00,1124.0,8.0
2023-03-20 16:29:59.727000+00:00,1124.0,0.0
2023-03-20 16:30:04.727000+00:00,1124.0,0.0
2023-03-20 16:30:09.727000+00:00,1124.0,0.0
2023-03-20 16:30:14.727000+00:00,1125.0,9.0
2023-03-20 16:30:19.727000+00:00,1126.0,9.0
2023-03-20 16:30:24.727000+00:00,1128.0,21.0
2023-03-20 16:30:29.727000+00:00,1129.0,8.0
2023-03-20 16:30:34.727000+00:00,1130.0,9.0
2023-03-20 16:30:39.727000+00:00,1131.0,11.0
2023-03-20 16:30:44.727000+00:00,1133.0,17.0
2023-03-20 16:30:49.727000+00:00,1134.0,8.0
2023-03-20 16:30:54.727000+00:00,1135.0,8.0
2023-03-20 16:30:59.727000+00:00,1136.0,9.0
2023-03-20 16:31:04.727000+00:00,1137.0,8.0
2023-03-20 16:31:14.729000+00:00,1142.0,41.0
2023-03-20 16:31:19.727000+00:00,1143.0,10.0
2023-03-20 16:31:24.727000+00:00,1145.0,18.0
2023-03-20 16:31:29.727000+00:00,1146.0,9.0
2023-03-20 16:31:34.727000+00:00,1148.0,17.0
2023-03-20 16:31:39.727000+00:00,1149.0,9.0
2023-03-20 16:31:44.727000+00:00,1149.0,0.0
2023-03-20 16:31:49.727000+00:00,1151.0,21.0
2023-03-20 16:32:04.730000+00:00,1157.0,51.0
2023-03-20 16:32:09.727000+00:00,1157.0,0.0
2023-03-20 16:32:14.727000+00:00,1158.0,8.0
2023-03-20 16:32:19.727000+00:00,1159.0,8.0
2023-03-20 16:32:24.727000+00:00,1161.0,16.0
2023-03-20 16:32:29.727000+00:00,1162.0,8.0
2023-03-20 16:32:34.727000+00:00,1162.0,0.0
2023-03-20 16:32:39.727000+00:00,1162.0,0.0
2023-03-20 16:32:44.727000+00:00,1163.0,8.0
2023-03-20 16:32:49.727000+00:00,1163.0,0.0
2023-03-20 16:32:54.727000+00:00,1164.0,10.0
2023-03-20 16:32:59.727000+00:00,1166.0,16.0
2023-03-20 16:33:04.727000+00:00,1166.0,0.0
2023-03-20 16:33:09.727000+00:00,1166.0,0.0
2023-03-20 16:33:14.727000+00:00,1166.0,0.0
2023-03-20 16:33:19.727000+00:00,1169.0,25.0
2023-03-20 16:33:24.727000+00:00,1169.0,0.0
2023-03-20 16:33:29.727000+00:00,1172.0,31.0
2023-03-20 16:33:49.731000+00:00,1183.0,104.0
2023-03-20 16:33:54.727000+00:00,1183.0,0.0
2023-03-20 16:33:59.727000+00:00,1183.0,0.0
2023-03-20 16:34:19.731000+00:00,1190.0,58.0
2023-03-20 16:34:24.727000+00:00,1191.0,10.0
2023-03-20 16:34:29.727000+00:00,1191.0,0.0
2023-03-20 16:34:34.727000+00:00,1191.0,0.0
2023-03-20 16:34:39.727000+00:00,1192.0,9.0
2023-03-20 16:34:54.730000+00:00,1197.0,46.0
2023-03-20 16:34:59.727000+00:00,1198.0,10.0
2023-03-20 16:35:04.727000+00:00,1198.0,0.0
2023-03-20 16:35:09.727000+00:00,1200.0,18.0
2023-03-20 16:35:14.727000+00:00,1202.0,17.0
2023-03-20 16:35:19.727000+00:00,1205.0,26.0
2023-03-20 16:35:24.727000+00:00,1206.0,8.0
2023-03-20 16:35:39.731000+00:00,1214.0,63.0
2023-03-20 16:35:49.730000+00:00,1217.0,25.0
2023-03-20 16:35:54.727000+00:00,1219.0,16.0
2023-03-20 16:35:59.727000+00:00,1221.0,16.0
2023-03-20 16:36:04.727000+00:00,1221.0,0.0
2023-03-20 16:36:09.727000+00:00,1222.0,9.0
2023-03-20 16:36:14.727000+00:00,1223.0,8.0
2023-03-20 16:36:19.727000+00:00,1223.0,0.0
2023-03-20 16:36:24.727000+00:00,1225.0,30.0
2023-03-20 16:36:29.727000+00:00,1226.0,7.0
2023-03-20 16:36:34.727000+00:00,1227.0,11.0
2023-03-20 16:36:39.727000+00:00,1230.0,22.0
2023-03-20 16:36:44.727000+00:00,1231.0,9.0
2023-03-20 16:36:49.727000+00:00,1231.0,0.0
2023-03-20 16:36:54.727000+00:00,1233.0,16.0
2023-03-20 16:36:59.727000+00:00,1233.0,0.0
2023-03-20 16:37:04.727000+00:00,1235.0,17.0
2023-03-20 16:37:09.727000+00:00,1235.0,0.0
2023-03-20 16:37:14.727000+00:00,1237.0,18.0
2023-03-20 16:37:19.727000+00:00,1237.0,0.0
2023-03-20 16:37:39.732000+00:00,1244.0,61.0
2023-03-20 16:37:44.727000+00:00,1247.0,24.0
2023-03-20 16:37:49.727000+00:00,1247.0,0.0
2023-03-20 16:37:54.727000+00:00,1248.0,9.0
2023-03-20 16:37:59.727000+00:00,1249.0,7.0
2023-03-20 16:38:04.727000+00:00,1252.0,25.0
2023-03-20 16:38:09.727000+00:00,1254.0,17.0
2023-03-20 16:38:14.727000+00:00,1254.0,0.0
2023-03-20 16:38:19.727000+00:00,1257.0,24.0
2023-03-20 16:38:29.727000+00:00,1260.0,25.0
2023-03-20 16:38:34.727000+00:00,1261.0,7.0
2023-03-20 16:38:39.727000+00:00,1262.0,8.0
2023-03-20 16:38:44.727000+00:00,1265.0,23.0
2023-03-20 16:38:49.727000+00:00,1266.0,12.0
2023-03-20 16:38:54.727000+00:00,1266.0,0.0
2023-03-20 16:38:59.727000+00:00,1266.0,0.0
2023-03-20 16:39:04.727000+00:00,1267.0,10.0
2023-03-20 16:39:09.727000+00:00,1268.0,8.0
2023-03-20 16:39:14.727000+00:00,1268.0,0.0
2023-03-20 16:39:19.727000+00:00,1271.0,25.0
2023-03-20 16:39:24.727000+00:00,1271.0,0.0
2023-03-20 16:39:29.727000+00:00,1273.0,18.0
2023-03-20 16:39:34.727000+00:00,1274.0,17.0
2023-03-20 16:39:39.727000+00:00,1275.0,9.0
2023-03-20 16:40:29.918000+00:00,1294.0,173.0
2023-03-20 16:40:34.727000+00:00,1294.0,0.0
2023-03-20 16:41:04.732000+00:00,1303.0,102.0
2023-03-20 16:41:09.727000+00:00,1304.0,10.0
2023-03-20 16:41:14.727000+00:00,1305.0,9.0
2023-03-20 16:41:19.727000+00:00,1306.0,10.0
2023-03-20 16:41:29.730000+00:00,1310.0,41.0
2023-03-20 16:41:34.727000+00:00,1311.0,10.0
2023-03-20 16:41:39.727000+00:00,1312.0,10.0
2023-03-20 16:41:44.727000+00:00,1313.0,10.0
2023-03-20 16:41:49.727000+00:00,1315.0,20.0
2023-03-20 16:41:54.727000+00:00,1315.0,0.0
2023-03-20 16:41:59.727000+00:00,1316.0,11.0
2023-03-20 16:42:04.727000+00:00,1316.0,0.0
2023-03-20 16:42:09.727000+00:00,1319.0,27.0
2023-03-20 16:42:14.727000+00:00,1320.0,9.0
2023-03-20 16:42:19.727000+00:00,1320.0,0.0
2023-03-20 16:42:24.727000+00:00,1323.0,30.0
2023-03-20 16:42:34.727000+00:00,1327.0,41.0
2023-03-20 16:43:09.735000+00:00,1341.0,134.0
2023-03-20 16:43:14.727000+00:00,1343.0,19.0
2023-03-20 16:43:19.727000+00:00,1344.0,9.0
2023-03-20 16:43:24.727000+00:00,1346.0,19.0
2023-03-20 16:43:29.727000+00:00,1348.0,20.0
2023-03-20 16:43:34.727000+00:00,1350.0,19.0
2023-03-20 16:43:39.727000+00:00,1351.0,8.0
2023-03-20 16:43:44.727000+00:00,1353.0,21.0
2023-03-20 16:43:49.727000+00:00,1355.0,19.0
2023-03-20 16:43:54.727000+00:00,1356.0,10.0
2023-03-20 16:43:59.727000+00:00,1357.0,11.0
2023-03-20 16:44:04.727000+00:00,1357.0,0.0
2023-03-20 16:44:09.727000+00:00,1357.0,0.0
2023-03-20 16:44:14.727000+00:00,1357.0,0.0
2023-03-20 16:44:19.727000+00:00,1357.0,0.0
2023-03-20 16:44:44.732000+00:00,1366.0,90.0
2023-03-20 16:44:49.727000+00:00,1367.0,9.0
2023-03-20 16:44:54.727000+00:00,1368.0,8.0
2023-03-20 16:44:59.727000+00:00,1369.0,8.0
2023-03-20 16:45:04.727000+00:00,1371.0,16.0
2023-03-20 16:45:09.727000+00:00,1372.0,8.0
2023-03-20 16:45:29.732000+00:00,1379.0,65.0
2023-03-20 16:45:34.727000+00:00,1380.0,10.0
2023-03-20 16:45:39.727000+00:00,1380.0,0.0
2023-03-20 16:45:44.727000+00:00,1380.0,0.0
2023-03-20 16:45:49.727000+00:00,1382.0,18.0
2023-03-20 16:45:54.727000+00:00,1382.0,0.0
2023-03-20 16:45:59.727000+00:00,1382.0,0.0
2023-03-20 16:46:04.727000+00:00,1384.0,20.0
2023-03-20 16:46:09.727000+00:00,1384.0,0.0
2023-03-20 16:46:14.727000+00:00,1385.0,9.0
2023-03-20 16:46:19.727000+00:00,1386.0,9.0
2023-03-20 16:46:24.727000+00:00,1386.0,0.0
2023-03-20 16:46:29.727000+00:00,1387.0,9.0
2023-03-20 16:46:34.727000+00:00,1388.0,8.0
2023-03-20 16:46:39.727000+00:00,1391.0,26.0
2023-03-20 16:46:44.727000+00:00,1395.0,39.0
2023-03-20 16:46:49.727000+00:00,1396.0,9.0
2023-03-20 16:46:54.727000+00:00,1399.0,28.0
2023-03-20 16:46:59.727000+00:00,1399.0,0.0
2023-03-20 16:47:04.727000+00:00,1400.0,9.0
2023-03-20 16:47:09.727000+00:00,1400.0,0.0
2023-03-20 16:47:14.727000+00:00,1401.0,9.0
2023-03-20 16:47:19.727000+00:00,1402.0,10.0
2023-03-20 16:47:24.727000+00:00,1403.0,9.0
2023-03-20 16:47:29.727000+00:00,1403.0,0.0
2023-03-20 16:47:34.727000+00:00,1404.0,10.0
2023-03-20 16:47:44.730000+00:00,1410.0,58.0
2023-03-20 16:47:49.727000+00:00,1411.0,10.0
2023-03-20 16:47:54.727000+00:00,1412.0,12.0
2023-03-20 16:47:59.727000+00:00,1413.0,9.0
2023-03-20 16:48:04.727000+00:00,1415.0,21.0
2023-03-20 16:48:09.727000+00:00,1416.0,10.0
2023-03-20 16:48:14.727000+00:00,1416.0,0.0
2023-03-20 16:48:19.727000+00:00,1418.0,24.0
2023-03-20 16:48:24.727000+00:00,1418.0,0.0
2023-03-20 16:48:29.727000+00:00,1418.0,0.0
2023-03-20 16:48:34.727000+00:00,1420.0,20.0
2023-03-20 16:48:39.727000+00:00,1421.0,9.0
2023-03-20 16:48:44.727000+00:00,1421.0,0.0
2023-03-20 16:48:49.727000+00:00,1422.0,9.0
2023-03-20 16:48:54.727000+00:00,1424.0,20.0
2023-03-20 16:48:59.727000+00:00,1426.0,19.0
2023-03-20 16:49:04.727000+00:00,1426.0,0.0
2023-03-20 16:49:09.727000+00:00,1429.0,26.0
2023-03-20 16:49:14.727000+00:00,1429.0,0.0
2023-03-20 16:49:19.727000+00:00,1429.0,0.0
2023-03-20 16:49:34.730000+00:00,1436.0,70.0
2023-03-20 16:49:39.727000+00:00,1437.0,13.0
2023-03-20 16:49:44.727000+00:00,1437.0,0.0
2023-03-20 16:49:49.727000+00:00,1440.0,28.0
2023-03-20 16:49:54.727000+00:00,1441.0,10.0
2023-03-20 16:49:59.727000+00:00,1443.0,19.0
2023-03-20 16:50:04.727000+00:00,1443.0,0.0
2023-03-20 16:50:09.727000+00:00,1444.0,10.0
2023-03-20 16:50:14.727000+00:00,1445.0,10.0
2023-03-20 16:50:19.727000+00:00,1445.0,0.0
2023-03-20 16:50:24.727000+00:00,1447.0,17.0
2023-03-20 16:50:29.727000+00:00,1448.0,9.0
2023-03-20 16:50:34.727000+00:00,1448.0,0.0
2023-03-20 16:50:39.727000+00:00,1449.0,11.0
2023-03-20 16:50:44.727000+00:00,1449.0,0.0
2023-03-20 16:50:49.727000+00:00,1449.0,0.0
2023-03-20 16:50:54.727000+00:00,1449.0,0.0
2023-03-20 16:50:59.727000+00:00,1450.0,10.0
2023-03-20 16:51:04.727000+00:00,1453.0,25.0
2023-03-20 16:51:09.727000+00:00,1454.0,10.0
2023-03-20 16:51:14.727000+00:00,1457.0,28.0
2023-03-20 16:51:19.727000+00:00,1458.0,7.0
2023-03-20 16:51:24.727000+00:00,1458.0,0.0
2023-03-20 16:51:29.727000+00:00,1459.0,9.0
2023-03-20 16:51:34.727000+00:00,1462.0,29.0
2023-03-20 16:51:39.727000+00:00,1462.0,0.0
2023-03-20 16:51:44.727000+00:00,1462.0,0.0
2023-03-20 16:51:49.727000+00:00,1462.0,0.0
2023-03-20 16:51:54.727000+00:00,1462.0,0.0
2023-03-20 16:51:59.727000+00:00,1464.0,18.0
2023-03-20 16:52:04.727000+00:00,1464.0,0.0
2023-03-20 16:52:09.727000+00:00,1465.0,8.0
2023-03-20 16:52:14.727000+00:00,1465.0,0.0
2023-03-20 16:52:19.727000+00:00,1466.0,9.0
2023-03-20 16:52:24.727000+00:00,1468.0,19.0
2023-03-20 16:52:54.755000+00:00,1481.0,122.0
2023-03-20 16:52:59.727000+00:00,1482.0,13.0
2023-03-20 16:53:04.727000+00:00,1483.0,9.0
2023-03-20 16:53:09.727000+00:00,1484.0,10.0
2023-03-20 16:53:14.727000+00:00,1485.0,9.0
2023-03-20 16:53:19.727000+00:00,1486.0,10.0
2023-03-20 16:53:24.727000+00:00,1487.0,10.0
2023-03-20 16:53:29.727000+00:00,1488.0,10.0
2023-03-20 16:53:34.727000+00:00,1489.0,9.0
2023-03-20 16:53:39.727000+00:00,1489.0,0.0
2023-03-20 16:53:44.727000+00:00,1490.0,11.0
2023-03-20 16:54:19.734000+00:00,1498.0,71.0
2023-03-20 16:54:24.727000+00:00,1500.0,16.0
2023-03-20 16:55:24.736000+00:00,1524.0,225.0
2023-03-20 16:55:29.727000+00:00,1525.0,9.0
2023-03-20 16:55:34.727000+00:00,1527.0,19.0
2023-03-20 16:55:39.727000+00:00,1528.0,10.0
2023-03-20 16:55:44.727000+00:00,1529.0,10.0
2023-03-20 16:55:49.727000+00:00,1529.0,0.0
2023-03-20 16:55:54.727000+00:00,1530.0,9.0
2023-03-20 16:55:59.727000+00:00,1530.0,0.0
2023-03-20 16:56:04.727000+00:00,1531.0,8.0
2023-03-20 16:56:09.727000+00:00,1532.0,12.0
2023-03-20 16:56:14.727000+00:00,1533.0,11.0
2023-03-20 16:56:19.727000+00:00,1534.0,10.0
2023-03-20 16:56:24.727000+00:00,1536.0,19.0
2023-03-20 16:56:29.727000+00:00,1538.0,17.0
2023-03-20 16:56:34.727000+00:00,1538.0,0.0
2023-03-20 16:56:39.727000+00:00,1539.0,9.0
2023-03-20 16:56:44.727000+00:00,1540.0,9.0
2023-03-20 16:56:49.727000+00:00,1541.0,10.0
2023-03-20 16:56:54.727000+00:00,1543.0,18.0
2023-03-20 16:57:09.730000+00:00,1550.0,63.0
2023-03-20 16:57:14.727000+00:00,1551.0,9.0
2023-03-20 16:57:19.727000+00:00,1552.0,9.0
2023-03-20 16:57:24.727000+00:00,1553.0,9.0
2023-03-20 16:57:29.727000+00:00,1553.0,0.0
2023-03-20 16:57:34.727000+00:00,1556.0,31.0
2023-03-20 16:57:39.727000+00:00,1557.0,9.0
2023-03-20 16:57:49.727000+00:00,1560.0,27.0
2023-03-20 16:57:54.727000+00:00,1561.0,8.0
2023-03-20 16:57:59.727000+00:00,1562.0,10.0
2023-03-20 16:58:04.727000+00:00,1562.0,0.0
2023-03-20 16:58:09.727000+00:00,1563.0,9.0
2023-03-20 16:58:14.727000+00:00,1565.0,17.0
2023-03-20 16:58:19.727000+00:00,1565.0,0.0
2023-03-20 16:58:29.730000+00:00,1567.0,17.0
2023-03-20 16:58:34.727000+00:00,1568.0,11.0
2023-03-20 16:58:44.730000+00:00,1572.0,38.0
2023-03-20 16:58:49.727000+00:00,1573.0,8.0
2023-03-20 16:58:54.727000+00:00,1575.0,18.0
2023-03-20 16:58:59.727000+00:00,1576.0,8.0
2023-03-20 16:59:14.731000+00:00,1583.0,64.0
2023-03-20 16:59:19.727000+00:00,1586.0,24.0
2023-03-20 16:59:24.727000+00:00,1587.0,9.0
2023-03-20 16:59:34.727000+00:00,1591.0,38.0
2023-03-20 16:59:39.727000+00:00,1593.0,17.0
2023-03-20 16:59:44.727000+00:00,1596.0,27.0
2023-03-20 16:59:49.727000+00:00,1597.0,10.0
2023-03-20 16:59:54.727000+00:00,1599.0,18.0
2023-03-20 16:59:59.727000+00:00,1600.0,9.0
2023-03-20 17:00:04.727000+00:00,1601.0,11.0
2023-03-20 17:00:09.727000+00:00,1603.0,16.0
2023-03-20 17:00:14.727000+00:00,1604.0,8.0
2023-03-20 17:00:19.727000+00:00,1604.0,0.0
2023-03-20 17:00:24.727000+00:00,1605.0,9.0
2023-03-20 17:00:29.727000+00:00,1608.0,28.0
2023-03-20 17:00:34.727000+00:00,1608.0,0.0
2023-03-20 17:00:39.727000+00:00,1610.0,19.0
2023-03-20 17:00:44.727000+00:00,1610.0,0.0
2023-03-20 17:00:49.727000+00:00,1612.0,19.0
2023-03-20 17:00:54.727000+00:00,1612.0,0.0
2023-03-20 17:00:59.727000+00:00,1615.0,27.0
2023-03-20 17:01:04.727000+00:00,1615.0,0.0
2023-03-20 17:01:09.727000+00:00,1617.0,17.0
2023-03-20 17:01:14.727000+00:00,1618.0,9.0
2023-03-20 17:01:19.727000+00:00,1622.0,34.0
2023-03-20 17:01:24.727000+00:00,1623.0,10.0
2023-03-20 17:01:29.727000+00:00,1625.0,19.0
2023-03-20 17:01:34.727000+00:00,1627.0,17.0
2023-03-20 17:01:39.727000+00:00,1631.0,40.0
2023-03-20 17:01:44.727000+00:00,1632.0,12.0
2023-03-20 17:01:49.727000+00:00,1633.0,9.0
2023-03-20 17:01:54.727000+00:00,1633.0,0.0
2023-03-20 17:01:59.727000+00:00,1634.0,9.0
2023-03-20 17:02:04.727000+00:00,1635.0,10.0
2023-03-20 17:02:09.727000+00:00,1636.0,10.0
2023-03-20 17:02:14.727000+00:00,1636.0,0.0
2023-03-20 17:02:19.727000+00:00,1637.0,9.0
2023-03-20 17:02:24.727000+00:00,1638.0,9.0
2023-03-20 17:02:29.727000+00:00,1639.0,9.0
2023-03-20 17:02:34.727000+00:00,1639.0,0.0
2023-03-20 17:02:39.727000+00:00,1642.0,26.0
2023-03-20 17:02:44.727000+00:00,1644.0,15.0
2023-03-20 17:02:49.727000+00:00,1645.0,9.0
2023-03-20 17:02:54.727000+00:00,1647.0,18.0
2023-03-20 17:02:59.727000+00:00,1647.0,0.0
2023-03-20 17:03:04.727000+00:00,1647.0,0.0
2023-03-20 17:03:09.727000+00:00,1649.0,18.0
2023-03-20 17:03:14.727000+00:00,1650.0,9.0
2023-03-20 17:03:19.727000+00:00,1650.0,0.0
2023-03-20 17:03:24.727000+00:00,1653.0,28.0
2023-03-20 17:03:29.727000+00:00,1655.0,18.0
2023-03-20 17:03:34.727000+00:00,1657.0,19.0
2023-03-20 17:03:39.727000+00:00,1657.0,0.0
2023-03-20 17:03:44.727000+00:00,1660.0,26.0
2023-03-20 17:03:49.727000+00:00,1660.0,0.0
2023-03-20 17:03:54.727000+00:00,1660.0,0.0
2023-03-20 17:03:59.727000+00:00,1661.0,8.0
2023-03-20 17:04:04.727000+00:00,1663.0,18.0
2023-03-20 17:04:14.727000+00:00,1667.0,40.0
2023-03-20 17:04:19.727000+00:00,1669.0,20.0
2023-03-20 17:04:24.727000+00:00,1669.0,0.0
2023-03-20 17:04:29.727000+00:00,1672.0,30.0
2023-03-20 17:04:34.727000+00:00,1674.0,17.0
2023-03-20 17:04:39.727000+00:00,1674.0,0.0
2023-03-20 17:04:44.727000+00:00,1675.0,8.0
2023-03-20 17:04:49.727000+00:00,1676.0,13.0
2023-03-20 17:04:54.727000+00:00,1678.0,19.0
2023-03-20 17:04:59.727000+00:00,1679.0,9.0
2023-03-20 17:05:04.727000+00:00,1680.0,9.0
2023-03-20 17:05:09.727000+00:00,1681.0,9.0
2023-03-20 17:05:14.727000+00:00,1682.0,9.0
2023-03-20 17:05:19.727000+00:00,1683.0,9.0
2023-03-20 17:05:24.727000+00:00,1684.0,10.0
2023-03-20 17:05:29.727000+00:00,1685.0,9.0
2023-03-20 17:05:34.727000+00:00,1686.0,10.0
2023-03-20 17:05:39.727000+00:00,1687.0,8.0
2023-03-20 17:05:44.727000+00:00,1690.0,26.0
2023-03-20 17:05:49.727000+00:00,1694.0,37.0
2023-03-20 17:05:54.727000+00:00,1696.0,18.0
2023-03-20 17:05:59.727000+00:00,1697.0,9.0
2023-03-20 17:06:04.727000+00:00,1698.0,9.0
2023-03-20 17:06:09.727000+00:00,1698.0,0.0
2023-03-20 17:06:14.727000+00:00,1698.0,0.0
2023-03-20 17:06:19.727000+00:00,1699.0,9.0
2023-03-20 17:06:24.727000+00:00,1699.0,0.0
2023-03-20 17:06:29.727000+00:00,1700.0,10.0
