timestamp,rt_ratings_put_PDO_count,rt_ratings_put_PDO_sum
2023-03-20 15:21:30.514000+00:00,19.0,
2023-03-20 15:21:35.514000+00:00,20.0,0.03824300000000003
2023-03-20 15:21:40.514000+00:00,20.0,0.0
2023-03-20 15:21:45.514000+00:00,20.0,0.0
2023-03-20 15:21:50.514000+00:00,21.0,0.054450999999999805
2023-03-20 15:21:55.514000+00:00,22.0,0.08834300000000006
2023-03-20 15:22:00.514000+00:00,23.0,0.07605199999999979
2023-03-20 15:22:05.514000+00:00,26.0,0.44188199999999966
2023-03-20 15:22:10.514000+00:00,29.0,0.0
2023-03-20 15:22:15.514000+00:00,29.0,0.0
2023-03-20 15:22:20.514000+00:00,29.0,0.0
2023-03-20 15:22:25.514000+00:00,29.0,0.0
2023-03-20 15:22:30.514000+00:00,30.0,0.08010200000000012
2023-03-20 15:22:35.514000+00:00,30.0,0.0
2023-03-20 15:22:40.514000+00:00,32.0,0.14292400000000027
2023-03-20 15:22:45.514000+00:00,34.0,0.13960700000000026
2023-03-20 15:22:50.514000+00:00,35.0,0.05205200000000021
2023-03-20 15:22:55.514000+00:00,35.0,0.0
2023-03-20 15:23:00.514000+00:00,35.0,0.0
2023-03-20 15:23:05.514000+00:00,39.0,0.5935109999999999
2023-03-20 15:23:10.514000+00:00,39.0,0.0
2023-03-20 15:23:15.514000+00:00,40.0,0.05864400000000014
2023-03-20 15:23:20.514000+00:00,41.0,0.05041200000000012
2023-03-20 15:23:25.514000+00:00,42.0,0.164736
2023-03-20 15:23:30.514000+00:00,43.0,0.0693950000000001
2023-03-20 15:23:35.514000+00:00,45.0,0.15602499999999964
2023-03-20 15:23:40.514000+00:00,45.0,0.0
2023-03-20 15:23:45.514000+00:00,46.0,0.0
2023-03-20 15:23:50.514000+00:00,46.0,0.0
2023-03-20 15:23:55.514000+00:00,47.0,0.07007399999999997
2023-03-20 15:24:00.514000+00:00,49.0,0.12489600000000012
2023-03-20 15:24:05.514000+00:00,49.0,0.0
2023-03-20 15:24:10.514000+00:00,52.0,0.0
2023-03-20 15:24:15.514000+00:00,53.0,0.05846900000000055
2023-03-20 15:24:20.514000+00:00,53.0,0.0
2023-03-20 15:24:25.514000+00:00,53.0,0.0
2023-03-20 15:24:30.514000+00:00,55.0,0.0
2023-03-20 15:24:35.514000+00:00,57.0,0.10610099999999978
2023-03-20 15:24:40.514000+00:00,57.0,0.0
2023-03-20 15:24:45.514000+00:00,57.0,0.0
2023-03-20 15:24:50.514000+00:00,58.0,0.06724399999999964
2023-03-20 15:24:55.514000+00:00,61.0,0.0
2023-03-20 15:25:00.514000+00:00,62.0,0.46563
2023-03-20 15:25:05.514000+00:00,63.0,0.05076199999999975
2023-03-20 15:25:10.514000+00:00,63.0,0.0
2023-03-20 15:25:15.514000+00:00,64.0,0.08482199999999995
2023-03-20 15:25:20.514000+00:00,65.0,0.06020299999999956
2023-03-20 15:25:25.514000+00:00,65.0,0.0
2023-03-20 15:25:30.514000+00:00,67.0,0.16467800000000032
2023-03-20 15:25:35.514000+00:00,67.0,0.0
2023-03-20 15:25:40.514000+00:00,67.0,0.0
2023-03-20 15:25:45.514000+00:00,67.0,0.0
2023-03-20 15:25:50.514000+00:00,68.0,0.05814599999999981
2023-03-20 15:25:55.514000+00:00,70.0,0.09265699999999999
2023-03-20 15:26:00.514000+00:00,70.0,0.0
2023-03-20 15:26:05.514000+00:00,70.0,0.0
2023-03-20 15:26:10.514000+00:00,72.0,0.10283100000000012
2023-03-20 15:26:15.514000+00:00,74.0,0.11837699999999973
2023-03-20 15:26:20.514000+00:00,76.0,0.16482000000000063
2023-03-20 15:26:25.514000+00:00,78.0,0.10737499999999933
2023-03-20 15:26:30.514000+00:00,82.0,0.2619819999999997
2023-03-20 15:26:35.514000+00:00,83.0,0.05704900000000013
2023-03-20 15:26:40.514000+00:00,85.0,0.12323300000000037
2023-03-20 15:26:45.514000+00:00,85.0,0.0
2023-03-20 15:26:50.514000+00:00,86.0,0.05543399999999998
2023-03-20 15:26:55.514000+00:00,87.0,0.0
2023-03-20 15:27:00.514000+00:00,87.0,0.0
2023-03-20 15:27:05.514000+00:00,88.0,0.056294999999999984
2023-03-20 15:27:10.514000+00:00,90.0,0.10377800000000015
2023-03-20 15:27:15.514000+00:00,90.0,0.0
2023-03-20 15:27:20.514000+00:00,90.0,0.0
2023-03-20 15:27:25.514000+00:00,91.0,0.07701400000000014
2023-03-20 15:27:30.514000+00:00,93.0,0.14704799999999985
2023-03-20 15:27:35.514000+00:00,93.0,0.0
2023-03-20 15:27:40.514000+00:00,96.0,0.19073800000000007
2023-03-20 15:27:45.514000+00:00,96.0,0.0
2023-03-20 15:27:50.514000+00:00,99.0,0.17140699999999987
2023-03-20 15:27:55.514000+00:00,100.0,0.09955299999999978
2023-03-20 15:28:00.514000+00:00,100.0,0.0
2023-03-20 15:28:05.514000+00:00,102.0,0.0
2023-03-20 15:28:10.514000+00:00,103.0,0.3029469999999992
2023-03-20 15:28:15.514000+00:00,103.0,0.0
2023-03-20 15:28:20.514000+00:00,106.0,0.25119400000000036
2023-03-20 15:28:25.514000+00:00,108.0,0.153632
2023-03-20 15:28:30.514000+00:00,112.0,0.2961520000000002
2023-03-20 15:28:35.514000+00:00,113.0,0.27695500000000006
2023-03-20 15:28:40.514000+00:00,114.0,0.07159300000000002
2023-03-20 15:28:45.514000+00:00,115.0,0.07521500000000003
2023-03-20 15:28:50.514000+00:00,115.0,0.0
2023-03-20 15:28:55.514000+00:00,115.0,0.0
2023-03-20 15:29:00.514000+00:00,116.0,0.03719500000000053
2023-03-20 15:29:05.514000+00:00,116.0,0.0
2023-03-20 15:29:10.514000+00:00,116.0,0.0
2023-03-20 15:29:15.514000+00:00,116.0,0.0
2023-03-20 15:29:20.514000+00:00,116.0,0.0
2023-03-20 15:29:25.514000+00:00,118.0,0.13535799999999965
2023-03-20 15:29:30.514000+00:00,119.0,0.07222600000000012
2023-03-20 15:29:35.514000+00:00,119.0,0.0
2023-03-20 15:29:40.514000+00:00,121.0,0.1290370000000005
2023-03-20 15:29:45.514000+00:00,121.0,0.0
2023-03-20 15:29:50.514000+00:00,121.0,0.0
2023-03-20 15:29:55.514000+00:00,123.0,0.09775299999999998
2023-03-20 15:30:00.514000+00:00,123.0,0.0
2023-03-20 15:30:05.514000+00:00,124.0,0.07392099999999968
2023-03-20 15:30:10.514000+00:00,124.0,0.0
2023-03-20 15:30:15.514000+00:00,127.0,0.0
2023-03-20 15:30:20.514000+00:00,128.0,0.06462600000000052
2023-03-20 15:30:25.514000+00:00,131.0,0.0
2023-03-20 15:30:30.514000+00:00,132.0,0.09640399999999971
2023-03-20 15:30:35.514000+00:00,133.0,0.04946000000000028
2023-03-20 15:30:40.514000+00:00,133.0,0.0
2023-03-20 15:30:45.514000+00:00,134.0,0.04952699999999943
2023-03-20 15:30:50.514000+00:00,134.0,0.0
2023-03-20 15:30:55.514000+00:00,134.0,0.0
2023-03-20 15:31:00.514000+00:00,134.0,0.0
2023-03-20 15:31:05.514000+00:00,134.0,0.0
2023-03-20 15:31:10.514000+00:00,135.0,0.08137799999999995
2023-03-20 15:31:15.514000+00:00,136.0,0.051275000000000404
2023-03-20 15:31:20.514000+00:00,136.0,0.0
2023-03-20 15:31:25.514000+00:00,137.0,0.078036
2023-03-20 15:31:30.514000+00:00,137.0,0.0
2023-03-20 15:31:35.514000+00:00,137.0,0.0
2023-03-20 15:31:40.514000+00:00,138.0,0.06528599999999996
2023-03-20 15:31:45.514000+00:00,140.0,0.0
2023-03-20 15:31:50.514000+00:00,140.0,0.0
2023-03-20 15:31:55.514000+00:00,142.0,0.09768899999999991
2023-03-20 15:32:00.514000+00:00,144.0,0.08109200000000039
2023-03-20 15:32:05.514000+00:00,145.0,0.0497339999999995
2023-03-20 15:32:10.514000+00:00,147.0,0.0
2023-03-20 15:32:15.514000+00:00,148.0,0.0
2023-03-20 15:32:20.514000+00:00,149.0,0.045060999999999574
2023-03-20 15:32:25.514000+00:00,151.0,0.11770700000000023
2023-03-20 15:32:30.514000+00:00,151.0,0.0
2023-03-20 15:32:35.514000+00:00,153.0,0.0
2023-03-20 15:32:40.514000+00:00,153.0,0.0
2023-03-20 15:32:45.514000+00:00,153.0,0.0
2023-03-20 15:32:50.514000+00:00,154.0,0.048963999999999785
2023-03-20 15:32:55.514000+00:00,154.0,0.0
2023-03-20 15:33:00.514000+00:00,155.0,0.0
2023-03-20 15:33:05.514000+00:00,155.0,0.0
2023-03-20 15:33:10.514000+00:00,156.0,0.04717600000000033
2023-03-20 15:33:15.514000+00:00,158.0,0.08874199999999988
2023-03-20 15:33:20.514000+00:00,160.0,0.08346199999999993
2023-03-20 15:33:25.514000+00:00,160.0,0.0
2023-03-20 15:33:30.514000+00:00,160.0,0.0
2023-03-20 15:33:35.514000+00:00,162.0,0.11140300000000014
2023-03-20 15:33:40.514000+00:00,162.0,0.0
2023-03-20 15:33:45.514000+00:00,163.0,0.05166700000000013
2023-03-20 15:33:50.514000+00:00,163.0,0.0
2023-03-20 15:33:55.514000+00:00,164.0,0.040299000000000085
2023-03-20 15:34:00.514000+00:00,165.0,0.06099500000000013
2023-03-20 15:34:05.514000+00:00,165.0,0.0
2023-03-20 15:34:10.514000+00:00,165.0,0.0
2023-03-20 15:34:15.514000+00:00,165.0,0.0
2023-03-20 15:34:20.514000+00:00,167.0,0.121842
2023-03-20 15:34:25.514000+00:00,168.0,0.04597400000000018
2023-03-20 15:34:30.514000+00:00,169.0,0.0746450000000003
2023-03-20 15:34:35.514000+00:00,171.0,0.10102899999999959
2023-03-20 15:34:40.514000+00:00,171.0,0.0
2023-03-20 15:34:45.514000+00:00,171.0,0.0
2023-03-20 15:34:50.514000+00:00,172.0,0.07657500000000006
2023-03-20 15:34:55.514000+00:00,174.0,0.1266259999999999
2023-03-20 15:35:00.514000+00:00,175.0,0.059949999999999726
2023-03-20 15:35:05.514000+00:00,175.0,0.0
2023-03-20 15:35:10.514000+00:00,175.0,0.0
2023-03-20 15:35:15.514000+00:00,176.0,0.09323899999999963
2023-03-20 15:35:20.514000+00:00,178.0,0.11617299999999986
2023-03-20 15:35:25.514000+00:00,178.0,0.0
2023-03-20 15:35:30.514000+00:00,178.0,0.0
2023-03-20 15:35:35.514000+00:00,179.0,0.06474199999999986
2023-03-20 15:35:40.514000+00:00,179.0,0.0
2023-03-20 15:35:45.514000+00:00,179.0,0.0
2023-03-20 15:35:50.514000+00:00,180.0,0.05062299999999986
2023-03-20 15:35:55.514000+00:00,180.0,0.0
2023-03-20 15:36:00.514000+00:00,180.0,0.0
2023-03-20 15:36:05.514000+00:00,182.0,0.10432000000000041
2023-03-20 15:36:10.514000+00:00,182.0,0.0
2023-03-20 15:36:15.514000+00:00,183.0,0.07918299999999956
2023-03-20 15:36:20.514000+00:00,184.0,0.04933199999999971
2023-03-20 15:36:25.514000+00:00,185.0,0.039674999999999905
2023-03-20 15:36:30.514000+00:00,188.0,0.22226000000000035
2023-03-20 15:36:35.514000+00:00,191.0,0.14565100000000086
2023-03-20 15:36:40.514000+00:00,191.0,0.0
2023-03-20 15:36:45.514000+00:00,192.0,0.06998900000000008
2023-03-20 15:36:50.514000+00:00,193.0,0.564430999999999
2023-03-20 15:36:55.514000+00:00,195.0,0.0
2023-03-20 15:37:00.514000+00:00,195.0,0.0
2023-03-20 15:37:05.514000+00:00,199.0,0.21430099999999985
2023-03-20 15:37:10.514000+00:00,199.0,0.0
2023-03-20 15:37:15.514000+00:00,199.0,0.0
2023-03-20 15:37:20.514000+00:00,199.0,0.0
2023-03-20 15:37:25.514000+00:00,201.0,0.10863500000000004
2023-03-20 15:37:30.514000+00:00,201.0,0.0
2023-03-20 15:37:35.514000+00:00,201.0,0.0
2023-03-20 15:37:40.514000+00:00,201.0,0.0
2023-03-20 15:37:45.514000+00:00,201.0,0.0
2023-03-20 15:37:50.514000+00:00,202.0,0.12748300000000024
2023-03-20 15:37:55.514000+00:00,202.0,0.0
2023-03-20 15:38:00.514000+00:00,202.0,0.0
2023-03-20 15:38:05.514000+00:00,203.0,0.051356999999999875
2023-03-20 15:38:10.514000+00:00,203.0,0.0
2023-03-20 15:38:15.514000+00:00,204.0,0.05395599999999989
2023-03-20 15:38:20.514000+00:00,207.0,0.9587020000000002
2023-03-20 15:38:25.514000+00:00,207.0,0.0
2023-03-20 15:38:30.514000+00:00,214.0,0.37632199999999916
2023-03-20 15:38:35.514000+00:00,215.0,0.04218199999999994
2023-03-20 15:38:40.514000+00:00,216.0,0.048561999999999994
2023-03-20 15:38:45.514000+00:00,217.0,0.045161999999999924
2023-03-20 15:38:50.514000+00:00,219.0,0.10510200000000003
2023-03-20 15:38:55.514000+00:00,221.0,0.19535100000000005
2023-03-20 15:39:00.514000+00:00,222.0,0.15785800000000005
2023-03-20 15:39:05.514000+00:00,223.0,0.055298999999999765
2023-03-20 15:39:10.514000+00:00,223.0,0.0
2023-03-20 15:39:15.514000+00:00,223.0,0.0
2023-03-20 15:39:20.514000+00:00,223.0,0.0
2023-03-20 15:39:25.514000+00:00,225.0,0.12191000000000018
2023-03-20 15:39:30.514000+00:00,225.0,0.0
2023-03-20 15:39:35.514000+00:00,225.0,0.0
2023-03-20 15:39:40.514000+00:00,227.0,0.0
2023-03-20 15:39:45.514000+00:00,227.0,0.0
2023-03-20 15:39:50.514000+00:00,228.0,0.08320900000000009
2023-03-20 15:39:55.514000+00:00,228.0,0.0
2023-03-20 15:40:00.514000+00:00,229.0,0.057684999999999764
2023-03-20 15:40:05.514000+00:00,229.0,0.0
2023-03-20 15:40:10.514000+00:00,229.0,0.0
2023-03-20 15:40:15.514000+00:00,230.0,0.05241000000000007
2023-03-20 15:40:20.514000+00:00,232.0,0.186593
2023-03-20 15:40:25.514000+00:00,232.0,0.0
2023-03-20 15:40:30.514000+00:00,232.0,0.0
2023-03-20 15:40:35.514000+00:00,232.0,0.0
2023-03-20 15:40:40.514000+00:00,233.0,0.08532099999999998
2023-03-20 15:40:45.514000+00:00,235.0,0.11503200000000047
2023-03-20 15:40:50.514000+00:00,238.0,0.0
2023-03-20 15:40:55.514000+00:00,240.0,0.11702799999999991
2023-03-20 15:41:00.514000+00:00,243.0,0.0
2023-03-20 15:41:05.514000+00:00,245.0,0.10566500000000012
2023-03-20 15:41:10.514000+00:00,245.0,0.0
2023-03-20 15:41:15.514000+00:00,246.0,0.10650400000000104
2023-03-20 15:41:20.514000+00:00,248.0,0.39988199999999985
2023-03-20 15:41:25.514000+00:00,248.0,0.0
2023-03-20 15:41:30.514000+00:00,248.0,0.0
2023-03-20 15:41:35.514000+00:00,248.0,0.0
2023-03-20 15:41:40.514000+00:00,248.0,0.0
2023-03-20 15:41:45.514000+00:00,250.0,0.172947999999999
2023-03-20 15:41:50.514000+00:00,250.0,0.0
2023-03-20 15:41:55.514000+00:00,250.0,0.0
2023-03-20 15:42:00.514000+00:00,250.0,0.0
2023-03-20 15:42:05.514000+00:00,251.0,0.0629400000000011
2023-03-20 15:42:10.514000+00:00,252.0,0.04195599999999988
2023-03-20 15:42:15.514000+00:00,253.0,0.049177999999999944
2023-03-20 15:42:20.514000+00:00,253.0,0.0
2023-03-20 15:42:25.514000+00:00,253.0,0.0
2023-03-20 15:42:30.514000+00:00,258.0,0.4429930000000004
2023-03-20 15:42:35.514000+00:00,258.0,0.0
2023-03-20 15:42:40.514000+00:00,260.0,0.11061500000000013
2023-03-20 15:42:45.514000+00:00,262.0,0.10187899999999983
2023-03-20 15:42:50.514000+00:00,264.0,0.099742
2023-03-20 15:42:55.514000+00:00,265.0,0.0964100000000001
2023-03-20 15:43:00.514000+00:00,268.0,0.0
2023-03-20 15:43:05.514000+00:00,269.0,0.05101699999999987
2023-03-20 15:43:10.514000+00:00,269.0,0.0
2023-03-20 15:43:15.514000+00:00,269.0,0.0
2023-03-20 15:43:20.514000+00:00,274.0,0.30391900000000005
2023-03-20 15:43:25.514000+00:00,274.0,0.0
2023-03-20 15:43:30.514000+00:00,274.0,0.0
2023-03-20 15:43:35.514000+00:00,274.0,0.0
2023-03-20 15:43:40.514000+00:00,274.0,0.0
2023-03-20 15:43:45.514000+00:00,276.0,0.1648320000000001
2023-03-20 15:43:50.514000+00:00,278.0,0.12120199999999981
2023-03-20 15:43:55.514000+00:00,278.0,0.0
2023-03-20 15:44:00.514000+00:00,278.0,0.0
2023-03-20 15:44:05.514000+00:00,278.0,0.0
2023-03-20 15:44:10.514000+00:00,279.0,0.05097700000000005
2023-03-20 15:44:15.514000+00:00,279.0,0.0
2023-03-20 15:44:20.514000+00:00,280.0,0.040610000000000035
2023-03-20 15:44:25.514000+00:00,281.0,0.06021999999999994
2023-03-20 15:44:30.514000+00:00,284.0,0.13465099999999985
2023-03-20 15:44:35.514000+00:00,285.0,0.08737299999999992
2023-03-20 15:44:40.514000+00:00,285.0,0.0
2023-03-20 15:44:45.514000+00:00,287.0,0.09886799999999996
2023-03-20 15:44:50.514000+00:00,288.0,0.06363399999999997
2023-03-20 15:44:55.514000+00:00,288.0,0.0
2023-03-20 15:45:00.514000+00:00,289.0,0.07843700000000009
2023-03-20 15:45:05.514000+00:00,289.0,0.0
2023-03-20 15:45:10.514000+00:00,294.0,0.28749500000000006
2023-03-20 15:45:15.514000+00:00,296.0,0.28757
2023-03-20 15:45:20.514000+00:00,296.0,0.0
2023-03-20 15:45:25.514000+00:00,296.0,0.0
2023-03-20 15:45:30.514000+00:00,299.0,0.2516800000000001
2023-03-20 15:45:35.514000+00:00,299.0,0.0
2023-03-20 15:45:40.514000+00:00,302.0,0.5009650000000001
2023-03-20 15:45:45.514000+00:00,305.0,0.0
2023-03-20 15:45:50.514000+00:00,305.0,0.0
2023-03-20 15:45:55.514000+00:00,307.0,0.092391
2023-03-20 15:46:00.514000+00:00,308.0,0.04225100000000004
2023-03-20 15:46:05.514000+00:00,311.0,0.44283200000000006
2023-03-20 15:46:10.514000+00:00,311.0,0.0
2023-03-20 15:46:15.514000+00:00,311.0,0.0
2023-03-20 15:46:20.514000+00:00,315.0,0.260685
2023-03-20 15:46:25.514000+00:00,318.0,0.1680429999999999
2023-03-20 15:46:30.514000+00:00,318.0,0.0
2023-03-20 15:46:35.514000+00:00,318.0,0.0
2023-03-20 15:46:40.514000+00:00,318.0,0.0
2023-03-20 15:46:45.514000+00:00,319.0,0.052509
2023-03-20 15:46:50.514000+00:00,319.0,0.0
2023-03-20 15:46:55.514000+00:00,319.0,0.0
2023-03-20 15:47:00.514000+00:00,319.0,0.0
2023-03-20 15:47:05.514000+00:00,320.0,0.06
2023-03-20 15:47:10.514000+00:00,321.0,0.09132299999999999
2023-03-20 15:47:15.514000+00:00,322.0,0.06079099999999993
2023-03-20 15:47:20.514000+00:00,322.0,0.0
2023-03-20 15:47:25.514000+00:00,322.0,0.0
2023-03-20 15:47:30.514000+00:00,323.0,0.059477
2023-03-20 15:47:35.514000+00:00,324.0,0.0561080000000001
2023-03-20 15:47:40.514000+00:00,325.0,0.057076000000000016
2023-03-20 15:47:45.514000+00:00,326.0,0.057850999999999986
2023-03-20 15:47:50.514000+00:00,326.0,0.0
2023-03-20 15:47:55.514000+00:00,327.0,0.07200099999999998
2023-03-20 15:48:00.514000+00:00,327.0,0.0
2023-03-20 15:48:05.514000+00:00,327.0,0.0
2023-03-20 15:48:10.514000+00:00,329.0,0.100997
2023-03-20 15:48:15.514000+00:00,330.0,0.06074599999999997
2023-03-20 15:48:20.514000+00:00,333.0,0.16134099999999985
2023-03-20 15:48:25.514000+00:00,334.0,0.06904300000000019
2023-03-20 15:48:30.514000+00:00,337.0,0.15956899999999985
2023-03-20 15:48:35.514000+00:00,337.0,0.0
2023-03-20 15:48:40.514000+00:00,337.0,0.0
2023-03-20 15:48:45.514000+00:00,341.0,0.0
2023-03-20 15:48:50.514000+00:00,341.0,0.0
2023-03-20 15:48:55.514000+00:00,342.0,0.06660500000000003
2023-03-20 15:49:00.514000+00:00,342.0,0.0
2023-03-20 15:49:05.514000+00:00,342.0,0.0
2023-03-20 15:49:10.514000+00:00,344.0,0.10025000000000006
2023-03-20 15:49:15.514000+00:00,345.0,0.2604869999999999
2023-03-20 15:49:20.514000+00:00,345.0,0.0
2023-03-20 15:49:25.514000+00:00,345.0,0.0
2023-03-20 15:49:30.514000+00:00,345.0,0.0
2023-03-20 15:49:35.514000+00:00,345.0,0.0
2023-03-20 15:49:40.514000+00:00,345.0,0.0
2023-03-20 15:49:45.514000+00:00,346.0,0.08447300000000002
2023-03-20 15:49:50.514000+00:00,347.0,0.07618799999999992
2023-03-20 15:49:55.514000+00:00,349.0,0.0
2023-03-20 15:50:00.514000+00:00,350.0,0.08993399999999996
2023-03-20 15:50:05.514000+00:00,351.0,0.05382500000000001
2023-03-20 15:50:10.514000+00:00,352.0,0.04791499999999993
2023-03-20 15:50:15.514000+00:00,354.0,0.4559900000000001
2023-03-20 15:50:20.514000+00:00,355.0,0.056060999999999916
2023-03-20 15:50:25.514000+00:00,355.0,0.0
2023-03-20 15:50:30.514000+00:00,356.0,0.04392799999999997
2023-03-20 15:50:35.514000+00:00,356.0,0.0
2023-03-20 15:50:40.514000+00:00,360.0,0.2640910000000001
2023-03-20 15:50:45.514000+00:00,360.0,0.0
2023-03-20 15:50:50.514000+00:00,362.0,0.10976899999999978
2023-03-20 15:50:55.514000+00:00,364.0,0.0
2023-03-20 15:51:00.514000+00:00,365.0,0.109294
2023-03-20 15:51:05.514000+00:00,367.0,0.11358399999999991
2023-03-20 15:51:10.514000+00:00,368.0,0.05994300000000008
2023-03-20 15:51:15.514000+00:00,369.0,0.073793
2023-03-20 15:51:20.514000+00:00,369.0,0.0
2023-03-20 15:51:25.514000+00:00,370.0,0.0602609999999999
2023-03-20 15:51:30.514000+00:00,370.0,0.0
2023-03-20 15:51:35.514000+00:00,370.0,0.0
2023-03-20 15:51:40.514000+00:00,371.0,0.0942639999999999
2023-03-20 15:51:45.514000+00:00,372.0,0.05214099999999999
2023-03-20 15:51:50.514000+00:00,372.0,0.0
2023-03-20 15:51:55.514000+00:00,373.0,0.03944900000000007
2023-03-20 15:52:00.514000+00:00,375.0,0.15957200000000005
2023-03-20 15:52:05.514000+00:00,377.0,0.38095900000000005
2023-03-20 15:52:10.514000+00:00,377.0,0.0
2023-03-20 15:52:15.514000+00:00,379.0,0.10170900000000005
2023-03-20 15:52:20.514000+00:00,380.0,0.051311000000000107
2023-03-20 15:52:25.514000+00:00,381.0,0.06124799999999997
2023-03-20 15:52:30.514000+00:00,382.0,0.09202599999999972
2023-03-20 15:52:35.514000+00:00,382.0,0.0
2023-03-20 15:52:40.514000+00:00,383.0,0.05227700000000057
2023-03-20 15:52:45.514000+00:00,384.0,0.053496999999999684
2023-03-20 15:52:50.514000+00:00,385.0,0.052229000000000525
2023-03-20 15:52:55.514000+00:00,388.0,0.0
2023-03-20 15:53:00.514000+00:00,388.0,0.0
2023-03-20 15:53:05.514000+00:00,389.0,0.05474399999999946
2023-03-20 15:53:10.514000+00:00,389.0,0.0
2023-03-20 15:53:15.514000+00:00,391.0,0.10718200000000033
2023-03-20 15:53:20.514000+00:00,392.0,0.06859599999999988
2023-03-20 15:53:25.514000+00:00,392.0,0.0
2023-03-20 15:53:30.514000+00:00,394.0,0.0
2023-03-20 15:53:35.514000+00:00,395.0,0.07102900000000001
2023-03-20 15:53:40.514000+00:00,395.0,0.0
2023-03-20 15:53:45.514000+00:00,396.0,0.055452999999999975
2023-03-20 15:53:50.514000+00:00,398.0,0.0
2023-03-20 15:53:55.514000+00:00,401.0,0.24639500000000014
2023-03-20 15:54:00.514000+00:00,401.0,0.0
2023-03-20 15:54:05.514000+00:00,401.0,0.0
2023-03-20 15:54:10.514000+00:00,401.0,0.0
2023-03-20 15:54:15.514000+00:00,402.0,0.040605
2023-03-20 15:54:20.514000+00:00,404.0,0.3703000000000001
2023-03-20 15:54:25.514000+00:00,405.0,0.047547999999999924
2023-03-20 15:54:30.514000+00:00,405.0,0.0
2023-03-20 15:54:35.514000+00:00,405.0,0.0
2023-03-20 15:54:40.514000+00:00,405.0,0.0
2023-03-20 15:54:45.514000+00:00,405.0,0.0
2023-03-20 15:54:50.514000+00:00,406.0,0.04374099999999981
2023-03-20 15:54:55.514000+00:00,407.0,0.0
2023-03-20 15:55:00.514000+00:00,407.0,0.0
2023-03-20 15:55:05.514000+00:00,407.0,0.0
2023-03-20 15:55:10.514000+00:00,410.0,0.0
2023-03-20 15:55:15.514000+00:00,410.0,0.0
2023-03-20 15:55:20.514000+00:00,412.0,0.327296
2023-03-20 15:55:25.514000+00:00,414.0,0.1490829999999999
2023-03-20 15:55:30.514000+00:00,416.0,0.0
2023-03-20 15:55:35.514000+00:00,423.0,0.430428
2023-03-20 15:55:40.514000+00:00,425.0,0.0
2023-03-20 15:55:45.514000+00:00,425.0,0.0
2023-03-20 15:55:50.514000+00:00,428.0,0.20739799999999997
2023-03-20 15:55:55.514000+00:00,432.0,0.710969
2023-03-20 15:56:00.514000+00:00,432.0,0.0
2023-03-20 15:56:05.514000+00:00,432.0,0.0
2023-03-20 15:56:10.514000+00:00,433.0,0.05714100000000001
2023-03-20 15:56:15.514000+00:00,435.0,0.108076
2023-03-20 15:56:20.514000+00:00,438.0,0.20082299999999997
2023-03-20 15:56:25.514000+00:00,438.0,0.0
2023-03-20 15:56:30.514000+00:00,438.0,0.0
2023-03-20 15:56:35.514000+00:00,439.0,0.050827999999999984
2023-03-20 15:56:40.514000+00:00,439.0,0.0
2023-03-20 15:56:45.514000+00:00,439.0,0.0
2023-03-20 15:56:50.514000+00:00,441.0,0.14099299999999992
2023-03-20 15:56:55.514000+00:00,441.0,0.0
2023-03-20 15:57:00.514000+00:00,443.0,0.09164799999999995
2023-03-20 15:57:05.514000+00:00,443.0,0.0
2023-03-20 15:57:10.514000+00:00,443.0,0.0
2023-03-20 15:57:15.514000+00:00,444.0,0.04949700000000001
2023-03-20 15:57:20.514000+00:00,446.0,0.1258959999999999
2023-03-20 15:57:25.514000+00:00,449.0,0.16626600000000002
2023-03-20 15:57:30.514000+00:00,450.0,0.04829900000000009
2023-03-20 15:57:35.514000+00:00,451.0,0.04041199999999989
2023-03-20 15:57:40.514000+00:00,453.0,0.0
2023-03-20 15:57:45.514000+00:00,454.0,0.053728
2023-03-20 15:57:50.514000+00:00,457.0,0.17465200000000003
2023-03-20 15:57:55.514000+00:00,458.0,0.17370200000000002
2023-03-20 15:58:00.514000+00:00,461.0,0.0
2023-03-20 15:58:05.514000+00:00,462.0,0.054372000000000004
2023-03-20 15:58:10.514000+00:00,463.0,0.08412300000000009
2023-03-20 15:58:15.514000+00:00,464.0,0.056344000000000005
2023-03-20 15:58:20.514000+00:00,466.0,0.09856800000000002
2023-03-20 15:58:25.514000+00:00,466.0,0.0
2023-03-20 15:58:30.514000+00:00,466.0,0.0
2023-03-20 15:58:35.514000+00:00,468.0,0.12726899999999997
2023-03-20 15:58:40.514000+00:00,468.0,0.0
2023-03-20 15:58:45.514000+00:00,469.0,0.07302000000000003
2023-03-20 15:58:50.514000+00:00,469.0,0.0
2023-03-20 15:58:55.514000+00:00,470.0,0.08193799999999996
2023-03-20 15:59:00.514000+00:00,470.0,0.0
2023-03-20 15:59:05.514000+00:00,471.0,0.041847999999999996
2023-03-20 15:59:10.514000+00:00,474.0,0.0
2023-03-20 15:59:15.514000+00:00,476.0,0.09300899999999998
2023-03-20 15:59:20.514000+00:00,477.0,0.043768
2023-03-20 15:59:25.514000+00:00,477.0,0.0
2023-03-20 15:59:30.514000+00:00,478.0,0.045947000000000016
2023-03-20 15:59:35.514000+00:00,480.0,0.231394
2023-03-20 15:59:40.514000+00:00,481.0,0.07849700000000004
2023-03-20 15:59:45.514000+00:00,481.0,0.0
2023-03-20 15:59:50.514000+00:00,483.0,0.0
2023-03-20 15:59:55.514000+00:00,483.0,0.0
2023-03-20 16:00:00.514000+00:00,486.0,0.158907
2023-03-20 16:00:05.514000+00:00,491.0,0.0
2023-03-20 16:00:10.514000+00:00,492.0,0.04193599999999997
2023-03-20 16:00:15.514000+00:00,493.0,0.067913
2023-03-20 16:00:20.514000+00:00,493.0,0.0
2023-03-20 16:00:25.514000+00:00,494.0,0.20823500000000006
2023-03-20 16:00:30.514000+00:00,494.0,0.0
2023-03-20 16:00:35.514000+00:00,496.0,0.11219299999999999
2023-03-20 16:00:40.514000+00:00,497.0,0.048775999999999986
2023-03-20 16:00:45.514000+00:00,499.0,0.0
2023-03-20 16:00:50.514000+00:00,499.0,0.0
2023-03-20 16:00:55.514000+00:00,501.0,0.142938
2023-03-20 16:01:00.514000+00:00,502.0,0.07007500000000011
2023-03-20 16:01:05.514000+00:00,502.0,0.0
2023-03-20 16:01:10.514000+00:00,502.0,0.0
2023-03-20 16:01:15.514000+00:00,504.0,0.0
2023-03-20 16:01:20.514000+00:00,504.0,0.0
2023-03-20 16:01:25.514000+00:00,507.0,0.1589290000000001
2023-03-20 16:01:30.514000+00:00,507.0,0.0
2023-03-20 16:01:35.514000+00:00,511.0,0.0
2023-03-20 16:01:40.514000+00:00,511.0,0.0
2023-03-20 16:01:45.514000+00:00,513.0,0.14489399999999986
2023-03-20 16:01:50.514000+00:00,514.0,0.060421999999999976
2023-03-20 16:01:55.514000+00:00,514.0,0.0
2023-03-20 16:02:00.514000+00:00,514.0,0.0
2023-03-20 16:02:05.514000+00:00,516.0,0.27862600000000004
2023-03-20 16:02:10.514000+00:00,519.0,0.22722299999999995
2023-03-20 16:02:15.514000+00:00,520.0,0.07299999999999995
2023-03-20 16:02:20.514000+00:00,521.0,0.059192000000000355
2023-03-20 16:02:25.514000+00:00,522.0,0.0435449999999995
2023-03-20 16:02:30.514000+00:00,524.0,0.0
2023-03-20 16:02:35.514000+00:00,527.0,0.22296999999999967
2023-03-20 16:02:40.514000+00:00,527.0,0.0
2023-03-20 16:02:45.514000+00:00,527.0,0.0
2023-03-20 16:02:50.514000+00:00,527.0,0.0
2023-03-20 16:02:55.514000+00:00,532.0,0.0
2023-03-20 16:03:00.514000+00:00,533.0,0.06878800000000096
2023-03-20 16:03:05.514000+00:00,533.0,0.0
2023-03-20 16:03:10.514000+00:00,533.0,0.0
2023-03-20 16:03:15.514000+00:00,534.0,0.43326600000000015
2023-03-20 16:03:20.514000+00:00,534.0,0.0
2023-03-20 16:03:25.514000+00:00,535.0,0.0
2023-03-20 16:03:30.514000+00:00,537.0,0.09961999999999982
2023-03-20 16:03:35.514000+00:00,541.0,0.2842319999999998
2023-03-20 16:03:40.514000+00:00,542.0,0.054679000000000144
2023-03-20 16:03:45.514000+00:00,543.0,0.05552899999999994
2023-03-20 16:03:50.514000+00:00,544.0,0.05324799999999996
2023-03-20 16:03:55.514000+00:00,544.0,0.0
2023-03-20 16:04:00.514000+00:00,546.0,0.11838300000000013
2023-03-20 16:04:05.514000+00:00,546.0,0.0
2023-03-20 16:04:10.514000+00:00,549.0,0.1869169999999989
2023-03-20 16:04:15.514000+00:00,550.0,0.04716300000000073
2023-03-20 16:04:20.514000+00:00,552.0,0.11645899999999942
2023-03-20 16:04:25.514000+00:00,553.0,0.05326800000000054
2023-03-20 16:04:30.514000+00:00,556.0,0.0
2023-03-20 16:04:35.514000+00:00,556.0,0.0
2023-03-20 16:04:40.514000+00:00,560.0,1.19577
2023-03-20 16:04:45.514000+00:00,563.0,0.1974910000000003
2023-03-20 16:04:50.514000+00:00,563.0,0.0
2023-03-20 16:04:55.514000+00:00,564.0,0.07115799999999961
2023-03-20 16:05:00.514000+00:00,564.0,0.0
2023-03-20 16:05:05.514000+00:00,564.0,0.0
2023-03-20 16:05:10.514000+00:00,564.0,0.0
2023-03-20 16:05:15.514000+00:00,567.0,0.551115
2023-03-20 16:05:20.514000+00:00,569.0,0.08578099999999966
2023-03-20 16:05:25.514000+00:00,572.0,0.0
2023-03-20 16:05:30.514000+00:00,572.0,0.0
2023-03-20 16:05:35.514000+00:00,572.0,0.0
2023-03-20 16:05:40.514000+00:00,572.0,0.0
2023-03-20 16:05:45.514000+00:00,573.0,0.08833100000000016
2023-03-20 16:05:50.514000+00:00,574.0,0.05511700000000008
2023-03-20 16:05:55.514000+00:00,574.0,0.0
2023-03-20 16:06:00.514000+00:00,575.0,0.08650899999999995
2023-03-20 16:06:05.514000+00:00,576.0,0.0537160000000001
2023-03-20 16:06:10.514000+00:00,576.0,0.0
2023-03-20 16:06:15.514000+00:00,576.0,0.0
2023-03-20 16:06:20.514000+00:00,576.0,0.0
2023-03-20 16:06:25.514000+00:00,577.0,0.06696299999999988
2023-03-20 16:06:30.514000+00:00,578.0,0.06751299999999993
2023-03-20 16:06:35.514000+00:00,579.0,0.08590900000000001
2023-03-20 16:06:40.514000+00:00,581.0,0.12204000000000015
2023-03-20 16:06:45.514000+00:00,581.0,0.0
2023-03-20 16:06:50.514000+00:00,582.0,0.05452099999999982
2023-03-20 16:06:55.514000+00:00,582.0,0.0
2023-03-20 16:07:00.514000+00:00,582.0,0.0
2023-03-20 16:07:05.514000+00:00,582.0,0.0
2023-03-20 16:07:10.514000+00:00,582.0,0.0
2023-03-20 16:07:15.514000+00:00,583.0,0.054006999999999916
2023-03-20 16:07:20.514000+00:00,584.0,0.21516599999999997
2023-03-20 16:07:25.514000+00:00,584.0,0.0
2023-03-20 16:07:30.514000+00:00,584.0,0.0
2023-03-20 16:07:35.514000+00:00,586.0,0.0
2023-03-20 16:07:40.514000+00:00,588.0,0.24098499999999978
2023-03-20 16:07:45.514000+00:00,590.0,0.12478200000000017
2023-03-20 16:07:50.514000+00:00,590.0,0.0
2023-03-20 16:07:55.514000+00:00,590.0,0.0
2023-03-20 16:08:00.514000+00:00,590.0,0.0
2023-03-20 16:08:05.514000+00:00,590.0,0.0
2023-03-20 16:08:10.514000+00:00,590.0,0.0
2023-03-20 16:08:15.514000+00:00,591.0,0.06561299999999992
2023-03-20 16:08:20.514000+00:00,592.0,0.132614
2023-03-20 16:08:25.514000+00:00,594.0,0.0
2023-03-20 16:08:30.514000+00:00,596.0,0.0
2023-03-20 16:08:35.514000+00:00,596.0,0.0
2023-03-20 16:08:40.514000+00:00,599.0,0.17199199999999992
2023-03-20 16:08:45.514000+00:00,599.0,0.0
2023-03-20 16:08:50.514000+00:00,600.0,0.04859100000000005
2023-03-20 16:08:55.514000+00:00,602.0,0.11922800000000011
2023-03-20 16:09:00.514000+00:00,603.0,0.07207600000000003
2023-03-20 16:09:05.514000+00:00,603.0,0.0
2023-03-20 16:09:10.514000+00:00,603.0,0.0
2023-03-20 16:09:15.514000+00:00,604.0,0.04020299999999999
2023-03-20 16:09:20.514000+00:00,605.0,0.038886999999999894
2023-03-20 16:09:25.514000+00:00,609.0,0.0
2023-03-20 16:09:30.514000+00:00,610.0,0.0
2023-03-20 16:09:35.514000+00:00,612.0,0.0
2023-03-20 16:09:40.514000+00:00,614.0,0.1327090000000002
2023-03-20 16:09:45.514000+00:00,616.0,0.1169279999999997
2023-03-20 16:09:50.514000+00:00,616.0,0.0
2023-03-20 16:09:55.514000+00:00,616.0,0.0
2023-03-20 16:10:00.514000+00:00,616.0,0.0
2023-03-20 16:10:05.514000+00:00,617.0,0.05293800000000015
2023-03-20 16:10:10.514000+00:00,617.0,0.0
2023-03-20 16:10:15.514000+00:00,618.0,0.04959899999999973
2023-03-20 16:10:20.514000+00:00,618.0,0.0
2023-03-20 16:10:25.514000+00:00,619.0,0.08786100000000019
2023-03-20 16:10:30.514000+00:00,621.0,0.11908199999999969
2023-03-20 16:10:35.514000+00:00,621.0,0.0
2023-03-20 16:10:40.514000+00:00,622.0,0.05073599999999967
2023-03-20 16:10:45.514000+00:00,622.0,0.0
2023-03-20 16:10:50.514000+00:00,623.0,0.056096000000000146
2023-03-20 16:10:55.514000+00:00,623.0,0.0
2023-03-20 16:11:00.514000+00:00,623.0,0.0
2023-03-20 16:11:05.514000+00:00,623.0,0.0
2023-03-20 16:11:10.514000+00:00,624.0,0.05322799999999983
2023-03-20 16:11:15.514000+00:00,624.0,0.0
2023-03-20 16:11:20.514000+00:00,625.0,0.07792599999999972
2023-03-20 16:11:25.514000+00:00,626.0,0.09666900000000034
2023-03-20 16:11:30.514000+00:00,630.0,0.3204730000000007
2023-03-20 16:11:35.514000+00:00,630.0,0.0
2023-03-20 16:11:40.514000+00:00,631.0,0.05482200000000015
2023-03-20 16:11:45.514000+00:00,631.0,0.0
2023-03-20 16:11:50.514000+00:00,633.0,0.14361599999999974
2023-03-20 16:11:55.514000+00:00,635.0,0.10763700000000043
2023-03-20 16:12:00.514000+00:00,635.0,0.0
2023-03-20 16:12:05.514000+00:00,636.0,0.057518999999999654
2023-03-20 16:12:10.514000+00:00,637.0,0.05759600000000065
2023-03-20 16:12:15.514000+00:00,638.0,0.034629999999999495
2023-03-20 16:12:20.514000+00:00,641.0,0.17386599999999985
2023-03-20 16:12:25.514000+00:00,643.0,0.10905699999999996
2023-03-20 16:12:30.514000+00:00,643.0,0.0
2023-03-20 16:12:35.514000+00:00,643.0,0.0
2023-03-20 16:12:40.514000+00:00,643.0,0.0
2023-03-20 16:12:45.514000+00:00,643.0,0.0
2023-03-20 16:12:50.514000+00:00,645.0,0.0
2023-03-20 16:12:55.514000+00:00,647.0,0.0
2023-03-20 16:13:00.514000+00:00,648.0,0.0461380000000009
2023-03-20 16:13:05.514000+00:00,648.0,0.0
2023-03-20 16:13:10.514000+00:00,648.0,0.0
2023-03-20 16:13:15.514000+00:00,648.0,0.0
2023-03-20 16:13:20.514000+00:00,648.0,0.0
2023-03-20 16:13:25.514000+00:00,651.0,0.1788420000000004
2023-03-20 16:13:30.514000+00:00,651.0,0.0
2023-03-20 16:13:35.514000+00:00,651.0,0.0
2023-03-20 16:13:40.514000+00:00,653.0,0.12112199999999973
2023-03-20 16:13:45.514000+00:00,653.0,0.0
2023-03-20 16:13:50.514000+00:00,655.0,0.1164360000000002
2023-03-20 16:13:55.514000+00:00,655.0,0.0
2023-03-20 16:14:00.514000+00:00,657.0,0.13469900000000035
2023-03-20 16:14:05.514000+00:00,658.0,0.0
2023-03-20 16:14:10.514000+00:00,659.0,0.08489699999999978
2023-03-20 16:14:15.514000+00:00,660.0,0.04768400000000028
2023-03-20 16:14:20.514000+00:00,660.0,0.0
2023-03-20 16:14:25.514000+00:00,662.0,0.10990400000000022
2023-03-20 16:14:30.514000+00:00,666.0,0.30949399999999994
2023-03-20 16:14:35.514000+00:00,668.0,0.0
2023-03-20 16:14:40.514000+00:00,668.0,0.0
2023-03-20 16:14:45.514000+00:00,669.0,0.07334800000000019
2023-03-20 16:14:50.514000+00:00,670.0,0.055010000000000225
2023-03-20 16:14:55.514000+00:00,672.0,0.15371100000000038
2023-03-20 16:15:00.514000+00:00,672.0,0.0
2023-03-20 16:15:05.514000+00:00,673.0,0.04545099999999991
2023-03-20 16:15:10.514000+00:00,674.0,0.08650399999999969
2023-03-20 16:15:15.514000+00:00,674.0,0.0
2023-03-20 16:15:20.514000+00:00,676.0,0.11074200000000012
2023-03-20 16:15:25.514000+00:00,678.0,0.18449700000000036
2023-03-20 16:15:30.514000+00:00,680.0,0.10323200000000021
2023-03-20 16:15:35.514000+00:00,680.0,0.0
2023-03-20 16:15:40.514000+00:00,680.0,0.0
2023-03-20 16:15:45.514000+00:00,681.0,0.05377899999999958
2023-03-20 16:15:50.514000+00:00,681.0,0.0
2023-03-20 16:15:55.514000+00:00,681.0,0.0
2023-03-20 16:16:00.514000+00:00,682.0,0.06140399999999957
2023-03-20 16:16:05.514000+00:00,682.0,0.0
2023-03-20 16:16:10.514000+00:00,683.0,0.06381399999999982
2023-03-20 16:16:15.514000+00:00,683.0,0.0
2023-03-20 16:16:20.514000+00:00,683.0,0.0
2023-03-20 16:16:25.514000+00:00,684.0,0.05927400000000027
2023-03-20 16:16:30.514000+00:00,687.0,0.16560100000000055
2023-03-20 16:16:35.514000+00:00,689.0,0.09407299999999985
2023-03-20 16:16:40.514000+00:00,691.0,0.129289
2023-03-20 16:16:45.514000+00:00,692.0,0.04575200000000024
2023-03-20 16:16:50.514000+00:00,698.0,0.3723660000000004
2023-03-20 16:16:55.514000+00:00,701.0,0.0
2023-03-20 16:17:00.514000+00:00,702.0,0.05272699999999997
2023-03-20 16:17:05.514000+00:00,702.0,0.0
2023-03-20 16:17:10.514000+00:00,704.0,0.0
2023-03-20 16:17:15.514000+00:00,704.0,0.0
2023-03-20 16:17:20.514000+00:00,705.0,0.0
2023-03-20 16:17:25.514000+00:00,706.0,0.0
2023-03-20 16:17:30.514000+00:00,706.0,0.0
2023-03-20 16:17:35.514000+00:00,706.0,0.0
2023-03-20 16:17:40.514000+00:00,707.0,0.06599800000000045
2023-03-20 16:17:45.514000+00:00,708.0,0.048199000000000325
2023-03-20 16:17:50.514000+00:00,708.0,0.0
2023-03-20 16:17:55.514000+00:00,709.0,0.05362799999999979
2023-03-20 16:18:00.514000+00:00,709.0,0.0
2023-03-20 16:18:05.514000+00:00,710.0,0.061938999999999744
2023-03-20 16:18:10.514000+00:00,711.0,0.14446799999999982
2023-03-20 16:18:15.514000+00:00,711.0,0.0
2023-03-20 16:18:20.514000+00:00,711.0,0.0
2023-03-20 16:18:25.514000+00:00,712.0,0.047131000000000256
2023-03-20 16:18:30.514000+00:00,715.0,0.26030400000000053
2023-03-20 16:18:35.514000+00:00,715.0,0.0
2023-03-20 16:18:40.514000+00:00,716.0,0.04715999999999987
2023-03-20 16:18:45.514000+00:00,717.0,0.061345000000000205
2023-03-20 16:18:50.514000+00:00,718.0,0.062127000000000265
2023-03-20 16:18:55.514000+00:00,721.0,0.2059179999999996
2023-03-20 16:19:00.514000+00:00,721.0,0.0
2023-03-20 16:19:05.514000+00:00,721.0,0.0
2023-03-20 16:19:10.514000+00:00,723.0,0.15446899999999975
2023-03-20 16:19:15.514000+00:00,724.0,0.05240899999999993
2023-03-20 16:19:20.514000+00:00,726.0,0.10387900000000005
2023-03-20 16:19:25.514000+00:00,726.0,0.0
2023-03-20 16:19:30.514000+00:00,726.0,0.0
2023-03-20 16:19:35.514000+00:00,726.0,0.0
2023-03-20 16:19:40.514000+00:00,730.0,0.6804110000000003
2023-03-20 16:19:45.514000+00:00,736.0,0.34997400000000045
2023-03-20 16:19:50.514000+00:00,736.0,0.0
2023-03-20 16:19:55.514000+00:00,737.0,0.13568200000000008
2023-03-20 16:20:00.514000+00:00,738.0,0.04613499999999959
2023-03-20 16:20:05.514000+00:00,738.0,0.0
2023-03-20 16:20:10.514000+00:00,741.0,0.1581640000000002
2023-03-20 16:20:15.514000+00:00,741.0,0.0
2023-03-20 16:20:20.514000+00:00,742.0,0.07934100000000122
2023-03-20 16:20:25.514000+00:00,744.0,0.0785039999999988
2023-03-20 16:20:30.514000+00:00,747.0,0.0
2023-03-20 16:20:35.514000+00:00,750.0,0.1457910000000009
2023-03-20 16:20:40.514000+00:00,751.0,0.10647499999999877
2023-03-20 16:20:45.514000+00:00,751.0,0.0
2023-03-20 16:20:50.514000+00:00,751.0,0.0
2023-03-20 16:20:55.514000+00:00,751.0,0.0
2023-03-20 16:21:00.514000+00:00,751.0,0.0
2023-03-20 16:21:05.514000+00:00,751.0,0.0
2023-03-20 16:21:10.514000+00:00,751.0,0.0
2023-03-20 16:21:15.514000+00:00,751.0,0.0
2023-03-20 16:21:20.514000+00:00,758.0,0.6042189999999996
2023-03-20 16:21:25.514000+00:00,758.0,0.0
2023-03-20 16:21:30.514000+00:00,759.0,0.06899599999999939
2023-03-20 16:21:35.514000+00:00,762.0,0.19936600000000126
2023-03-20 16:21:40.514000+00:00,763.0,0.0618249999999998
2023-03-20 16:21:45.514000+00:00,764.0,0.204955
2023-03-20 16:21:50.514000+00:00,765.0,0.06274800000000003
2023-03-20 16:21:55.514000+00:00,766.0,0.045258999999999716
2023-03-20 16:22:00.514000+00:00,770.0,0.47913599999999956
2023-03-20 16:22:05.514000+00:00,771.0,0.09131100000000014
2023-03-20 16:22:10.514000+00:00,773.0,0.12508000000000052
2023-03-20 16:22:15.514000+00:00,774.0,0.05276600000000009
2023-03-20 16:22:20.514000+00:00,776.0,0.0
2023-03-20 16:22:25.514000+00:00,776.0,0.0
2023-03-20 16:22:30.514000+00:00,776.0,0.0
2023-03-20 16:22:35.514000+00:00,777.0,0.05720300000000034
2023-03-20 16:22:40.514000+00:00,778.0,0.07248300000000008
2023-03-20 16:22:45.514000+00:00,778.0,0.0
2023-03-20 16:22:50.514000+00:00,781.0,0.15895799999999927
2023-03-20 16:22:55.514000+00:00,782.0,0.0
2023-03-20 16:23:00.514000+00:00,782.0,0.0
2023-03-20 16:23:05.514000+00:00,782.0,0.0
2023-03-20 16:23:10.514000+00:00,782.0,0.0
2023-03-20 16:23:15.514000+00:00,782.0,0.0
2023-03-20 16:23:20.514000+00:00,782.0,0.0
2023-03-20 16:23:25.514000+00:00,782.0,0.0
2023-03-20 16:23:30.514000+00:00,782.0,0.0
2023-03-20 16:23:35.514000+00:00,782.0,0.0
2023-03-20 16:23:40.514000+00:00,783.0,0.06601700000000044
2023-03-20 16:23:45.514000+00:00,783.0,0.0
2023-03-20 16:23:50.514000+00:00,784.0,0.047886000000000095
2023-03-20 16:23:55.514000+00:00,784.0,0.0
2023-03-20 16:24:00.514000+00:00,785.0,0.04363399999999995
2023-03-20 16:24:05.514000+00:00,785.0,0.0
2023-03-20 16:24:10.514000+00:00,786.0,0.050639999999999574
2023-03-20 16:24:15.514000+00:00,788.0,0.0
2023-03-20 16:24:20.514000+00:00,788.0,0.0
2023-03-20 16:24:25.514000+00:00,793.0,0.2978810000000003
2023-03-20 16:24:30.514000+00:00,796.0,0.16083300000000023
2023-03-20 16:24:35.514000+00:00,798.0,0.08785200000000071
2023-03-20 16:24:40.514000+00:00,802.0,0.25142299999999995
2023-03-20 16:24:45.514000+00:00,806.0,0.0
2023-03-20 16:24:50.514000+00:00,807.0,0.04484300000000019
2023-03-20 16:24:55.514000+00:00,808.0,0.08485099999999957
2023-03-20 16:25:00.514000+00:00,810.0,0.0904020000000001
2023-03-20 16:25:05.514000+00:00,810.0,0.0
2023-03-20 16:25:10.514000+00:00,811.0,0.044027999999999956
2023-03-20 16:25:15.514000+00:00,813.0,0.0
2023-03-20 16:25:20.514000+00:00,814.0,0.046649999999999636
2023-03-20 16:25:25.514000+00:00,814.0,0.0
2023-03-20 16:25:30.514000+00:00,815.0,0.12602500000000028
2023-03-20 16:25:35.514000+00:00,815.0,0.0
2023-03-20 16:25:40.514000+00:00,815.0,0.0
2023-03-20 16:25:45.514000+00:00,815.0,0.0
2023-03-20 16:25:50.514000+00:00,815.0,0.0
2023-03-20 16:25:55.514000+00:00,816.0,0.06706500000000037
2023-03-20 16:26:00.514000+00:00,816.0,0.0
2023-03-20 16:26:05.514000+00:00,816.0,0.0
2023-03-20 16:26:10.514000+00:00,816.0,0.0
2023-03-20 16:26:15.514000+00:00,817.0,0.045270000000000366
2023-03-20 16:26:20.514000+00:00,817.0,0.0
2023-03-20 16:26:25.514000+00:00,817.0,0.0
2023-03-20 16:26:30.514000+00:00,817.0,0.0
2023-03-20 16:26:35.514000+00:00,821.0,0.2405520000000001
2023-03-20 16:26:40.514000+00:00,821.0,0.0
2023-03-20 16:26:45.514000+00:00,823.0,0.176145
2023-03-20 16:26:50.514000+00:00,825.0,0.42993900000000007
2023-03-20 16:26:55.514000+00:00,826.0,0.0
2023-03-20 16:27:00.514000+00:00,828.0,0.18184199999999962
2023-03-20 16:27:05.514000+00:00,829.0,0.0
2023-03-20 16:27:10.514000+00:00,833.0,0.0
2023-03-20 16:27:15.514000+00:00,834.0,0.0
2023-03-20 16:27:20.514000+00:00,837.0,0.0
2023-03-20 16:27:25.514000+00:00,838.0,0.0658379999999994
2023-03-20 16:27:30.514000+00:00,838.0,0.0
2023-03-20 16:27:35.514000+00:00,838.0,0.0
2023-03-20 16:27:40.514000+00:00,838.0,0.0
2023-03-20 16:27:45.514000+00:00,839.0,0.07159000000000049
2023-03-20 16:27:50.514000+00:00,841.0,0.15014100000000052
2023-03-20 16:27:55.514000+00:00,841.0,0.0
2023-03-20 16:28:00.514000+00:00,841.0,0.0
2023-03-20 16:28:05.514000+00:00,841.0,0.0
2023-03-20 16:28:10.514000+00:00,842.0,0.0710090000000001
2023-03-20 16:28:15.514000+00:00,842.0,0.0
2023-03-20 16:28:20.514000+00:00,842.0,0.0
2023-03-20 16:28:25.514000+00:00,843.0,0.08912299999999984
2023-03-20 16:28:30.514000+00:00,843.0,0.0
2023-03-20 16:28:35.514000+00:00,844.0,0.04852499999999971
2023-03-20 16:28:40.514000+00:00,844.0,0.0
2023-03-20 16:28:45.514000+00:00,846.0,0.196758
2023-03-20 16:28:50.514000+00:00,846.0,0.0
2023-03-20 16:28:55.514000+00:00,846.0,0.0
2023-03-20 16:29:00.514000+00:00,849.0,0.17332000000000036
2023-03-20 16:29:05.514000+00:00,849.0,0.0
2023-03-20 16:29:10.514000+00:00,850.0,0.05194600000000005
2023-03-20 16:29:15.514000+00:00,850.0,0.0
2023-03-20 16:29:20.514000+00:00,853.0,0.15988299999999978
2023-03-20 16:29:25.514000+00:00,855.0,0.08537300000000059
2023-03-20 16:29:30.514000+00:00,855.0,0.0
2023-03-20 16:29:35.514000+00:00,859.0,0.257263
2023-03-20 16:29:40.514000+00:00,859.0,0.0
2023-03-20 16:29:45.514000+00:00,859.0,0.0
2023-03-20 16:29:50.514000+00:00,859.0,0.0
2023-03-20 16:29:55.514000+00:00,861.0,0.10530099999999898
2023-03-20 16:30:00.514000+00:00,862.0,0.08657700000000101
2023-03-20 16:30:05.514000+00:00,862.0,0.0
2023-03-20 16:30:10.514000+00:00,862.0,0.0
2023-03-20 16:30:15.514000+00:00,863.0,0.0712419999999998
2023-03-20 16:30:20.514000+00:00,865.0,0.11317800000000044
2023-03-20 16:30:25.514000+00:00,865.0,0.0
2023-03-20 16:30:30.514000+00:00,867.0,0.12509700000000024
2023-03-20 16:30:35.514000+00:00,867.0,0.0
2023-03-20 16:30:40.514000+00:00,867.0,0.0
2023-03-20 16:30:45.514000+00:00,869.0,0.0922900000000002
2023-03-20 16:30:50.514000+00:00,873.0,0.2812469999999996
2023-03-20 16:30:55.514000+00:00,874.0,0.04131899999999877
2023-03-20 16:31:00.514000+00:00,876.0,0.10026400000000013
2023-03-20 16:31:05.514000+00:00,876.0,0.0
2023-03-20 16:31:10.514000+00:00,877.0,0.0
2023-03-20 16:31:15.514000+00:00,878.0,0.050347999999999615
2023-03-20 16:31:20.514000+00:00,879.0,0.04426600000000036
2023-03-20 16:31:25.514000+00:00,879.0,0.0
2023-03-20 16:31:30.514000+00:00,880.0,0.06699199999999994
2023-03-20 16:31:35.514000+00:00,882.0,0.11739899999999981
2023-03-20 16:31:40.514000+00:00,882.0,0.0
2023-03-20 16:31:45.514000+00:00,883.0,0.04452700000000043
2023-03-20 16:31:50.514000+00:00,884.0,0.06168999999999958
2023-03-20 16:31:55.514000+00:00,885.0,0.05582200000000004
2023-03-20 16:32:00.514000+00:00,885.0,0.0
2023-03-20 16:32:05.514000+00:00,885.0,0.0
2023-03-20 16:32:10.514000+00:00,885.0,0.0
2023-03-20 16:32:15.514000+00:00,885.0,0.0
2023-03-20 16:32:20.514000+00:00,887.0,0.08094900000000038
2023-03-20 16:32:25.514000+00:00,890.0,0.19031100000000034
2023-03-20 16:32:30.514000+00:00,890.0,0.0
2023-03-20 16:32:35.514000+00:00,890.0,0.0
2023-03-20 16:32:40.514000+00:00,892.0,0.0
2023-03-20 16:32:45.514000+00:00,892.0,0.0
2023-03-20 16:32:50.514000+00:00,892.0,0.0
2023-03-20 16:32:55.514000+00:00,892.0,0.0
2023-03-20 16:33:00.514000+00:00,895.0,0.14148400000000105
2023-03-20 16:33:05.514000+00:00,895.0,0.0
2023-03-20 16:33:10.514000+00:00,895.0,0.0
2023-03-20 16:33:15.514000+00:00,895.0,0.0
2023-03-20 16:33:20.514000+00:00,898.0,0.0
2023-03-20 16:33:25.514000+00:00,901.0,0.0
2023-03-20 16:33:30.514000+00:00,904.0,0.16555199999999992
2023-03-20 16:33:35.514000+00:00,905.0,0.07979599999999998
2023-03-20 16:33:40.514000+00:00,906.0,0.051289999999999836
2023-03-20 16:33:45.514000+00:00,908.0,0.12436899999999973
2023-03-20 16:33:50.514000+00:00,910.0,0.09616800000000048
2023-03-20 16:33:55.514000+00:00,910.0,0.0
2023-03-20 16:34:00.514000+00:00,910.0,0.0
2023-03-20 16:34:05.514000+00:00,910.0,0.0
2023-03-20 16:34:10.514000+00:00,911.0,0.054701999999999806
2023-03-20 16:34:15.514000+00:00,912.0,0.05418599999999962
2023-03-20 16:34:20.514000+00:00,912.0,0.0
2023-03-20 16:34:25.514000+00:00,915.0,0.0
2023-03-20 16:34:30.514000+00:00,915.0,0.0
2023-03-20 16:34:35.514000+00:00,917.0,0.11867099999999908
2023-03-20 16:34:40.514000+00:00,918.0,0.0
2023-03-20 16:34:45.514000+00:00,920.0,0.0
2023-03-20 16:34:50.514000+00:00,920.0,0.0
2023-03-20 16:34:55.514000+00:00,920.0,0.0
2023-03-20 16:35:00.514000+00:00,920.0,0.0
2023-03-20 16:35:05.514000+00:00,920.0,0.0
2023-03-20 16:35:10.514000+00:00,922.0,0.09981400000000029
2023-03-20 16:35:15.514000+00:00,925.0,0.17604400000000275
2023-03-20 16:35:20.514000+00:00,926.0,0.05751199999999734
2023-03-20 16:35:25.514000+00:00,927.0,0.055170000000000385
2023-03-20 16:35:30.514000+00:00,929.0,0.0
2023-03-20 16:35:35.514000+00:00,929.0,0.0
2023-03-20 16:35:40.514000+00:00,936.0,0.0
2023-03-20 16:35:45.514000+00:00,937.0,0.09455499999999972
2023-03-20 16:35:50.514000+00:00,937.0,0.0
2023-03-20 16:35:55.514000+00:00,941.0,0.2962410000000002
2023-03-20 16:36:00.514000+00:00,941.0,0.0
2023-03-20 16:36:05.514000+00:00,942.0,0.04997700000000016
2023-03-20 16:36:10.514000+00:00,944.0,0.10381399999999985
2023-03-20 16:36:15.514000+00:00,944.0,0.0
2023-03-20 16:36:20.514000+00:00,944.0,0.0
2023-03-20 16:36:25.514000+00:00,944.0,0.0
2023-03-20 16:36:30.514000+00:00,945.0,0.043091999999999686
2023-03-20 16:36:35.514000+00:00,946.0,0.07758700000000118
2023-03-20 16:36:40.514000+00:00,948.0,0.14172399999999996
2023-03-20 16:36:45.514000+00:00,948.0,0.0
2023-03-20 16:36:50.514000+00:00,949.0,0.045870999999999995
2023-03-20 16:36:55.514000+00:00,949.0,0.0
2023-03-20 16:37:00.514000+00:00,949.0,0.0
2023-03-20 16:37:05.514000+00:00,950.0,0.05326999999999771
2023-03-20 16:37:10.514000+00:00,951.0,0.052597000000002225
2023-03-20 16:37:15.514000+00:00,952.0,0.05082799999999743
2023-03-20 16:37:20.514000+00:00,952.0,0.0
2023-03-20 16:37:25.514000+00:00,956.0,0.0
2023-03-20 16:37:30.514000+00:00,956.0,0.0
2023-03-20 16:37:35.514000+00:00,956.0,0.0
2023-03-20 16:37:40.514000+00:00,957.0,0.0549230000000005
2023-03-20 16:37:45.514000+00:00,958.0,0.0742180000000019
2023-03-20 16:37:50.514000+00:00,960.0,0.10559000000000296
2023-03-20 16:37:55.514000+00:00,960.0,0.0
2023-03-20 16:38:00.514000+00:00,960.0,0.0
2023-03-20 16:38:05.514000+00:00,965.0,0.0
2023-03-20 16:38:10.514000+00:00,966.0,0.05141300000000015
2023-03-20 16:38:15.514000+00:00,967.0,0.05518299999999954
2023-03-20 16:38:20.514000+00:00,967.0,0.0
2023-03-20 16:38:25.514000+00:00,968.0,0.06681299999999801
2023-03-20 16:38:30.514000+00:00,968.0,0.0
2023-03-20 16:38:35.514000+00:00,968.0,0.0
2023-03-20 16:38:40.514000+00:00,969.0,0.051342
2023-03-20 16:38:45.514000+00:00,969.0,0.0
2023-03-20 16:38:50.514000+00:00,970.0,0.05164399999999958
2023-03-20 16:38:55.514000+00:00,970.0,0.0
2023-03-20 16:39:00.514000+00:00,970.0,0.0
2023-03-20 16:39:05.514000+00:00,970.0,0.0
2023-03-20 16:39:10.514000+00:00,970.0,0.0
2023-03-20 16:39:15.514000+00:00,971.0,0.061035999999999646
2023-03-20 16:39:20.514000+00:00,971.0,0.0
2023-03-20 16:39:25.514000+00:00,971.0,0.0
2023-03-20 16:39:30.514000+00:00,972.0,0.04785200000000067
2023-03-20 16:39:35.514000+00:00,972.0,0.0
2023-03-20 16:39:40.514000+00:00,974.0,0.13285600000000208
2023-03-20 16:39:45.514000+00:00,976.0,0.0
2023-03-20 16:39:50.514000+00:00,980.0,0.327770000000001
2023-03-20 16:39:55.514000+00:00,980.0,0.0
2023-03-20 16:40:00.514000+00:00,981.0,0.047284000000001214
2023-03-20 16:40:05.514000+00:00,984.0,0.2166169999999994
2023-03-20 16:40:10.514000+00:00,985.0,0.10206699999999991
2023-03-20 16:40:15.514000+00:00,986.0,0.09177000000000035
2023-03-20 16:40:20.514000+00:00,986.0,0.0
2023-03-20 16:40:25.514000+00:00,987.0,0.08131299999999975
2023-03-20 16:40:30.514000+00:00,989.0,0.1631450000000001
2023-03-20 16:40:35.514000+00:00,989.0,0.0
2023-03-20 16:40:40.514000+00:00,991.0,0.08919400000000088
2023-03-20 16:40:45.514000+00:00,993.0,0.1285570000000007
2023-03-20 16:40:50.514000+00:00,993.0,0.0
2023-03-20 16:40:55.514000+00:00,998.0,0.27984200000000037
2023-03-20 16:41:00.514000+00:00,998.0,0.0
2023-03-20 16:41:05.514000+00:00,998.0,0.0
2023-03-20 16:41:10.514000+00:00,998.0,0.0
2023-03-20 16:41:15.514000+00:00,998.0,0.0
2023-03-20 16:41:20.514000+00:00,999.0,0.06565600000000238
2023-03-20 16:41:25.514000+00:00,1000.0,0.04103699999999755
2023-03-20 16:41:30.514000+00:00,1001.0,0.07573000000000008
2023-03-20 16:41:35.514000+00:00,1002.0,0.051292000000000115
2023-03-20 16:41:40.514000+00:00,1004.0,0.12298700000000018
2023-03-20 16:41:45.514000+00:00,1005.0,0.0491539999999997
2023-03-20 16:41:50.514000+00:00,1007.0,0.2839679999999998
2023-03-20 16:41:55.514000+00:00,1008.0,0.07305200000000056
2023-03-20 16:42:00.514000+00:00,1008.0,0.0
2023-03-20 16:42:05.514000+00:00,1009.0,0.40059100000000036
2023-03-20 16:42:10.514000+00:00,1012.0,0.21985800000000033
2023-03-20 16:42:15.514000+00:00,1012.0,0.0
2023-03-20 16:42:20.514000+00:00,1013.0,0.06421399999999977
2023-03-20 16:42:25.514000+00:00,1016.0,0.18214900000000078
2023-03-20 16:42:30.514000+00:00,1017.0,0.04651199999999989
2023-03-20 16:42:35.514000+00:00,1019.0,0.09674099999999974
2023-03-20 16:42:40.514000+00:00,1019.0,0.0
2023-03-20 16:42:45.514000+00:00,1021.0,0.13863800000000026
2023-03-20 16:42:50.514000+00:00,1023.0,0.14616700000000016
2023-03-20 16:42:55.514000+00:00,1023.0,0.0
2023-03-20 16:43:00.514000+00:00,1023.0,0.0
2023-03-20 16:43:05.514000+00:00,1023.0,0.0
2023-03-20 16:43:10.514000+00:00,1023.0,0.0
2023-03-20 16:43:15.514000+00:00,1025.0,0.10887000000000047
2023-03-20 16:43:20.514000+00:00,1025.0,0.0
2023-03-20 16:43:25.514000+00:00,1025.0,0.0
2023-03-20 16:43:30.514000+00:00,1026.0,0.042454000000000214
2023-03-20 16:43:35.514000+00:00,1027.0,0.0425519999999997
2023-03-20 16:43:40.514000+00:00,1028.0,0.3080999999999996
2023-03-20 16:43:45.514000+00:00,1029.0,0.05270799999999998
2023-03-20 16:43:50.514000+00:00,1032.0,0.0
2023-03-20 16:43:55.514000+00:00,1032.0,0.0
2023-03-20 16:44:00.514000+00:00,1032.0,0.0
2023-03-20 16:44:05.514000+00:00,1032.0,0.0
2023-03-20 16:44:10.514000+00:00,1032.0,0.0
2023-03-20 16:44:15.514000+00:00,1032.0,0.0
2023-03-20 16:44:20.514000+00:00,1033.0,0.30536600000000025
2023-03-20 16:44:25.514000+00:00,1035.0,0.0
2023-03-20 16:44:30.514000+00:00,1037.0,0.13709099999999985
2023-03-20 16:44:35.514000+00:00,1039.0,0.1814140000000002
2023-03-20 16:44:40.514000+00:00,1041.0,0.11332200000000014
2023-03-20 16:44:45.514000+00:00,1041.0,0.0
2023-03-20 16:44:50.514000+00:00,1043.0,0.5521860000000007
2023-03-20 16:44:55.514000+00:00,1044.0,0.04808500000000038
2023-03-20 16:45:00.514000+00:00,1044.0,0.0
2023-03-20 16:45:05.514000+00:00,1046.0,0.09299799999999969
2023-03-20 16:45:10.514000+00:00,1047.0,0.04404900000000023
2023-03-20 16:45:15.514000+00:00,1048.0,0.039374999999999716
2023-03-20 16:45:20.514000+00:00,1049.0,0.0801400000000001
2023-03-20 16:45:25.514000+00:00,1051.0,0.09015200000000068
2023-03-20 16:45:30.514000+00:00,1051.0,0.0
2023-03-20 16:45:35.514000+00:00,1051.0,0.0
2023-03-20 16:45:40.514000+00:00,1051.0,0.0
2023-03-20 16:45:45.514000+00:00,1053.0,0.11421299999999945
2023-03-20 16:45:50.514000+00:00,1053.0,0.0
2023-03-20 16:45:55.514000+00:00,1053.0,0.0
2023-03-20 16:46:00.514000+00:00,1054.0,0.09722000000000008
2023-03-20 16:46:05.514000+00:00,1056.0,0.27186999999999983
2023-03-20 16:46:10.514000+00:00,1057.0,0.0324939999999998
2023-03-20 16:46:15.514000+00:00,1057.0,0.0
2023-03-20 16:46:20.514000+00:00,1058.0,0.12652199999999958
2023-03-20 16:46:25.514000+00:00,1058.0,0.0
2023-03-20 16:46:30.514000+00:00,1058.0,0.0
2023-03-20 16:46:35.514000+00:00,1059.0,0.05543500000000012
2023-03-20 16:46:40.514000+00:00,1062.0,0.27679799999999943
2023-03-20 16:46:45.514000+00:00,1064.0,0.1716450000000007
2023-03-20 16:46:50.514000+00:00,1066.0,0.0
2023-03-20 16:46:55.514000+00:00,1066.0,0.0
2023-03-20 16:47:00.514000+00:00,1067.0,0.06158999999999981
2023-03-20 16:47:05.514000+00:00,1068.0,0.06440999999999963
2023-03-20 16:47:10.514000+00:00,1070.0,0.0
2023-03-20 16:47:15.514000+00:00,1072.0,0.1223270000000003
2023-03-20 16:47:20.514000+00:00,1072.0,0.0
2023-03-20 16:47:25.514000+00:00,1072.0,0.0
2023-03-20 16:47:30.514000+00:00,1072.0,0.0
2023-03-20 16:47:35.514000+00:00,1073.0,0.04222699999999957
2023-03-20 16:47:40.514000+00:00,1077.0,0.0
2023-03-20 16:47:45.514000+00:00,1077.0,0.0
2023-03-20 16:47:50.514000+00:00,1077.0,0.0
2023-03-20 16:47:55.514000+00:00,1077.0,0.0
2023-03-20 16:48:00.514000+00:00,1078.0,0.0
2023-03-20 16:48:05.514000+00:00,1078.0,0.0
2023-03-20 16:48:10.514000+00:00,1078.0,0.0
2023-03-20 16:48:15.514000+00:00,1078.0,0.0
2023-03-20 16:48:20.514000+00:00,1078.0,0.0
2023-03-20 16:48:25.514000+00:00,1078.0,0.0
2023-03-20 16:48:30.514000+00:00,1079.0,0.0700649999999996
2023-03-20 16:48:35.514000+00:00,1080.0,0.0
2023-03-20 16:48:40.514000+00:00,1083.0,0.18927300000000002
2023-03-20 16:48:45.514000+00:00,1083.0,0.0
2023-03-20 16:48:50.514000+00:00,1084.0,0.08548500000000026
2023-03-20 16:48:55.514000+00:00,1085.0,0.05905800000000028
2023-03-20 16:49:00.514000+00:00,1086.0,0.03579500000000024
2023-03-20 16:49:05.514000+00:00,1086.0,0.0
2023-03-20 16:49:10.514000+00:00,1087.0,0.048985000000000056
2023-03-20 16:49:15.514000+00:00,1087.0,0.0
2023-03-20 16:49:20.514000+00:00,1089.0,0.10876399999999897
2023-03-20 16:49:25.514000+00:00,1091.0,0.11360400000000048
2023-03-20 16:49:30.514000+00:00,1092.0,0.0
2023-03-20 16:49:35.514000+00:00,1092.0,0.0
2023-03-20 16:49:40.514000+00:00,1093.0,0.0579289999999979
2023-03-20 16:49:45.514000+00:00,1093.0,0.0
2023-03-20 16:49:50.514000+00:00,1095.0,0.13857900000000178
2023-03-20 16:49:55.514000+00:00,1095.0,0.0
2023-03-20 16:50:00.514000+00:00,1096.0,0.0
2023-03-20 16:50:05.514000+00:00,1097.0,0.05526200000000259
2023-03-20 16:50:10.514000+00:00,1097.0,0.0
2023-03-20 16:50:15.514000+00:00,1098.0,0.052484999999999005
2023-03-20 16:50:20.514000+00:00,1098.0,0.0
2023-03-20 16:50:25.514000+00:00,1099.0,0.20418000000000092
2023-03-20 16:50:30.514000+00:00,1099.0,0.0
2023-03-20 16:50:35.514000+00:00,1104.0,0.2622789999999995
2023-03-20 16:50:40.514000+00:00,1104.0,0.0
2023-03-20 16:50:45.514000+00:00,1104.0,0.0
2023-03-20 16:50:50.514000+00:00,1106.0,0.0
2023-03-20 16:50:55.514000+00:00,1107.0,0.07661099999999976
2023-03-20 16:51:00.514000+00:00,1107.0,0.0
2023-03-20 16:51:05.514000+00:00,1108.0,0.06993300000000069
2023-03-20 16:51:10.514000+00:00,1110.0,0.2633530000000004
2023-03-20 16:51:15.514000+00:00,1112.0,0.10933299999999946
2023-03-20 16:51:20.514000+00:00,1112.0,0.0
2023-03-20 16:51:25.514000+00:00,1112.0,0.0
2023-03-20 16:51:30.514000+00:00,1114.0,0.14277900000000088
2023-03-20 16:51:35.514000+00:00,1117.0,0.18413599999999875
2023-03-20 16:51:40.514000+00:00,1117.0,0.0
2023-03-20 16:51:45.514000+00:00,1117.0,0.0
2023-03-20 16:51:50.514000+00:00,1117.0,0.0
2023-03-20 16:51:55.514000+00:00,1117.0,0.0
2023-03-20 16:52:00.514000+00:00,1118.0,0.050520999999999816
2023-03-20 16:52:05.514000+00:00,1118.0,0.0
2023-03-20 16:52:10.514000+00:00,1119.0,0.04462400000000244
2023-03-20 16:52:15.514000+00:00,1119.0,0.0
2023-03-20 16:52:20.514000+00:00,1120.0,0.04567399999999999
2023-03-20 16:52:25.514000+00:00,1122.0,0.09511499999999984
2023-03-20 16:52:30.514000+00:00,1125.0,0.0
2023-03-20 16:52:35.514000+00:00,1128.0,0.0
2023-03-20 16:52:40.514000+00:00,1132.0,0.0
2023-03-20 16:52:45.514000+00:00,1133.0,0.04824399999999862
2023-03-20 16:52:50.514000+00:00,1133.0,0.0
2023-03-20 16:52:55.514000+00:00,1134.0,0.0
2023-03-20 16:53:00.514000+00:00,1134.0,0.0
2023-03-20 16:53:05.514000+00:00,1134.0,0.0
2023-03-20 16:53:10.514000+00:00,1135.0,0.06441899999999912
2023-03-20 16:53:15.514000+00:00,1135.0,0.0
2023-03-20 16:53:20.514000+00:00,1135.0,0.0
2023-03-20 16:53:25.514000+00:00,1136.0,0.06609599999999993
2023-03-20 16:53:30.514000+00:00,1136.0,0.0
2023-03-20 16:53:35.514000+00:00,1136.0,0.0
2023-03-20 16:53:40.514000+00:00,1136.0,0.0
2023-03-20 16:53:45.514000+00:00,1138.0,0.09059099999999987
2023-03-20 16:53:50.514000+00:00,1139.0,0.17351200000000055
2023-03-20 16:53:55.514000+00:00,1139.0,0.0
2023-03-20 16:54:00.514000+00:00,1139.0,0.0
2023-03-20 16:54:05.514000+00:00,1141.0,0.0
2023-03-20 16:54:10.514000+00:00,1144.0,0.16957299999999975
2023-03-20 16:54:15.514000+00:00,1146.0,0.11895999999999951
2023-03-20 16:54:20.514000+00:00,1146.0,0.0
2023-03-20 16:54:25.514000+00:00,1150.0,0.18985300000000116
2023-03-20 16:54:30.514000+00:00,1154.0,0.0
2023-03-20 16:54:35.514000+00:00,1157.0,0.0
2023-03-20 16:54:40.514000+00:00,1157.0,0.0
2023-03-20 16:54:45.514000+00:00,1159.0,0.13496100000000055
2023-03-20 16:54:50.514000+00:00,1159.0,0.0
2023-03-20 16:54:55.514000+00:00,1161.0,0.14064600000000027
2023-03-20 16:55:00.514000+00:00,1162.0,0.07489099999999915
2023-03-20 16:55:05.514000+00:00,1162.0,0.0
2023-03-20 16:55:10.514000+00:00,1162.0,0.0
2023-03-20 16:55:15.514000+00:00,1163.0,0.05043299999999995
2023-03-20 16:55:20.514000+00:00,1163.0,0.0
2023-03-20 16:55:25.514000+00:00,1167.0,0.0
2023-03-20 16:55:30.514000+00:00,1170.0,0.16734399999999816
2023-03-20 16:55:35.514000+00:00,1170.0,0.0
2023-03-20 16:55:40.514000+00:00,1170.0,0.0
2023-03-20 16:55:45.514000+00:00,1170.0,0.0
2023-03-20 16:55:50.514000+00:00,1170.0,0.0
2023-03-20 16:55:55.514000+00:00,1171.0,0.11057600000000001
2023-03-20 16:56:00.514000+00:00,1171.0,0.0
2023-03-20 16:56:05.514000+00:00,1171.0,0.0
2023-03-20 16:56:10.514000+00:00,1172.0,0.05131199999999936
2023-03-20 16:56:15.514000+00:00,1175.0,0.23552600000000012
2023-03-20 16:56:20.514000+00:00,1175.0,0.0
2023-03-20 16:56:25.514000+00:00,1177.0,0.1395230000000005
2023-03-20 16:56:30.514000+00:00,1177.0,0.0
2023-03-20 16:56:35.514000+00:00,1177.0,0.0
2023-03-20 16:56:40.514000+00:00,1177.0,0.0
2023-03-20 16:56:45.514000+00:00,1178.0,0.05174899999999738
2023-03-20 16:56:50.514000+00:00,1180.0,0.10172900000000062
2023-03-20 16:56:55.514000+00:00,1181.0,0.0698319999999999
2023-03-20 16:57:00.514000+00:00,1183.0,0.0958900000000007
2023-03-20 16:57:05.514000+00:00,1183.0,0.0
2023-03-20 16:57:10.514000+00:00,1183.0,0.0
2023-03-20 16:57:15.514000+00:00,1184.0,0.07785200000000003
2023-03-20 16:57:20.514000+00:00,1185.0,0.04698299999999911
2023-03-20 16:57:25.514000+00:00,1185.0,0.0
2023-03-20 16:57:30.514000+00:00,1187.0,0.13775300000000001
2023-03-20 16:57:35.514000+00:00,1189.0,0.3354619999999997
2023-03-20 16:57:40.514000+00:00,1190.0,0.04500999999999955
2023-03-20 16:57:45.514000+00:00,1192.0,0.10831300000000077
2023-03-20 16:57:50.514000+00:00,1193.0,0.0696709999999996
2023-03-20 16:57:55.514000+00:00,1193.0,0.0
2023-03-20 16:58:00.514000+00:00,1193.0,0.0
2023-03-20 16:58:05.514000+00:00,1194.0,0.07229500000000044
2023-03-20 16:58:10.514000+00:00,1194.0,0.0
2023-03-20 16:58:15.514000+00:00,1194.0,0.0
2023-03-20 16:58:20.514000+00:00,1194.0,0.0
2023-03-20 16:58:25.514000+00:00,1195.0,0.049913000000000096
2023-03-20 16:58:30.514000+00:00,1196.0,0.058566000000000784
2023-03-20 16:58:35.514000+00:00,1196.0,0.0
2023-03-20 16:58:40.514000+00:00,1198.0,0.10910399999999854
2023-03-20 16:58:45.514000+00:00,1198.0,0.0
2023-03-20 16:58:50.514000+00:00,1198.0,0.0
2023-03-20 16:58:55.514000+00:00,1199.0,0.07436200000000248
2023-03-20 16:59:00.514000+00:00,1202.0,0.0
2023-03-20 16:59:05.514000+00:00,1203.0,0.052236000000000615
2023-03-20 16:59:10.514000+00:00,1204.0,0.050929
2023-03-20 16:59:15.514000+00:00,1204.0,0.0
2023-03-20 16:59:20.514000+00:00,1204.0,0.0
2023-03-20 16:59:25.514000+00:00,1207.0,0.17602000000000118
2023-03-20 16:59:30.514000+00:00,1209.0,0.11562100000000086
2023-03-20 16:59:35.514000+00:00,1210.0,0.05159499999999895
2023-03-20 16:59:40.514000+00:00,1213.0,0.0
2023-03-20 16:59:45.514000+00:00,1217.0,0.0
2023-03-20 16:59:50.514000+00:00,1217.0,0.0
2023-03-20 16:59:55.514000+00:00,1219.0,0.23966199999999738
2023-03-20 17:00:00.514000+00:00,1219.0,0.0
2023-03-20 17:00:05.514000+00:00,1220.0,0.07646000000000264
2023-03-20 17:00:10.514000+00:00,1220.0,0.0
2023-03-20 17:00:15.514000+00:00,1220.0,0.0
2023-03-20 17:00:20.514000+00:00,1220.0,0.0
2023-03-20 17:00:25.514000+00:00,1220.0,0.0
2023-03-20 17:00:30.514000+00:00,1222.0,0.14785399999999882
2023-03-20 17:00:35.514000+00:00,1222.0,0.0
2023-03-20 17:00:40.514000+00:00,1225.0,0.0
2023-03-20 17:00:45.514000+00:00,1225.0,0.0
2023-03-20 17:00:50.514000+00:00,1226.0,0.057152999999999565
2023-03-20 17:00:55.514000+00:00,1227.0,0.11003099999999932
2023-03-20 17:01:00.514000+00:00,1230.0,0.16154899999999905
2023-03-20 17:01:05.514000+00:00,1231.0,0.05292299999999983
2023-03-20 17:01:10.514000+00:00,1232.0,0.047432999999999836
2023-03-20 17:01:15.514000+00:00,1234.0,0.13179100000000155
2023-03-20 17:01:20.514000+00:00,1237.0,0.18202899999999467
2023-03-20 17:01:25.514000+00:00,1238.0,0.28478000000000137
2023-03-20 17:01:30.514000+00:00,1238.0,0.0
2023-03-20 17:01:35.514000+00:00,1239.0,0.052143999999998414
2023-03-20 17:01:40.514000+00:00,1240.0,0.04549000000000092
2023-03-20 17:01:45.514000+00:00,1240.0,0.0
2023-03-20 17:01:50.514000+00:00,1240.0,0.0
2023-03-20 17:01:55.514000+00:00,1241.0,0.14089500000000044
2023-03-20 17:02:00.514000+00:00,1241.0,0.0
2023-03-20 17:02:05.514000+00:00,1241.0,0.0
2023-03-20 17:02:10.514000+00:00,1242.0,0.06975999999999871
2023-03-20 17:02:15.514000+00:00,1243.0,0.0868890000000011
2023-03-20 17:02:20.514000+00:00,1243.0,0.0
2023-03-20 17:02:25.514000+00:00,1244.0,0.2016549999999988
2023-03-20 17:02:30.514000+00:00,1244.0,0.0
2023-03-20 17:02:35.514000+00:00,1245.0,0.08082100000000025
2023-03-20 17:02:40.514000+00:00,1248.0,0.16595000000000049
2023-03-20 17:02:45.514000+00:00,1252.0,0.0
2023-03-20 17:02:50.514000+00:00,1252.0,0.0
2023-03-20 17:02:55.514000+00:00,1253.0,0.06323300000000032
2023-03-20 17:03:00.514000+00:00,1254.0,0.049110999999999905
2023-03-20 17:03:05.514000+00:00,1254.0,0.0
2023-03-20 17:03:10.514000+00:00,1254.0,0.0
2023-03-20 17:03:15.514000+00:00,1254.0,0.0
2023-03-20 17:03:20.514000+00:00,1257.0,0.1791830000000001
2023-03-20 17:03:25.514000+00:00,1257.0,0.0
2023-03-20 17:03:30.514000+00:00,1259.0,0.2384649999999997
2023-03-20 17:03:35.514000+00:00,1260.0,0.057451999999999614
2023-03-20 17:03:40.514000+00:00,1261.0,0.09709299999999921
2023-03-20 17:03:45.514000+00:00,1261.0,0.0
2023-03-20 17:03:50.514000+00:00,1261.0,0.0
2023-03-20 17:03:55.514000+00:00,1261.0,0.0
2023-03-20 17:04:00.514000+00:00,1261.0,0.0
2023-03-20 17:04:05.514000+00:00,1264.0,0.0
2023-03-20 17:04:10.514000+00:00,1266.0,0.19024299999999883
2023-03-20 17:04:15.514000+00:00,1267.0,0.08609799999999979
2023-03-20 17:04:20.514000+00:00,1267.0,0.0
2023-03-20 17:04:25.514000+00:00,1267.0,0.0
2023-03-20 17:04:30.514000+00:00,1271.0,0.2039749999999998
2023-03-20 17:04:35.514000+00:00,1274.0,0.4511219999999998
2023-03-20 17:04:40.514000+00:00,1274.0,0.0
2023-03-20 17:04:45.514000+00:00,1274.0,0.0
2023-03-20 17:04:50.514000+00:00,1274.0,0.0
2023-03-20 17:04:55.514000+00:00,1276.0,0.10413300000000092
2023-03-20 17:05:00.514000+00:00,1277.0,0.0745009999999997
2023-03-20 17:05:05.514000+00:00,1277.0,0.0
2023-03-20 17:05:10.514000+00:00,1277.0,0.0
2023-03-20 17:05:15.514000+00:00,1280.0,0.0
2023-03-20 17:05:20.514000+00:00,1280.0,0.0
2023-03-20 17:05:25.514000+00:00,1280.0,0.0
2023-03-20 17:05:30.514000+00:00,1282.0,0.0
2023-03-20 17:05:35.514000+00:00,1283.0,0.07015299999999947
2023-03-20 17:05:40.514000+00:00,1286.0,0.2146639999999973
2023-03-20 17:05:45.514000+00:00,1290.0,0.33527600000000035
2023-03-20 17:05:50.514000+00:00,1291.0,0.12162800000000118
2023-03-20 17:05:55.514000+00:00,1292.0,0.07799599999999884
2023-03-20 17:06:00.514000+00:00,1293.0,0.04082499999999989
2023-03-20 17:06:05.514000+00:00,1293.0,0.0
2023-03-20 17:06:10.514000+00:00,1295.0,0.0
2023-03-20 17:06:15.514000+00:00,1296.0,0.07055800000000012
2023-03-20 17:06:20.514000+00:00,1296.0,0.0
2023-03-20 17:06:25.514000+00:00,1296.0,0.0
