timestamp,rt_cart_delete_redis_count,rt_cart_delete_redis_sum,rt_cart_get_redis_count,rt_cart_get_redis_sum,rt_cart_post_redis_count,rt_cart_post_redis_sum,rt_user_get_redis_count,rt_user_get_redis_sum
2023-03-20 15:21:30.408000+00:00,16.0,,303.0,,223.0,,82.0,
2023-03-20 15:21:35.408000+00:00,17.0,0.0,308.0,1.0,227.0,1.0,83.0,0.0
2023-03-20 15:21:40.408000+00:00,18.0,1.0,309.0,0.0,228.0,0.0,83.0,0.0
2023-03-20 15:21:45.408000+00:00,18.0,0.0,309.0,0.0,228.0,0.0,84.0,0.0
2023-03-20 15:21:50.408000+00:00,19.0,0.0,317.0,2.0,234.0,0.0,85.0,0.0
2023-03-20 15:21:55.408000+00:00,20.0,1.0,327.0,1.0,242.0,0.0,88.0,1.0
2023-03-20 15:22:00.408000+00:00,23.0,0.0,335.0,1.0,248.0,1.0,89.0,0.0
2023-03-20 15:22:05.408000+00:00,26.0,1.0,344.0,3.0,255.0,2.0,91.0,0.0
2023-03-20 15:22:10.408000+00:00,26.0,0.0,355.0,2.0,263.0,2.0,94.0,0.0
2023-03-20 15:22:15.408000+00:00,28.0,1.0,355.0,0.0,263.0,0.0,94.0,0.0
2023-03-20 15:22:20.408000+00:00,28.0,0.0,359.0,0.0,266.0,0.0,95.0,0.0
2023-03-20 15:22:25.408000+00:00,28.0,0.0,363.0,2.0,269.0,0.0,96.0,0.0
2023-03-20 15:22:30.408000+00:00,29.0,1.0,374.0,2.0,277.0,0.0,99.0,0.0
2023-03-20 15:22:35.408000+00:00,31.0,0.0,376.0,0.0,279.0,0.0,99.0,0.0
2023-03-20 15:22:40.408000+00:00,33.0,0.0,391.0,1.0,291.0,1.0,103.0,1.0
2023-03-20 15:22:45.408000+00:00,33.0,0.0,401.0,4.0,299.0,0.0,104.0,0.0
2023-03-20 15:22:50.408000+00:00,35.0,1.0,405.0,0.0,302.0,1.0,105.0,0.0
2023-03-20 15:22:55.408000+00:00,38.0,2.0,405.0,0.0,302.0,0.0,105.0,0.0
2023-03-20 15:23:00.408000+00:00,38.0,0.0,405.0,0.0,302.0,0.0,105.0,0.0
2023-03-20 15:23:05.408000+00:00,39.0,1.0,417.0,2.0,311.0,3.0,108.0,0.0
2023-03-20 15:23:10.408000+00:00,41.0,1.0,426.0,0.0,318.0,4.0,110.0,0.0
2023-03-20 15:23:15.408000+00:00,43.0,1.0,431.0,1.0,322.0,0.0,111.0,0.0
2023-03-20 15:23:20.408000+00:00,44.0,0.0,435.0,0.0,325.0,1.0,112.0,0.0
2023-03-20 15:23:25.408000+00:00,45.0,1.0,448.0,2.0,335.0,1.0,116.0,1.0
2023-03-20 15:23:30.408000+00:00,47.0,0.0,457.0,1.0,342.0,1.0,119.0,0.0
2023-03-20 15:23:35.408000+00:00,48.0,1.0,469.0,0.0,351.0,0.0,120.0,0.0
2023-03-20 15:23:40.408000+00:00,50.0,1.0,476.0,0.0,357.0,0.0,121.0,0.0
2023-03-20 15:23:45.408000+00:00,53.0,1.0,498.0,2.0,374.0,3.0,126.0,1.0
2023-03-20 15:23:50.408000+00:00,56.0,0.0,508.0,1.0,382.0,1.0,128.0,0.0
2023-03-20 15:23:55.408000+00:00,57.0,1.0,521.0,2.0,392.0,3.0,131.0,2.0
2023-03-20 15:24:00.408000+00:00,58.0,1.0,531.0,1.0,400.0,0.0,133.0,0.0
2023-03-20 15:24:05.408000+00:00,58.0,0.0,535.0,3.0,403.0,1.0,135.0,0.0
2023-03-20 15:24:10.408000+00:00,59.0,1.0,546.0,3.0,411.0,2.0,137.0,0.0
2023-03-20 15:24:15.408000+00:00,64.0,0.0,552.0,1.0,416.0,1.0,138.0,0.0
2023-03-20 15:24:20.408000+00:00,65.0,1.0,557.0,3.0,420.0,0.0,140.0,0.0
2023-03-20 15:24:25.408000+00:00,66.0,0.0,561.0,2.0,423.0,0.0,141.0,0.0
2023-03-20 15:24:30.408000+00:00,68.0,0.0,578.0,0.0,436.0,3.0,144.0,0.0
2023-03-20 15:24:35.408000+00:00,69.0,0.0,589.0,2.0,445.0,2.0,146.0,0.0
2023-03-20 15:24:40.408000+00:00,71.0,1.0,598.0,1.0,452.0,2.0,149.0,0.0
2023-03-20 15:24:45.408000+00:00,73.0,1.0,603.0,0.0,456.0,0.0,150.0,1.0
2023-03-20 15:24:50.408000+00:00,75.0,0.0,612.0,1.0,463.0,0.0,151.0,0.0
2023-03-20 15:24:55.408000+00:00,75.0,0.0,619.0,1.0,468.0,1.0,154.0,1.0
2023-03-20 15:25:00.408000+00:00,76.0,0.0,624.0,0.0,472.0,2.0,154.0,0.0
2023-03-20 15:25:05.408000+00:00,76.0,0.0,633.0,3.0,479.0,0.0,156.0,1.0
2023-03-20 15:25:10.408000+00:00,77.0,0.0,633.0,0.0,479.0,0.0,156.0,0.0
2023-03-20 15:25:15.408000+00:00,77.0,0.0,647.0,2.0,490.0,1.0,160.0,0.0
2023-03-20 15:25:20.408000+00:00,77.0,0.0,661.0,1.0,501.0,1.0,163.0,1.0
2023-03-20 15:25:25.408000+00:00,79.0,1.0,668.0,1.0,506.0,0.0,166.0,0.0
2023-03-20 15:25:30.408000+00:00,82.0,0.0,690.0,6.0,523.0,2.0,169.0,0.0
2023-03-20 15:25:35.408000+00:00,86.0,0.0,691.0,1.0,524.0,0.0,169.0,0.0
2023-03-20 15:25:40.408000+00:00,87.0,0.0,696.0,1.0,528.0,0.0,171.0,1.0
2023-03-20 15:25:45.408000+00:00,89.0,0.0,711.0,1.0,540.0,3.0,174.0,1.0
2023-03-20 15:25:50.408000+00:00,91.0,0.0,720.0,1.0,547.0,0.0,176.0,0.0
2023-03-20 15:25:55.408000+00:00,92.0,0.0,725.0,1.0,551.0,0.0,177.0,0.0
2023-03-20 15:26:00.408000+00:00,94.0,1.0,729.0,1.0,554.0,0.0,177.0,0.0
2023-03-20 15:26:05.408000+00:00,94.0,0.0,739.0,1.0,562.0,0.0,179.0,0.0
2023-03-20 15:26:10.408000+00:00,97.0,0.0,751.0,3.0,571.0,2.0,182.0,0.0
2023-03-20 15:26:15.408000+00:00,98.0,1.0,758.0,2.0,576.0,1.0,185.0,0.0
2023-03-20 15:26:20.408000+00:00,101.0,0.0,777.0,7.0,591.0,3.0,188.0,0.0
2023-03-20 15:26:25.408000+00:00,103.0,0.0,786.0,0.0,598.0,0.0,190.0,0.0
2023-03-20 15:26:30.408000+00:00,105.0,0.0,805.0,2.0,613.0,0.0,194.0,0.0
2023-03-20 15:26:35.408000+00:00,108.0,0.0,810.0,0.0,617.0,0.0,195.0,0.0
2023-03-20 15:26:40.408000+00:00,110.0,0.0,818.0,0.0,623.0,2.0,197.0,0.0
2023-03-20 15:26:45.408000+00:00,110.0,0.0,818.0,0.0,623.0,0.0,198.0,0.0
2023-03-20 15:26:50.408000+00:00,111.0,0.0,823.0,1.0,627.0,6.0,200.0,0.0
2023-03-20 15:26:55.408000+00:00,112.0,0.0,835.0,2.0,636.0,3.0,201.0,1.0
2023-03-20 15:27:00.408000+00:00,113.0,0.0,835.0,0.0,636.0,0.0,202.0,1.0
2023-03-20 15:27:05.408000+00:00,114.0,1.0,844.0,1.0,643.0,1.0,203.0,0.0
2023-03-20 15:27:10.408000+00:00,115.0,0.0,852.0,2.0,649.0,0.0,205.0,1.0
2023-03-20 15:27:15.408000+00:00,115.0,0.0,853.0,0.0,650.0,0.0,206.0,0.0
2023-03-20 15:27:20.408000+00:00,115.0,0.0,861.0,0.0,656.0,1.0,207.0,0.0
2023-03-20 15:27:25.408000+00:00,118.0,1.0,865.0,0.0,659.0,1.0,208.0,1.0
2023-03-20 15:27:30.408000+00:00,118.0,0.0,878.0,4.0,669.0,2.0,211.0,2.0
2023-03-20 15:27:35.408000+00:00,120.0,1.0,879.0,0.0,670.0,0.0,211.0,0.0
2023-03-20 15:27:40.408000+00:00,123.0,0.0,889.0,0.0,678.0,0.0,214.0,0.0
2023-03-20 15:27:45.408000+00:00,124.0,0.0,893.0,0.0,681.0,0.0,214.0,0.0
2023-03-20 15:27:50.408000+00:00,126.0,1.0,907.0,4.0,692.0,3.0,217.0,1.0
2023-03-20 15:27:55.408000+00:00,127.0,0.0,925.0,2.0,706.0,2.0,221.0,1.0
2023-03-20 15:28:00.408000+00:00,130.0,0.0,926.0,0.0,707.0,0.0,221.0,0.0
2023-03-20 15:28:05.408000+00:00,131.0,0.0,935.0,6.0,714.0,1.0,223.0,1.0
2023-03-20 15:28:10.408000+00:00,133.0,1.0,943.0,1.0,720.0,0.0,225.0,1.0
2023-03-20 15:28:15.408000+00:00,134.0,0.0,947.0,0.0,723.0,1.0,227.0,0.0
2023-03-20 15:28:20.408000+00:00,135.0,0.0,959.0,2.0,732.0,1.0,230.0,1.0
2023-03-20 15:28:25.408000+00:00,138.0,0.0,973.0,1.0,743.0,2.0,233.0,1.0
2023-03-20 15:28:30.408000+00:00,141.0,1.0,987.0,2.0,754.0,3.0,235.0,0.0
2023-03-20 15:28:35.408000+00:00,142.0,0.0,988.0,0.0,755.0,0.0,236.0,0.0
2023-03-20 15:28:40.408000+00:00,144.0,1.0,1005.0,3.0,768.0,3.0,239.0,2.0
2023-03-20 15:28:45.408000+00:00,145.0,0.0,1010.0,0.0,772.0,0.0,240.0,0.0
2023-03-20 15:28:50.408000+00:00,147.0,0.0,1021.0,2.0,781.0,2.0,242.0,0.0
2023-03-20 15:28:55.408000+00:00,148.0,0.0,1021.0,0.0,781.0,0.0,242.0,0.0
2023-03-20 15:29:00.408000+00:00,148.0,0.0,1026.0,1.0,785.0,0.0,243.0,1.0
2023-03-20 15:29:05.408000+00:00,149.0,1.0,1026.0,0.0,785.0,0.0,243.0,0.0
2023-03-20 15:29:10.408000+00:00,149.0,0.0,1026.0,0.0,785.0,0.0,244.0,1.0
2023-03-20 15:29:15.408000+00:00,150.0,0.0,1030.0,2.0,788.0,1.0,244.0,0.0
2023-03-20 15:29:20.408000+00:00,150.0,0.0,1034.0,1.0,791.0,0.0,245.0,0.0
2023-03-20 15:29:25.408000+00:00,151.0,0.0,1039.0,0.0,795.0,1.0,246.0,0.0
2023-03-20 15:29:30.408000+00:00,153.0,0.0,1052.0,0.0,805.0,2.0,249.0,0.0
2023-03-20 15:29:35.408000+00:00,153.0,0.0,1053.0,1.0,806.0,0.0,249.0,0.0
2023-03-20 15:29:40.408000+00:00,156.0,0.0,1061.0,0.0,812.0,1.0,251.0,0.0
2023-03-20 15:29:45.408000+00:00,156.0,0.0,1066.0,0.0,816.0,0.0,253.0,1.0
2023-03-20 15:29:50.408000+00:00,157.0,0.0,1070.0,1.0,819.0,0.0,253.0,0.0
2023-03-20 15:29:55.408000+00:00,157.0,0.0,1079.0,1.0,826.0,1.0,255.0,1.0
2023-03-20 15:30:00.408000+00:00,158.0,0.0,1079.0,0.0,826.0,0.0,255.0,0.0
2023-03-20 15:30:05.408000+00:00,159.0,0.0,1086.0,0.0,831.0,0.0,257.0,0.0
2023-03-20 15:30:10.408000+00:00,160.0,0.0,1095.0,0.0,838.0,1.0,259.0,0.0
2023-03-20 15:30:15.408000+00:00,160.0,0.0,1109.0,0.0,849.0,1.0,263.0,0.0
2023-03-20 15:30:20.408000+00:00,164.0,1.0,1130.0,1.0,865.0,2.0,269.0,2.0
2023-03-20 15:30:25.408000+00:00,166.0,0.0,1143.0,3.0,875.0,2.0,270.0,0.0
2023-03-20 15:30:30.408000+00:00,168.0,0.0,1152.0,0.0,882.0,2.0,273.0,2.0
2023-03-20 15:30:35.408000+00:00,171.0,0.0,1168.0,1.0,894.0,2.0,276.0,1.0
2023-03-20 15:30:40.408000+00:00,173.0,0.0,1174.0,1.0,899.0,1.0,278.0,1.0
2023-03-20 15:30:45.408000+00:00,175.0,1.0,1179.0,1.0,903.0,0.0,278.0,0.0
2023-03-20 15:30:50.408000+00:00,175.0,0.0,1182.0,0.0,905.0,0.0,279.0,1.0
2023-03-20 15:30:55.408000+00:00,176.0,0.0,1183.0,0.0,906.0,0.0,279.0,0.0
2023-03-20 15:31:00.408000+00:00,177.0,0.0,1192.0,1.0,913.0,4.0,281.0,0.0
2023-03-20 15:31:05.408000+00:00,178.0,1.0,1192.0,0.0,913.0,0.0,282.0,0.0
2023-03-20 15:31:10.408000+00:00,178.0,0.0,1196.0,0.0,916.0,1.0,282.0,0.0
2023-03-20 15:31:15.408000+00:00,179.0,0.0,1204.0,0.0,922.0,0.0,284.0,0.0
2023-03-20 15:31:20.408000+00:00,181.0,0.0,1209.0,1.0,926.0,0.0,285.0,1.0
2023-03-20 15:31:25.408000+00:00,182.0,1.0,1214.0,1.0,930.0,0.0,286.0,0.0
2023-03-20 15:31:30.408000+00:00,183.0,0.0,1219.0,0.0,933.0,2.0,287.0,0.0
2023-03-20 15:31:35.408000+00:00,183.0,0.0,1219.0,0.0,933.0,0.0,287.0,0.0
2023-03-20 15:31:40.408000+00:00,183.0,0.0,1228.0,0.0,940.0,0.0,290.0,1.0
2023-03-20 15:31:45.408000+00:00,186.0,1.0,1237.0,0.0,947.0,0.0,292.0,0.0
2023-03-20 15:31:50.408000+00:00,187.0,1.0,1241.0,0.0,950.0,0.0,292.0,0.0
2023-03-20 15:31:55.408000+00:00,187.0,0.0,1250.0,1.0,957.0,0.0,294.0,1.0
2023-03-20 15:32:00.408000+00:00,190.0,0.0,1260.0,1.0,965.0,0.0,296.0,0.0
2023-03-20 15:32:05.408000+00:00,191.0,1.0,1269.0,1.0,972.0,0.0,299.0,0.0
2023-03-20 15:32:10.408000+00:00,194.0,1.0,1284.0,3.0,984.0,2.0,301.0,0.0
2023-03-20 15:32:15.408000+00:00,198.0,0.0,1293.0,1.0,991.0,1.0,304.0,0.0
2023-03-20 15:32:20.408000+00:00,200.0,0.0,1306.0,0.0,1001.0,1.0,307.0,0.0
2023-03-20 15:32:25.408000+00:00,200.0,0.0,1323.0,1.0,1014.0,3.0,311.0,1.0
2023-03-20 15:32:30.408000+00:00,203.0,1.0,1329.0,0.0,1019.0,0.0,311.0,0.0
2023-03-20 15:32:35.408000+00:00,203.0,0.0,1340.0,2.0,1027.0,2.0,314.0,0.0
2023-03-20 15:32:40.408000+00:00,206.0,0.0,1349.0,1.0,1034.0,1.0,316.0,0.0
2023-03-20 15:32:45.408000+00:00,207.0,0.0,1349.0,0.0,1034.0,0.0,316.0,0.0
2023-03-20 15:32:50.408000+00:00,208.0,0.0,1354.0,1.0,1038.0,1.0,317.0,0.0
2023-03-20 15:32:55.408000+00:00,208.0,0.0,1354.0,0.0,1038.0,0.0,318.0,0.0
2023-03-20 15:33:00.408000+00:00,209.0,0.0,1359.0,0.0,1042.0,0.0,318.0,0.0
2023-03-20 15:33:05.408000+00:00,209.0,0.0,1359.0,0.0,1042.0,0.0,318.0,0.0
2023-03-20 15:33:10.408000+00:00,210.0,0.0,1364.0,1.0,1046.0,0.0,319.0,0.0
2023-03-20 15:33:15.408000+00:00,210.0,0.0,1371.0,1.0,1051.0,0.0,321.0,0.0
2023-03-20 15:33:20.408000+00:00,211.0,0.0,1377.0,0.0,1056.0,2.0,323.0,0.0
2023-03-20 15:33:25.408000+00:00,213.0,1.0,1382.0,0.0,1060.0,0.0,323.0,0.0
2023-03-20 15:33:30.408000+00:00,214.0,0.0,1386.0,1.0,1063.0,0.0,324.0,0.0
2023-03-20 15:33:35.408000+00:00,214.0,0.0,1391.0,3.0,1067.0,1.0,325.0,0.0
2023-03-20 15:33:40.408000+00:00,215.0,0.0,1400.0,1.0,1074.0,1.0,328.0,0.0
2023-03-20 15:33:45.408000+00:00,219.0,0.0,1409.0,1.0,1081.0,1.0,329.0,0.0
2023-03-20 15:33:50.408000+00:00,219.0,0.0,1416.0,0.0,1086.0,0.0,332.0,0.0
2023-03-20 15:33:55.408000+00:00,221.0,1.0,1429.0,1.0,1096.0,1.0,335.0,0.0
2023-03-20 15:34:00.408000+00:00,223.0,1.0,1434.0,0.0,1100.0,1.0,335.0,0.0
2023-03-20 15:34:05.408000+00:00,223.0,0.0,1434.0,0.0,1100.0,0.0,336.0,1.0
2023-03-20 15:34:10.408000+00:00,225.0,0.0,1443.0,0.0,1107.0,0.0,337.0,0.0
2023-03-20 15:34:15.408000+00:00,225.0,0.0,1447.0,0.0,1110.0,0.0,339.0,0.0
2023-03-20 15:34:20.408000+00:00,225.0,0.0,1464.0,2.0,1123.0,1.0,342.0,2.0
2023-03-20 15:34:25.408000+00:00,227.0,1.0,1469.0,1.0,1127.0,0.0,343.0,0.0
2023-03-20 15:34:30.408000+00:00,229.0,0.0,1474.0,0.0,1131.0,2.0,345.0,0.0
2023-03-20 15:34:35.408000+00:00,230.0,1.0,1491.0,1.0,1143.0,2.0,349.0,0.0
2023-03-20 15:34:40.408000+00:00,233.0,1.0,1501.0,0.0,1151.0,2.0,351.0,1.0
2023-03-20 15:34:45.408000+00:00,234.0,0.0,1515.0,0.0,1162.0,0.0,354.0,0.0
2023-03-20 15:34:50.408000+00:00,238.0,0.0,1520.0,0.0,1166.0,0.0,356.0,0.0
2023-03-20 15:34:55.408000+00:00,240.0,0.0,1532.0,0.0,1175.0,1.0,357.0,1.0
2023-03-20 15:35:00.408000+00:00,241.0,0.0,1536.0,0.0,1178.0,1.0,358.0,0.0
2023-03-20 15:35:05.408000+00:00,242.0,0.0,1537.0,0.0,1179.0,0.0,358.0,0.0
2023-03-20 15:35:10.408000+00:00,242.0,0.0,1537.0,0.0,1179.0,0.0,358.0,0.0
2023-03-20 15:35:15.408000+00:00,243.0,0.0,1547.0,1.0,1187.0,2.0,360.0,0.0
2023-03-20 15:35:20.408000+00:00,245.0,1.0,1552.0,0.0,1191.0,2.0,361.0,0.0
2023-03-20 15:35:25.408000+00:00,245.0,0.0,1552.0,0.0,1191.0,0.0,361.0,0.0
2023-03-20 15:35:30.408000+00:00,245.0,0.0,1552.0,0.0,1191.0,0.0,361.0,0.0
2023-03-20 15:35:35.408000+00:00,245.0,0.0,1556.0,0.0,1194.0,1.0,362.0,0.0
2023-03-20 15:35:40.408000+00:00,245.0,0.0,1556.0,0.0,1194.0,0.0,362.0,0.0
2023-03-20 15:35:45.408000+00:00,245.0,0.0,1556.0,0.0,1194.0,0.0,362.0,0.0
2023-03-20 15:35:50.408000+00:00,246.0,0.0,1560.0,0.0,1197.0,0.0,363.0,0.0
2023-03-20 15:35:55.408000+00:00,246.0,0.0,1564.0,0.0,1200.0,0.0,364.0,0.0
2023-03-20 15:36:00.408000+00:00,246.0,0.0,1565.0,0.0,1201.0,0.0,364.0,0.0
2023-03-20 15:36:05.408000+00:00,247.0,0.0,1569.0,1.0,1204.0,0.0,365.0,0.0
2023-03-20 15:36:10.408000+00:00,247.0,0.0,1569.0,0.0,1204.0,0.0,365.0,0.0
2023-03-20 15:36:15.408000+00:00,247.0,0.0,1574.0,1.0,1208.0,0.0,366.0,0.0
2023-03-20 15:36:20.408000+00:00,248.0,0.0,1577.0,0.0,1210.0,0.0,368.0,1.0
2023-03-20 15:36:25.408000+00:00,250.0,0.0,1598.0,1.0,1227.0,0.0,372.0,0.0
2023-03-20 15:36:30.408000+00:00,251.0,0.0,1615.0,2.0,1240.0,4.0,377.0,0.0
2023-03-20 15:36:35.408000+00:00,253.0,0.0,1632.0,0.0,1253.0,5.0,380.0,0.0
2023-03-20 15:36:40.408000+00:00,256.0,1.0,1637.0,0.0,1257.0,1.0,381.0,0.0
2023-03-20 15:36:45.408000+00:00,258.0,0.0,1655.0,2.0,1271.0,2.0,384.0,0.0
2023-03-20 15:36:50.408000+00:00,260.0,0.0,1660.0,2.0,1275.0,0.0,385.0,0.0
2023-03-20 15:36:55.408000+00:00,261.0,1.0,1674.0,2.0,1286.0,4.0,388.0,0.0
2023-03-20 15:37:00.408000+00:00,263.0,0.0,1679.0,3.0,1290.0,0.0,389.0,0.0
2023-03-20 15:37:05.408000+00:00,265.0,0.0,1697.0,6.0,1304.0,1.0,393.0,0.0
2023-03-20 15:37:10.408000+00:00,267.0,0.0,1697.0,0.0,1304.0,0.0,393.0,0.0
2023-03-20 15:37:15.408000+00:00,268.0,0.0,1710.0,3.0,1314.0,0.0,396.0,0.0
2023-03-20 15:37:20.408000+00:00,270.0,0.0,1716.0,2.0,1319.0,0.0,397.0,0.0
2023-03-20 15:37:25.408000+00:00,270.0,0.0,1721.0,0.0,1323.0,2.0,399.0,0.0
2023-03-20 15:37:30.408000+00:00,272.0,0.0,1726.0,1.0,1327.0,1.0,399.0,0.0
2023-03-20 15:37:35.408000+00:00,272.0,0.0,1726.0,0.0,1327.0,0.0,399.0,0.0
2023-03-20 15:37:40.408000+00:00,272.0,0.0,1730.0,0.0,1330.0,0.0,400.0,0.0
2023-03-20 15:37:45.408000+00:00,272.0,0.0,1730.0,0.0,1330.0,0.0,400.0,0.0
2023-03-20 15:37:50.408000+00:00,272.0,0.0,1735.0,0.0,1334.0,0.0,401.0,0.0
2023-03-20 15:37:55.408000+00:00,273.0,1.0,1740.0,3.0,1338.0,0.0,402.0,0.0
2023-03-20 15:38:00.408000+00:00,274.0,0.0,1740.0,0.0,1338.0,0.0,403.0,0.0
2023-03-20 15:38:05.408000+00:00,276.0,0.0,1753.0,1.0,1348.0,0.0,406.0,0.0
2023-03-20 15:38:10.408000+00:00,280.0,0.0,1772.0,6.0,1363.0,2.0,409.0,0.0
2023-03-20 15:38:15.408000+00:00,281.0,0.0,1777.0,1.0,1367.0,1.0,412.0,0.0
2023-03-20 15:38:20.408000+00:00,282.0,0.0,1792.0,0.0,1379.0,1.0,414.0,0.0
2023-03-20 15:38:25.408000+00:00,282.0,0.0,1799.0,1.0,1384.0,0.0,416.0,0.0
2023-03-20 15:38:30.408000+00:00,283.0,0.0,1823.0,3.0,1403.0,3.0,420.0,0.0
2023-03-20 15:38:35.408000+00:00,285.0,0.0,1827.0,2.0,1406.0,0.0,421.0,1.0
2023-03-20 15:38:40.408000+00:00,288.0,0.0,1832.0,0.0,1410.0,1.0,422.0,0.0
2023-03-20 15:38:45.408000+00:00,289.0,0.0,1845.0,4.0,1420.0,3.0,426.0,2.0
2023-03-20 15:38:50.408000+00:00,291.0,1.0,1860.0,2.0,1432.0,1.0,429.0,0.0
2023-03-20 15:38:55.408000+00:00,292.0,0.0,1875.0,2.0,1443.0,2.0,434.0,0.0
2023-03-20 15:39:00.408000+00:00,293.0,0.0,1898.0,0.0,1462.0,1.0,438.0,0.0
2023-03-20 15:39:05.408000+00:00,295.0,1.0,1916.0,5.0,1476.0,0.0,441.0,0.0
2023-03-20 15:39:10.408000+00:00,297.0,1.0,1925.0,0.0,1483.0,1.0,443.0,1.0
2023-03-20 15:39:15.408000+00:00,299.0,0.0,1934.0,2.0,1490.0,0.0,444.0,0.0
2023-03-20 15:39:20.408000+00:00,301.0,0.0,1935.0,0.0,1491.0,0.0,445.0,0.0
2023-03-20 15:39:25.408000+00:00,303.0,1.0,1949.0,1.0,1502.0,2.0,447.0,0.0
2023-03-20 15:39:30.408000+00:00,306.0,1.0,1949.0,0.0,1502.0,0.0,447.0,0.0
2023-03-20 15:39:35.408000+00:00,307.0,0.0,1949.0,0.0,1502.0,0.0,448.0,0.0
2023-03-20 15:39:40.408000+00:00,308.0,0.0,1953.0,0.0,1505.0,0.0,448.0,0.0
2023-03-20 15:39:45.408000+00:00,311.0,0.0,1953.0,0.0,1505.0,0.0,448.0,0.0
2023-03-20 15:39:50.408000+00:00,314.0,1.0,1953.0,0.0,1505.0,0.0,449.0,0.0
2023-03-20 15:39:55.408000+00:00,315.0,0.0,1957.0,0.0,1508.0,0.0,449.0,0.0
2023-03-20 15:40:00.408000+00:00,315.0,0.0,1957.0,0.0,1508.0,0.0,452.0,1.0
2023-03-20 15:40:05.408000+00:00,316.0,0.0,1973.0,2.0,1520.0,0.0,453.0,0.0
2023-03-20 15:40:10.410000+00:00,317.0,1.0,1974.0,0.0,1521.0,0.0,453.0,0.0
2023-03-20 15:40:15.408000+00:00,317.0,0.0,1985.0,2.0,1529.0,2.0,457.0,0.0
2023-03-20 15:40:20.408000+00:00,320.0,0.0,2000.0,0.0,1541.0,2.0,459.0,0.0
2023-03-20 15:40:25.408000+00:00,323.0,1.0,2000.0,0.0,1541.0,0.0,459.0,0.0
2023-03-20 15:40:30.408000+00:00,323.0,0.0,2000.0,0.0,1541.0,0.0,459.0,0.0
2023-03-20 15:40:35.408000+00:00,323.0,0.0,2000.0,0.0,1541.0,0.0,459.0,0.0
2023-03-20 15:40:40.408000+00:00,323.0,0.0,2008.0,0.0,1547.0,2.0,463.0,1.0
2023-03-20 15:40:45.408000+00:00,325.0,2.0,2022.0,3.0,1558.0,1.0,466.0,1.0
2023-03-20 15:40:50.408000+00:00,326.0,0.0,2038.0,2.0,1570.0,0.0,469.0,0.0
2023-03-20 15:40:55.408000+00:00,329.0,0.0,2050.0,1.0,1580.0,2.0,471.0,0.0
2023-03-20 15:41:00.408000+00:00,333.0,1.0,2060.0,1.0,1588.0,1.0,472.0,0.0
2023-03-20 15:41:05.408000+00:00,333.0,0.0,2070.0,2.0,1596.0,0.0,474.0,0.0
2023-03-20 15:41:10.408000+00:00,335.0,0.0,2070.0,0.0,1596.0,0.0,474.0,0.0
2023-03-20 15:41:15.408000+00:00,335.0,0.0,2075.0,0.0,1600.0,0.0,476.0,1.0
2023-03-20 15:41:20.408000+00:00,337.0,0.0,2084.0,1.0,1607.0,0.0,477.0,0.0
2023-03-20 15:41:25.408000+00:00,337.0,0.0,2092.0,1.0,1613.0,3.0,479.0,0.0
2023-03-20 15:41:30.408000+00:00,338.0,0.0,2102.0,1.0,1621.0,0.0,481.0,1.0
2023-03-20 15:41:35.408000+00:00,341.0,0.0,2107.0,0.0,1625.0,0.0,482.0,0.0
2023-03-20 15:41:40.408000+00:00,343.0,0.0,2121.0,1.0,1636.0,7.0,485.0,1.0
2023-03-20 15:41:45.408000+00:00,345.0,0.0,2130.0,2.0,1643.0,0.0,487.0,1.0
2023-03-20 15:41:50.408000+00:00,346.0,0.0,2136.0,0.0,1648.0,1.0,488.0,0.0
2023-03-20 15:41:55.408000+00:00,347.0,0.0,2136.0,0.0,1648.0,0.0,490.0,0.0
2023-03-20 15:42:00.408000+00:00,348.0,0.0,2144.0,3.0,1654.0,0.0,491.0,0.0
2023-03-20 15:42:05.408000+00:00,349.0,0.0,2149.0,0.0,1658.0,1.0,491.0,0.0
2023-03-20 15:42:10.408000+00:00,350.0,0.0,2161.0,1.0,1667.0,1.0,494.0,0.0
2023-03-20 15:42:15.408000+00:00,352.0,0.0,2170.0,0.0,1674.0,2.0,496.0,0.0
2023-03-20 15:42:20.408000+00:00,353.0,0.0,2171.0,0.0,1675.0,0.0,496.0,0.0
2023-03-20 15:42:25.408000+00:00,353.0,0.0,2171.0,0.0,1675.0,0.0,497.0,0.0
2023-03-20 15:42:30.408000+00:00,356.0,0.0,2198.0,5.0,1696.0,3.0,502.0,1.0
2023-03-20 15:42:35.408000+00:00,359.0,0.0,2203.0,1.0,1700.0,0.0,503.0,0.0
2023-03-20 15:42:40.408000+00:00,359.0,0.0,2206.0,1.0,1702.0,0.0,504.0,0.0
2023-03-20 15:42:45.408000+00:00,360.0,0.0,2211.0,1.0,1706.0,0.0,506.0,0.0
2023-03-20 15:42:50.408000+00:00,361.0,0.0,2216.0,0.0,1710.0,1.0,506.0,0.0
2023-03-20 15:42:55.408000+00:00,362.0,0.0,2225.0,2.0,1717.0,1.0,508.0,1.0
2023-03-20 15:43:00.408000+00:00,363.0,1.0,2244.0,2.0,1732.0,0.0,512.0,0.0
2023-03-20 15:43:05.408000+00:00,366.0,0.0,2251.0,1.0,1737.0,1.0,514.0,1.0
2023-03-20 15:43:10.408000+00:00,366.0,0.0,2263.0,1.0,1747.0,2.0,516.0,0.0
2023-03-20 15:43:15.408000+00:00,367.0,0.0,2271.0,0.0,1753.0,0.0,519.0,0.0
2023-03-20 15:43:20.408000+00:00,367.0,0.0,2292.0,2.0,1769.0,2.0,523.0,0.0
2023-03-20 15:43:25.408000+00:00,367.0,0.0,2298.0,0.0,1774.0,0.0,524.0,0.0
2023-03-20 15:43:30.408000+00:00,367.0,0.0,2298.0,0.0,1774.0,0.0,524.0,0.0
2023-03-20 15:43:35.408000+00:00,367.0,0.0,2311.0,3.0,1784.0,3.0,527.0,0.0
2023-03-20 15:43:40.408000+00:00,369.0,0.0,2311.0,0.0,1784.0,0.0,529.0,1.0
2023-03-20 15:43:45.408000+00:00,371.0,0.0,2326.0,1.0,1796.0,3.0,532.0,1.0
2023-03-20 15:43:50.408000+00:00,375.0,0.0,2349.0,3.0,1814.0,2.0,535.0,0.0
2023-03-20 15:43:55.408000+00:00,377.0,0.0,2354.0,0.0,1818.0,1.0,536.0,1.0
2023-03-20 15:44:00.408000+00:00,381.0,0.0,2360.0,0.0,1823.0,1.0,537.0,0.0
2023-03-20 15:44:05.408000+00:00,386.0,2.0,2360.0,0.0,1823.0,0.0,537.0,0.0
2023-03-20 15:44:10.408000+00:00,389.0,1.0,2365.0,0.0,1827.0,1.0,539.0,0.0
2023-03-20 15:44:15.408000+00:00,390.0,0.0,2376.0,1.0,1835.0,1.0,541.0,1.0
2023-03-20 15:44:20.408000+00:00,392.0,0.0,2382.0,2.0,1840.0,0.0,544.0,0.0
2023-03-20 15:44:25.408000+00:00,394.0,0.0,2395.0,2.0,1850.0,2.0,545.0,1.0
2023-03-20 15:44:30.408000+00:00,394.0,0.0,2408.0,2.0,1860.0,1.0,549.0,1.0
2023-03-20 15:44:35.408000+00:00,396.0,1.0,2419.0,0.0,1869.0,0.0,550.0,1.0
2023-03-20 15:44:40.408000+00:00,398.0,0.0,2428.0,2.0,1876.0,1.0,552.0,0.0
2023-03-20 15:44:45.408000+00:00,400.0,0.0,2437.0,2.0,1883.0,1.0,554.0,0.0
2023-03-20 15:44:50.408000+00:00,403.0,0.0,2442.0,1.0,1887.0,0.0,555.0,0.0
2023-03-20 15:44:55.408000+00:00,404.0,0.0,2442.0,0.0,1887.0,0.0,555.0,0.0
2023-03-20 15:45:00.408000+00:00,405.0,0.0,2450.0,2.0,1893.0,0.0,557.0,0.0
2023-03-20 15:45:05.408000+00:00,405.0,0.0,2453.0,0.0,1895.0,0.0,559.0,1.0
2023-03-20 15:45:10.408000+00:00,406.0,0.0,2474.0,3.0,1911.0,1.0,563.0,0.0
2023-03-20 15:45:15.408000+00:00,408.0,0.0,2485.0,2.0,1920.0,0.0,565.0,1.0
2023-03-20 15:45:20.408000+00:00,410.0,0.0,2485.0,0.0,1920.0,0.0,565.0,0.0
2023-03-20 15:45:25.408000+00:00,411.0,0.0,2485.0,0.0,1920.0,0.0,565.0,0.0
2023-03-20 15:45:30.408000+00:00,411.0,0.0,2495.0,1.0,1928.0,2.0,567.0,0.0
2023-03-20 15:45:35.408000+00:00,413.0,1.0,2495.0,0.0,1928.0,0.0,567.0,0.0
2023-03-20 15:45:40.408000+00:00,413.0,0.0,2513.0,1.0,1942.0,1.0,571.0,2.0
2023-03-20 15:45:45.408000+00:00,414.0,0.0,2529.0,1.0,1954.0,0.0,575.0,0.0
2023-03-20 15:45:50.408000+00:00,416.0,0.0,2530.0,0.0,1955.0,0.0,575.0,0.0
2023-03-20 15:45:55.408000+00:00,418.0,1.0,2534.0,0.0,1958.0,0.0,577.0,0.0
2023-03-20 15:46:00.408000+00:00,421.0,1.0,2548.0,3.0,1969.0,1.0,581.0,1.0
2023-03-20 15:46:05.408000+00:00,424.0,1.0,2556.0,1.0,1975.0,1.0,581.0,0.0
2023-03-20 15:46:10.408000+00:00,424.0,0.0,2556.0,0.0,1975.0,0.0,581.0,0.0
2023-03-20 15:46:15.408000+00:00,424.0,0.0,2563.0,0.0,1980.0,1.0,584.0,0.0
2023-03-20 15:46:20.408000+00:00,424.0,0.0,2583.0,3.0,1995.0,1.0,588.0,1.0
2023-03-20 15:46:25.408000+00:00,426.0,1.0,2604.0,3.0,2011.0,2.0,594.0,1.0
2023-03-20 15:46:30.408000+00:00,427.0,0.0,2613.0,1.0,2018.0,1.0,595.0,0.0
2023-03-20 15:46:35.408000+00:00,429.0,0.0,2622.0,1.0,2025.0,0.0,597.0,0.0
2023-03-20 15:46:40.408000+00:00,431.0,0.0,2632.0,2.0,2033.0,1.0,599.0,0.0
2023-03-20 15:46:45.408000+00:00,432.0,0.0,2637.0,0.0,2037.0,1.0,600.0,0.0
2023-03-20 15:46:50.408000+00:00,435.0,0.0,2646.0,3.0,2044.0,0.0,602.0,0.0
2023-03-20 15:46:55.408000+00:00,438.0,0.0,2646.0,0.0,2044.0,0.0,602.0,0.0
2023-03-20 15:47:00.408000+00:00,439.0,0.0,2651.0,0.0,2048.0,0.0,603.0,0.0
2023-03-20 15:47:05.408000+00:00,439.0,0.0,2655.0,1.0,2051.0,0.0,604.0,0.0
2023-03-20 15:47:10.408000+00:00,440.0,0.0,2666.0,2.0,2060.0,1.0,607.0,0.0
2023-03-20 15:47:15.408000+00:00,442.0,0.0,2674.0,1.0,2066.0,1.0,608.0,0.0
2023-03-20 15:47:20.408000+00:00,443.0,0.0,2675.0,0.0,2067.0,1.0,608.0,0.0
2023-03-20 15:47:25.408000+00:00,444.0,0.0,2675.0,0.0,2067.0,0.0,608.0,0.0
2023-03-20 15:47:30.408000+00:00,445.0,0.0,2679.0,0.0,2070.0,1.0,609.0,0.0
2023-03-20 15:47:35.408000+00:00,445.0,0.0,2684.0,0.0,2074.0,1.0,612.0,1.0
2023-03-20 15:47:40.408000+00:00,447.0,0.0,2692.0,1.0,2080.0,0.0,612.0,0.0
2023-03-20 15:47:45.408000+00:00,448.0,0.0,2697.0,1.0,2084.0,0.0,613.0,1.0
2023-03-20 15:47:50.408000+00:00,449.0,0.0,2705.0,1.0,2090.0,0.0,615.0,1.0
2023-03-20 15:47:55.408000+00:00,449.0,0.0,2708.0,1.0,2092.0,0.0,616.0,0.0
2023-03-20 15:48:00.408000+00:00,449.0,0.0,2711.0,0.0,2094.0,0.0,617.0,0.0
2023-03-20 15:48:05.408000+00:00,450.0,0.0,2722.0,1.0,2103.0,1.0,620.0,0.0
2023-03-20 15:48:10.408000+00:00,452.0,0.0,2732.0,4.0,2111.0,0.0,621.0,0.0
2023-03-20 15:48:15.408000+00:00,454.0,0.0,2736.0,0.0,2114.0,0.0,622.0,0.0
2023-03-20 15:48:20.408000+00:00,456.0,0.0,2750.0,1.0,2125.0,1.0,625.0,0.0
2023-03-20 15:48:25.408000+00:00,458.0,0.0,2755.0,0.0,2129.0,2.0,627.0,0.0
2023-03-20 15:48:30.408000+00:00,460.0,1.0,2772.0,3.0,2142.0,1.0,630.0,0.0
2023-03-20 15:48:35.408000+00:00,462.0,0.0,2775.0,2.0,2145.0,0.0,630.0,0.0
2023-03-20 15:48:40.408000+00:00,463.0,1.0,2779.0,1.0,2148.0,0.0,632.0,0.0
2023-03-20 15:48:45.408000+00:00,464.0,0.0,2789.0,1.0,2156.0,1.0,633.0,0.0
2023-03-20 15:48:50.408000+00:00,466.0,0.0,2799.0,0.0,2164.0,2.0,635.0,0.0
2023-03-20 15:48:55.408000+00:00,468.0,2.0,2811.0,4.0,2173.0,1.0,638.0,0.0
2023-03-20 15:49:00.408000+00:00,469.0,1.0,2812.0,0.0,2174.0,0.0,638.0,0.0
2023-03-20 15:49:05.408000+00:00,469.0,0.0,2820.0,0.0,2180.0,1.0,640.0,0.0
2023-03-20 15:49:10.408000+00:00,473.0,0.0,2835.0,0.0,2191.0,1.0,645.0,1.0
2023-03-20 15:49:15.408000+00:00,473.0,0.0,2846.0,0.0,2200.0,1.0,646.0,1.0
2023-03-20 15:49:20.408000+00:00,474.0,0.0,2849.0,1.0,2202.0,0.0,647.0,0.0
2023-03-20 15:49:25.408000+00:00,475.0,0.0,2850.0,0.0,2203.0,0.0,647.0,0.0
2023-03-20 15:49:30.408000+00:00,477.0,0.0,2850.0,0.0,2203.0,0.0,647.0,0.0
2023-03-20 15:49:35.408000+00:00,477.0,0.0,2850.0,0.0,2203.0,0.0,647.0,0.0
2023-03-20 15:49:40.408000+00:00,477.0,0.0,2854.0,0.0,2206.0,0.0,648.0,0.0
2023-03-20 15:49:45.408000+00:00,478.0,0.0,2856.0,0.0,2208.0,1.0,649.0,0.0
2023-03-20 15:49:50.408000+00:00,479.0,0.0,2868.0,2.0,2217.0,3.0,651.0,0.0
2023-03-20 15:49:55.408000+00:00,482.0,1.0,2882.0,1.0,2228.0,2.0,655.0,1.0
2023-03-20 15:50:00.408000+00:00,483.0,0.0,2887.0,0.0,2232.0,1.0,655.0,0.0
2023-03-20 15:50:05.408000+00:00,484.0,0.0,2895.0,0.0,2238.0,1.0,657.0,0.0
2023-03-20 15:50:10.408000+00:00,486.0,0.0,2909.0,1.0,2249.0,1.0,662.0,2.0
2023-03-20 15:50:15.408000+00:00,488.0,0.0,2921.0,2.0,2258.0,0.0,663.0,0.0
2023-03-20 15:50:20.408000+00:00,488.0,0.0,2931.0,0.0,2266.0,1.0,665.0,0.0
2023-03-20 15:50:25.408000+00:00,490.0,0.0,2931.0,0.0,2266.0,0.0,665.0,0.0
2023-03-20 15:50:30.408000+00:00,491.0,0.0,2940.0,2.0,2273.0,2.0,667.0,0.0
2023-03-20 15:50:35.408000+00:00,492.0,0.0,2941.0,0.0,2274.0,0.0,668.0,0.0
2023-03-20 15:50:40.408000+00:00,492.0,0.0,2968.0,5.0,2295.0,2.0,673.0,1.0
2023-03-20 15:50:45.408000+00:00,492.0,0.0,2970.0,0.0,2297.0,0.0,673.0,0.0
2023-03-20 15:50:50.408000+00:00,493.0,0.0,2977.0,1.0,2302.0,1.0,675.0,0.0
2023-03-20 15:50:55.408000+00:00,495.0,0.0,2986.0,2.0,2309.0,1.0,677.0,1.0
2023-03-20 15:51:00.408000+00:00,498.0,0.0,2991.0,0.0,2313.0,0.0,679.0,1.0
2023-03-20 15:51:05.408000+00:00,501.0,1.0,3001.0,1.0,2321.0,0.0,680.0,0.0
2023-03-20 15:51:10.408000+00:00,504.0,0.0,3011.0,0.0,2329.0,1.0,682.0,1.0
2023-03-20 15:51:15.408000+00:00,504.0,0.0,3025.0,4.0,2340.0,0.0,685.0,1.0
2023-03-20 15:51:20.408000+00:00,506.0,0.0,3026.0,0.0,2341.0,0.0,685.0,0.0
2023-03-20 15:51:25.410000+00:00,507.0,0.0,3031.0,1.0,2345.0,1.0,686.0,0.0
2023-03-20 15:51:30.408000+00:00,508.0,0.0,3031.0,0.0,2345.0,0.0,686.0,0.0
2023-03-20 15:51:35.408000+00:00,508.0,0.0,3031.0,0.0,2345.0,0.0,686.0,0.0
2023-03-20 15:51:40.408000+00:00,509.0,0.0,3036.0,1.0,2349.0,2.0,687.0,0.0
2023-03-20 15:51:45.408000+00:00,511.0,0.0,3045.0,2.0,2356.0,0.0,689.0,1.0
2023-03-20 15:51:50.408000+00:00,512.0,1.0,3050.0,2.0,2360.0,0.0,690.0,0.0
2023-03-20 15:51:55.408000+00:00,513.0,0.0,3059.0,0.0,2367.0,0.0,693.0,0.0
2023-03-20 15:52:00.408000+00:00,516.0,1.0,3078.0,1.0,2382.0,5.0,696.0,1.0
2023-03-20 15:52:05.408000+00:00,518.0,0.0,3088.0,0.0,2390.0,1.0,698.0,0.0
2023-03-20 15:52:10.408000+00:00,519.0,0.0,3092.0,1.0,2393.0,2.0,699.0,0.0
2023-03-20 15:52:15.408000+00:00,520.0,1.0,3097.0,0.0,2397.0,2.0,701.0,0.0
2023-03-20 15:52:20.408000+00:00,521.0,0.0,3106.0,0.0,2404.0,1.0,702.0,0.0
2023-03-20 15:52:25.408000+00:00,522.0,0.0,3109.0,0.0,2406.0,0.0,703.0,1.0
2023-03-20 15:52:30.408000+00:00,523.0,0.0,3118.0,1.0,2413.0,1.0,706.0,0.0
2023-03-20 15:52:35.408000+00:00,525.0,0.0,3122.0,0.0,2416.0,1.0,706.0,0.0
2023-03-20 15:52:40.408000+00:00,527.0,1.0,3133.0,0.0,2425.0,0.0,709.0,0.0
2023-03-20 15:52:45.408000+00:00,528.0,0.0,3147.0,0.0,2436.0,1.0,712.0,0.0
2023-03-20 15:52:50.408000+00:00,530.0,0.0,3151.0,0.0,2439.0,1.0,713.0,0.0
2023-03-20 15:52:55.408000+00:00,532.0,0.0,3160.0,1.0,2446.0,0.0,714.0,1.0
2023-03-20 15:53:00.408000+00:00,534.0,1.0,3169.0,2.0,2453.0,0.0,716.0,0.0
2023-03-20 15:53:05.408000+00:00,536.0,0.0,3183.0,3.0,2464.0,1.0,720.0,1.0
2023-03-20 15:53:10.408000+00:00,538.0,1.0,3192.0,2.0,2471.0,0.0,721.0,0.0
2023-03-20 15:53:15.408000+00:00,540.0,0.0,3196.0,0.0,2474.0,0.0,723.0,0.0
2023-03-20 15:53:20.408000+00:00,541.0,0.0,3209.0,3.0,2484.0,1.0,725.0,0.0
2023-03-20 15:53:25.408000+00:00,542.0,0.0,3210.0,0.0,2485.0,0.0,725.0,0.0
2023-03-20 15:53:30.408000+00:00,544.0,0.0,3215.0,2.0,2489.0,0.0,727.0,1.0
2023-03-20 15:53:35.408000+00:00,544.0,0.0,3218.0,0.0,2491.0,1.0,727.0,0.0
2023-03-20 15:53:40.408000+00:00,544.0,0.0,3222.0,0.0,2494.0,0.0,728.0,1.0
2023-03-20 15:53:45.408000+00:00,544.0,0.0,3227.0,1.0,2498.0,0.0,729.0,0.0
2023-03-20 15:53:50.408000+00:00,546.0,1.0,3235.0,1.0,2504.0,2.0,733.0,0.0
2023-03-20 15:53:55.408000+00:00,546.0,0.0,3245.0,2.0,2512.0,1.0,733.0,0.0
2023-03-20 15:54:00.408000+00:00,548.0,0.0,3248.0,0.0,2514.0,0.0,734.0,0.0
2023-03-20 15:54:05.408000+00:00,549.0,0.0,3253.0,0.0,2517.0,1.0,735.0,0.0
2023-03-20 15:54:10.408000+00:00,550.0,0.0,3253.0,0.0,2517.0,0.0,735.0,0.0
2023-03-20 15:54:15.408000+00:00,552.0,2.0,3262.0,2.0,2524.0,1.0,738.0,3.0
2023-03-20 15:54:20.408000+00:00,553.0,0.0,3275.0,0.0,2534.0,0.0,740.0,1.0
2023-03-20 15:54:25.408000+00:00,555.0,0.0,3284.0,0.0,2541.0,0.0,742.0,0.0
2023-03-20 15:54:30.408000+00:00,556.0,0.0,3284.0,0.0,2541.0,0.0,742.0,0.0
2023-03-20 15:54:35.408000+00:00,556.0,0.0,3284.0,0.0,2541.0,0.0,742.0,0.0
2023-03-20 15:54:40.408000+00:00,556.0,0.0,3284.0,0.0,2541.0,0.0,742.0,0.0
2023-03-20 15:54:45.408000+00:00,556.0,0.0,3288.0,0.0,2544.0,0.0,743.0,1.0
2023-03-20 15:54:50.408000+00:00,556.0,0.0,3293.0,1.0,2548.0,0.0,744.0,0.0
2023-03-20 15:54:55.408000+00:00,558.0,0.0,3298.0,1.0,2552.0,1.0,745.0,1.0
2023-03-20 15:55:00.408000+00:00,558.0,0.0,3298.0,0.0,2552.0,0.0,745.0,0.0
2023-03-20 15:55:05.408000+00:00,558.0,0.0,3298.0,0.0,2552.0,0.0,745.0,0.0
2023-03-20 15:55:10.408000+00:00,559.0,0.0,3307.0,0.0,2559.0,1.0,747.0,1.0
2023-03-20 15:55:15.408000+00:00,559.0,0.0,3307.0,0.0,2559.0,0.0,748.0,1.0
2023-03-20 15:55:20.408000+00:00,560.0,1.0,3316.0,1.0,2566.0,1.0,749.0,1.0
2023-03-20 15:55:25.408000+00:00,561.0,0.0,3319.0,1.0,2568.0,0.0,750.0,0.0
2023-03-20 15:55:30.408000+00:00,562.0,0.0,3334.0,2.0,2580.0,1.0,754.0,0.0
2023-03-20 15:55:35.408000+00:00,565.0,1.0,3359.0,3.0,2599.0,2.0,759.0,0.0
2023-03-20 15:55:40.408000+00:00,568.0,1.0,3367.0,2.0,2605.0,2.0,761.0,0.0
2023-03-20 15:55:45.408000+00:00,569.0,0.0,3368.0,1.0,2606.0,0.0,762.0,0.0
2023-03-20 15:55:50.408000+00:00,569.0,0.0,3385.0,0.0,2619.0,4.0,767.0,1.0
2023-03-20 15:55:55.408000+00:00,573.0,2.0,3397.0,2.0,2628.0,1.0,768.0,0.0
2023-03-20 15:56:00.408000+00:00,573.0,0.0,3397.0,0.0,2628.0,0.0,768.0,0.0
2023-03-20 15:56:05.408000+00:00,574.0,0.0,3402.0,1.0,2632.0,0.0,770.0,0.0
2023-03-20 15:56:10.408000+00:00,575.0,0.0,3415.0,3.0,2642.0,0.0,772.0,1.0
2023-03-20 15:56:15.408000+00:00,576.0,0.0,3425.0,1.0,2650.0,2.0,774.0,0.0
2023-03-20 15:56:20.408000+00:00,580.0,0.0,3434.0,1.0,2657.0,0.0,776.0,0.0
2023-03-20 15:56:25.408000+00:00,581.0,0.0,3439.0,2.0,2661.0,0.0,777.0,0.0
2023-03-20 15:56:30.408000+00:00,582.0,0.0,3439.0,0.0,2661.0,0.0,777.0,0.0
2023-03-20 15:56:35.408000+00:00,582.0,0.0,3447.0,1.0,2667.0,0.0,779.0,0.0
2023-03-20 15:56:40.408000+00:00,583.0,0.0,3448.0,0.0,2668.0,1.0,779.0,0.0
2023-03-20 15:56:45.408000+00:00,584.0,0.0,3448.0,0.0,2668.0,0.0,779.0,0.0
2023-03-20 15:56:50.408000+00:00,584.0,0.0,3457.0,3.0,2675.0,0.0,781.0,0.0
2023-03-20 15:56:55.408000+00:00,586.0,0.0,3457.0,0.0,2675.0,0.0,781.0,0.0
2023-03-20 15:57:00.408000+00:00,587.0,0.0,3466.0,1.0,2682.0,0.0,784.0,0.0
2023-03-20 15:57:05.408000+00:00,588.0,0.0,3475.0,0.0,2689.0,1.0,785.0,0.0
2023-03-20 15:57:10.408000+00:00,589.0,0.0,3475.0,0.0,2689.0,0.0,785.0,0.0
2023-03-20 15:57:15.408000+00:00,590.0,0.0,3489.0,1.0,2699.0,1.0,791.0,3.0
2023-03-20 15:57:20.408000+00:00,592.0,0.0,3503.0,2.0,2710.0,2.0,792.0,0.0
2023-03-20 15:57:25.408000+00:00,594.0,0.0,3516.0,1.0,2720.0,0.0,796.0,0.0
2023-03-20 15:57:30.408000+00:00,596.0,0.0,3525.0,1.0,2727.0,2.0,798.0,0.0
2023-03-20 15:57:35.408000+00:00,598.0,0.0,3538.0,1.0,2737.0,3.0,802.0,0.0
2023-03-20 15:57:40.408000+00:00,601.0,1.0,3553.0,1.0,2749.0,0.0,803.0,0.0
2023-03-20 15:57:45.408000+00:00,603.0,0.0,3561.0,0.0,2755.0,2.0,806.0,0.0
2023-03-20 15:57:50.408000+00:00,604.0,1.0,3575.0,3.0,2766.0,1.0,808.0,1.0
2023-03-20 15:57:55.408000+00:00,605.0,0.0,3589.0,1.0,2777.0,1.0,811.0,0.0
2023-03-20 15:58:00.408000+00:00,609.0,0.0,3600.0,3.0,2786.0,1.0,813.0,1.0
2023-03-20 15:58:05.408000+00:00,610.0,0.0,3605.0,1.0,2790.0,1.0,816.0,1.0
2023-03-20 15:58:10.408000+00:00,612.0,0.0,3614.0,0.0,2797.0,0.0,817.0,1.0
2023-03-20 15:58:15.408000+00:00,615.0,0.0,3639.0,3.0,2816.0,1.0,822.0,0.0
2023-03-20 15:58:20.408000+00:00,616.0,0.0,3643.0,0.0,2819.0,0.0,823.0,0.0
2023-03-20 15:58:25.408000+00:00,616.0,0.0,3643.0,0.0,2819.0,0.0,824.0,1.0
2023-03-20 15:58:30.408000+00:00,617.0,0.0,3647.0,0.0,2822.0,0.0,825.0,1.0
2023-03-20 15:58:35.408000+00:00,617.0,0.0,3657.0,3.0,2830.0,1.0,826.0,0.0
2023-03-20 15:58:40.408000+00:00,619.0,0.0,3657.0,0.0,2830.0,0.0,826.0,0.0
2023-03-20 15:58:45.408000+00:00,619.0,0.0,3665.0,2.0,2836.0,2.0,828.0,1.0
2023-03-20 15:58:50.408000+00:00,619.0,0.0,3667.0,0.0,2838.0,0.0,828.0,0.0
2023-03-20 15:58:55.408000+00:00,620.0,0.0,3672.0,0.0,2842.0,0.0,829.0,0.0
2023-03-20 15:59:00.408000+00:00,622.0,0.0,3672.0,0.0,2842.0,0.0,829.0,0.0
2023-03-20 15:59:05.408000+00:00,623.0,0.0,3677.0,0.0,2846.0,2.0,830.0,0.0
2023-03-20 15:59:10.408000+00:00,623.0,0.0,3686.0,1.0,2853.0,1.0,832.0,0.0
2023-03-20 15:59:15.408000+00:00,625.0,1.0,3694.0,0.0,2859.0,0.0,834.0,0.0
2023-03-20 15:59:20.408000+00:00,626.0,1.0,3696.0,0.0,2861.0,1.0,835.0,0.0
2023-03-20 15:59:25.408000+00:00,627.0,0.0,3700.0,1.0,2864.0,0.0,835.0,0.0
2023-03-20 15:59:30.408000+00:00,627.0,0.0,3714.0,2.0,2875.0,0.0,838.0,0.0
2023-03-20 15:59:35.408000+00:00,629.0,0.0,3723.0,4.0,2882.0,1.0,840.0,0.0
2023-03-20 15:59:40.408000+00:00,632.0,0.0,3737.0,1.0,2893.0,4.0,843.0,1.0
2023-03-20 15:59:45.408000+00:00,634.0,0.0,3746.0,1.0,2900.0,0.0,845.0,0.0
2023-03-20 15:59:50.408000+00:00,636.0,0.0,3752.0,0.0,2905.0,1.0,846.0,0.0
2023-03-20 15:59:55.408000+00:00,638.0,0.0,3757.0,1.0,2909.0,0.0,848.0,1.0
2023-03-20 16:00:00.408000+00:00,639.0,0.0,3768.0,1.0,2917.0,0.0,851.0,1.0
2023-03-20 16:00:05.408000+00:00,639.0,0.0,3784.0,1.0,2930.0,0.0,853.0,0.0
2023-03-20 16:00:10.408000+00:00,643.0,1.0,3790.0,1.0,2935.0,0.0,855.0,1.0
2023-03-20 16:00:15.408000+00:00,646.0,1.0,3803.0,1.0,2945.0,0.0,858.0,0.0
2023-03-20 16:00:20.408000+00:00,646.0,0.0,3815.0,2.0,2954.0,3.0,860.0,0.0
2023-03-20 16:00:25.408000+00:00,648.0,1.0,3820.0,0.0,2958.0,1.0,862.0,1.0
2023-03-20 16:00:30.408000+00:00,650.0,0.0,3830.0,0.0,2966.0,0.0,863.0,0.0
2023-03-20 16:00:35.408000+00:00,651.0,1.0,3841.0,0.0,2974.0,0.0,866.0,0.0
2023-03-20 16:00:40.408000+00:00,651.0,0.0,3846.0,1.0,2978.0,0.0,867.0,0.0
2023-03-20 16:00:45.408000+00:00,653.0,1.0,3849.0,0.0,2980.0,0.0,868.0,0.0
2023-03-20 16:00:50.408000+00:00,653.0,0.0,3850.0,0.0,2981.0,0.0,869.0,0.0
2023-03-20 16:00:55.408000+00:00,654.0,0.0,3859.0,2.0,2988.0,1.0,870.0,1.0
2023-03-20 16:01:00.408000+00:00,657.0,1.0,3864.0,0.0,2992.0,1.0,871.0,0.0
2023-03-20 16:01:05.408000+00:00,657.0,0.0,3864.0,0.0,2992.0,0.0,872.0,0.0
2023-03-20 16:01:10.408000+00:00,657.0,0.0,3868.0,1.0,2995.0,1.0,872.0,0.0
2023-03-20 16:01:15.408000+00:00,660.0,0.0,3886.0,2.0,3009.0,1.0,876.0,0.0
2023-03-20 16:01:20.408000+00:00,663.0,1.0,3892.0,0.0,3014.0,0.0,877.0,0.0
2023-03-20 16:01:25.408000+00:00,664.0,0.0,3902.0,1.0,3022.0,0.0,879.0,0.0
2023-03-20 16:01:30.408000+00:00,665.0,0.0,3902.0,0.0,3022.0,0.0,879.0,0.0
2023-03-20 16:01:35.408000+00:00,665.0,0.0,3918.0,3.0,3034.0,2.0,883.0,3.0
2023-03-20 16:01:40.408000+00:00,668.0,1.0,3924.0,0.0,3039.0,0.0,884.0,0.0
2023-03-20 16:01:45.408000+00:00,669.0,0.0,3937.0,1.0,3049.0,0.0,888.0,1.0
2023-03-20 16:01:50.408000+00:00,671.0,0.0,3961.0,2.0,3068.0,2.0,892.0,0.0
2023-03-20 16:01:55.408000+00:00,674.0,0.0,3961.0,0.0,3068.0,0.0,892.0,0.0
2023-03-20 16:02:00.408000+00:00,675.0,0.0,3961.0,0.0,3068.0,0.0,893.0,0.0
2023-03-20 16:02:05.408000+00:00,676.0,1.0,3971.0,0.0,3076.0,2.0,895.0,1.0
2023-03-20 16:02:10.408000+00:00,678.0,1.0,3984.0,2.0,3086.0,2.0,899.0,1.0
2023-03-20 16:02:15.408000+00:00,681.0,1.0,3999.0,3.0,3098.0,1.0,901.0,0.0
2023-03-20 16:02:20.408000+00:00,682.0,0.0,4006.0,1.0,3103.0,0.0,902.0,0.0
2023-03-20 16:02:25.408000+00:00,683.0,0.0,4015.0,1.0,3110.0,3.0,904.0,0.0
2023-03-20 16:02:30.408000+00:00,684.0,0.0,4033.0,1.0,3124.0,0.0,908.0,0.0
2023-03-20 16:02:35.408000+00:00,686.0,0.0,4048.0,2.0,3136.0,2.0,911.0,0.0
2023-03-20 16:02:40.408000+00:00,686.0,0.0,4048.0,0.0,3136.0,0.0,912.0,0.0
2023-03-20 16:02:45.408000+00:00,686.0,0.0,4053.0,2.0,3140.0,1.0,912.0,0.0
2023-03-20 16:02:50.408000+00:00,690.0,0.0,4063.0,1.0,3148.0,2.0,914.0,0.0
2023-03-20 16:02:55.408000+00:00,693.0,1.0,4082.0,0.0,3163.0,2.0,918.0,0.0
2023-03-20 16:03:00.408000+00:00,697.0,0.0,4092.0,0.0,3171.0,2.0,920.0,0.0
2023-03-20 16:03:05.408000+00:00,699.0,1.0,4092.0,0.0,3171.0,0.0,920.0,0.0
2023-03-20 16:03:10.408000+00:00,700.0,0.0,4097.0,1.0,3175.0,0.0,921.0,0.0
2023-03-20 16:03:15.408000+00:00,700.0,0.0,4105.0,2.0,3181.0,0.0,923.0,1.0
2023-03-20 16:03:20.408000+00:00,702.0,0.0,4110.0,1.0,3185.0,1.0,925.0,1.0
2023-03-20 16:03:25.408000+00:00,703.0,4.0,4113.0,0.0,3187.0,0.0,926.0,0.0
2023-03-20 16:03:30.408000+00:00,705.0,0.0,4133.0,3.0,3203.0,2.0,930.0,2.0
2023-03-20 16:03:35.408000+00:00,708.0,1.0,4155.0,2.0,3220.0,1.0,934.0,0.0
2023-03-20 16:03:40.408000+00:00,709.0,0.0,4161.0,1.0,3225.0,1.0,935.0,0.0
2023-03-20 16:03:45.408000+00:00,713.0,1.0,4165.0,0.0,3228.0,0.0,936.0,0.0
2023-03-20 16:03:50.408000+00:00,713.0,0.0,4174.0,1.0,3235.0,0.0,938.0,0.0
2023-03-20 16:03:55.408000+00:00,715.0,0.0,4175.0,0.0,3236.0,0.0,938.0,0.0
2023-03-20 16:04:00.408000+00:00,715.0,0.0,4179.0,2.0,3239.0,1.0,940.0,0.0
2023-03-20 16:04:05.408000+00:00,717.0,0.0,4184.0,1.0,3243.0,0.0,942.0,1.0
2023-03-20 16:04:10.408000+00:00,719.0,1.0,4196.0,0.0,3252.0,0.0,944.0,1.0
2023-03-20 16:04:15.408000+00:00,719.0,0.0,4204.0,1.0,3258.0,0.0,945.0,1.0
2023-03-20 16:04:20.408000+00:00,721.0,0.0,4212.0,2.0,3264.0,1.0,948.0,0.0
2023-03-20 16:04:25.408000+00:00,721.0,0.0,4216.0,0.0,3267.0,1.0,949.0,0.0
2023-03-20 16:04:30.408000+00:00,723.0,0.0,4244.0,4.0,3289.0,3.0,955.0,0.0
2023-03-20 16:04:35.408000+00:00,725.0,0.0,4255.0,1.0,3298.0,1.0,958.0,1.0
2023-03-20 16:04:40.408000+00:00,726.0,0.0,4272.0,3.0,3311.0,2.0,960.0,0.0
2023-03-20 16:04:45.408000+00:00,730.0,0.0,4282.0,1.0,3319.0,0.0,962.0,0.0
2023-03-20 16:04:50.408000+00:00,732.0,0.0,4282.0,0.0,3319.0,0.0,962.0,0.0
2023-03-20 16:04:55.408000+00:00,732.0,0.0,4286.0,0.0,3322.0,0.0,963.0,0.0
2023-03-20 16:05:00.408000+00:00,734.0,0.0,4294.0,0.0,3328.0,0.0,965.0,0.0
2023-03-20 16:05:05.408000+00:00,735.0,0.0,4296.0,0.0,3330.0,0.0,965.0,0.0
2023-03-20 16:05:10.408000+00:00,736.0,0.0,4296.0,0.0,3330.0,0.0,967.0,1.0
2023-03-20 16:05:15.408000+00:00,737.0,0.0,4310.0,0.0,3341.0,1.0,969.0,0.0
2023-03-20 16:05:20.408000+00:00,739.0,0.0,4324.0,3.0,3352.0,1.0,971.0,0.0
2023-03-20 16:05:25.408000+00:00,742.0,0.0,4349.0,4.0,3371.0,2.0,977.0,1.0
2023-03-20 16:05:30.408000+00:00,746.0,1.0,4355.0,1.0,3376.0,0.0,978.0,0.0
2023-03-20 16:05:35.408000+00:00,747.0,0.0,4364.0,0.0,3383.0,0.0,980.0,0.0
2023-03-20 16:05:40.408000+00:00,749.0,1.0,4366.0,0.0,3385.0,1.0,980.0,0.0
2023-03-20 16:05:45.408000+00:00,749.0,0.0,4374.0,1.0,3391.0,0.0,982.0,1.0
2023-03-20 16:05:50.408000+00:00,752.0,0.0,4381.0,0.0,3397.0,0.0,984.0,0.0
2023-03-20 16:05:55.408000+00:00,753.0,0.0,4384.0,1.0,3399.0,1.0,984.0,0.0
2023-03-20 16:06:00.408000+00:00,754.0,0.0,4389.0,0.0,3403.0,0.0,985.0,0.0
2023-03-20 16:06:05.408000+00:00,754.0,0.0,4392.0,1.0,3405.0,0.0,986.0,0.0
2023-03-20 16:06:10.408000+00:00,754.0,0.0,4392.0,0.0,3405.0,0.0,986.0,0.0
2023-03-20 16:06:15.408000+00:00,754.0,0.0,4397.0,0.0,3409.0,1.0,987.0,0.0
2023-03-20 16:06:20.408000+00:00,755.0,0.0,4406.0,1.0,3416.0,2.0,990.0,2.0
2023-03-20 16:06:25.408000+00:00,757.0,1.0,4410.0,0.0,3419.0,0.0,991.0,0.0
2023-03-20 16:06:30.408000+00:00,757.0,0.0,4419.0,2.0,3426.0,0.0,992.0,0.0
2023-03-20 16:06:35.408000+00:00,760.0,1.0,4423.0,3.0,3429.0,0.0,993.0,0.0
2023-03-20 16:06:40.408000+00:00,760.0,0.0,4424.0,0.0,3430.0,0.0,994.0,0.0
2023-03-20 16:06:45.408000+00:00,761.0,0.0,4432.0,0.0,3436.0,0.0,996.0,0.0
2023-03-20 16:06:50.408000+00:00,762.0,0.0,4447.0,1.0,3448.0,0.0,998.0,0.0
2023-03-20 16:06:55.408000+00:00,764.0,2.0,4455.0,1.0,3454.0,0.0,1000.0,1.0
2023-03-20 16:07:00.408000+00:00,765.0,0.0,4467.0,1.0,3464.0,1.0,1004.0,0.0
2023-03-20 16:07:05.408000+00:00,766.0,1.0,4479.0,1.0,3473.0,0.0,1005.0,0.0
2023-03-20 16:07:10.408000+00:00,768.0,0.0,4480.0,0.0,3474.0,0.0,1006.0,0.0
2023-03-20 16:07:15.408000+00:00,771.0,0.0,4490.0,2.0,3482.0,1.0,1007.0,0.0
2023-03-20 16:07:20.408000+00:00,773.0,0.0,4494.0,2.0,3485.0,0.0,1010.0,0.0
2023-03-20 16:07:25.408000+00:00,773.0,0.0,4505.0,0.0,3494.0,0.0,1010.0,0.0
2023-03-20 16:07:30.408000+00:00,776.0,0.0,4517.0,2.0,3503.0,0.0,1013.0,0.0
2023-03-20 16:07:35.408000+00:00,779.0,1.0,4521.0,1.0,3506.0,0.0,1014.0,0.0
2023-03-20 16:07:40.408000+00:00,781.0,0.0,4543.0,3.0,3523.0,2.0,1019.0,2.0
2023-03-20 16:07:45.408000+00:00,783.0,1.0,4551.0,0.0,3529.0,0.0,1021.0,1.0
2023-03-20 16:07:50.408000+00:00,785.0,0.0,4552.0,1.0,3530.0,0.0,1021.0,0.0
2023-03-20 16:07:55.408000+00:00,785.0,0.0,4552.0,0.0,3530.0,0.0,1021.0,0.0
2023-03-20 16:08:00.408000+00:00,785.0,0.0,4552.0,0.0,3530.0,0.0,1021.0,0.0
2023-03-20 16:08:05.408000+00:00,785.0,0.0,4561.0,2.0,3537.0,2.0,1023.0,0.0
2023-03-20 16:08:10.408000+00:00,786.0,0.0,4566.0,0.0,3541.0,0.0,1024.0,0.0
2023-03-20 16:08:15.408000+00:00,787.0,0.0,4570.0,0.0,3544.0,0.0,1026.0,0.0
2023-03-20 16:08:20.408000+00:00,788.0,1.0,4579.0,4.0,3551.0,1.0,1027.0,0.0
2023-03-20 16:08:25.408000+00:00,790.0,1.0,4581.0,0.0,3553.0,0.0,1028.0,0.0
2023-03-20 16:08:30.408000+00:00,791.0,0.0,4594.0,4.0,3563.0,2.0,1030.0,0.0
2023-03-20 16:08:35.408000+00:00,794.0,1.0,4598.0,0.0,3566.0,0.0,1032.0,0.0
2023-03-20 16:08:40.408000+00:00,794.0,0.0,4608.0,1.0,3574.0,2.0,1034.0,0.0
2023-03-20 16:08:45.408000+00:00,795.0,0.0,4611.0,0.0,3576.0,0.0,1035.0,0.0
2023-03-20 16:08:50.408000+00:00,798.0,0.0,4616.0,1.0,3580.0,0.0,1035.0,0.0
2023-03-20 16:08:55.408000+00:00,798.0,0.0,4625.0,1.0,3587.0,0.0,1037.0,0.0
2023-03-20 16:09:00.408000+00:00,799.0,0.0,4629.0,1.0,3590.0,0.0,1038.0,0.0
2023-03-20 16:09:05.408000+00:00,800.0,0.0,4629.0,0.0,3590.0,0.0,1039.0,0.0
2023-03-20 16:09:10.408000+00:00,801.0,0.0,4633.0,1.0,3593.0,0.0,1039.0,0.0
2023-03-20 16:09:15.408000+00:00,801.0,0.0,4647.0,3.0,3604.0,2.0,1043.0,0.0
2023-03-20 16:09:20.408000+00:00,805.0,1.0,4651.0,0.0,3607.0,0.0,1044.0,0.0
2023-03-20 16:09:25.408000+00:00,807.0,0.0,4671.0,5.0,3623.0,2.0,1048.0,2.0
2023-03-20 16:09:30.408000+00:00,808.0,0.0,4679.0,1.0,3629.0,2.0,1050.0,0.0
2023-03-20 16:09:35.408000+00:00,809.0,0.0,4696.0,1.0,3642.0,2.0,1053.0,0.0
2023-03-20 16:09:40.408000+00:00,810.0,0.0,4715.0,5.0,3657.0,1.0,1058.0,0.0
2023-03-20 16:09:45.408000+00:00,813.0,0.0,4719.0,1.0,3660.0,0.0,1058.0,0.0
2023-03-20 16:09:50.408000+00:00,815.0,1.0,4719.0,0.0,3660.0,0.0,1058.0,0.0
2023-03-20 16:09:55.408000+00:00,816.0,0.0,4719.0,0.0,3660.0,0.0,1058.0,0.0
2023-03-20 16:10:00.408000+00:00,817.0,0.0,4735.0,4.0,3672.0,0.0,1062.0,0.0
2023-03-20 16:10:05.408000+00:00,820.0,0.0,4742.0,2.0,3678.0,1.0,1063.0,0.0
2023-03-20 16:10:10.408000+00:00,821.0,0.0,4742.0,0.0,3678.0,0.0,1063.0,0.0
2023-03-20 16:10:15.408000+00:00,821.0,0.0,4746.0,1.0,3681.0,0.0,1064.0,0.0
2023-03-20 16:10:20.408000+00:00,822.0,0.0,4751.0,1.0,3685.0,0.0,1066.0,1.0
2023-03-20 16:10:25.408000+00:00,823.0,0.0,4759.0,1.0,3691.0,1.0,1068.0,1.0
2023-03-20 16:10:30.408000+00:00,824.0,1.0,4771.0,2.0,3700.0,1.0,1071.0,0.0
2023-03-20 16:10:35.408000+00:00,825.0,0.0,4776.0,1.0,3704.0,0.0,1071.0,0.0
2023-03-20 16:10:40.408000+00:00,825.0,0.0,4779.0,2.0,3706.0,0.0,1072.0,0.0
2023-03-20 16:10:45.408000+00:00,825.0,0.0,4781.0,0.0,3708.0,0.0,1074.0,1.0
2023-03-20 16:10:50.408000+00:00,827.0,0.0,4791.0,3.0,3715.0,1.0,1075.0,0.0
2023-03-20 16:10:55.408000+00:00,828.0,0.0,4796.0,0.0,3719.0,0.0,1076.0,0.0
2023-03-20 16:11:00.408000+00:00,828.0,0.0,4796.0,0.0,3719.0,0.0,1076.0,0.0
2023-03-20 16:11:05.408000+00:00,828.0,0.0,4796.0,0.0,3719.0,0.0,1076.0,0.0
2023-03-20 16:11:10.408000+00:00,829.0,0.0,4806.0,2.0,3727.0,0.0,1078.0,2.0
2023-03-20 16:11:15.408000+00:00,830.0,0.0,4806.0,0.0,3727.0,0.0,1078.0,0.0
2023-03-20 16:11:20.410000+00:00,830.0,0.0,4817.0,2.0,3735.0,2.0,1082.0,0.0
2023-03-20 16:11:25.408000+00:00,831.0,0.0,4834.0,2.0,3748.0,3.0,1086.0,1.0
2023-03-20 16:11:30.408000+00:00,834.0,0.0,4847.0,3.0,3758.0,1.0,1088.0,0.0
2023-03-20 16:11:35.408000+00:00,837.0,1.0,4847.0,0.0,3758.0,0.0,1089.0,0.0
2023-03-20 16:11:40.408000+00:00,839.0,0.0,4856.0,2.0,3765.0,0.0,1090.0,1.0
2023-03-20 16:11:45.408000+00:00,840.0,0.0,4861.0,1.0,3769.0,0.0,1092.0,0.0
2023-03-20 16:11:50.408000+00:00,840.0,0.0,4875.0,2.0,3780.0,2.0,1096.0,0.0
2023-03-20 16:11:55.408000+00:00,843.0,0.0,4887.0,3.0,3789.0,2.0,1098.0,0.0
2023-03-20 16:12:00.408000+00:00,844.0,0.0,4895.0,1.0,3795.0,0.0,1099.0,0.0
2023-03-20 16:12:05.408000+00:00,845.0,0.0,4899.0,0.0,3798.0,0.0,1101.0,2.0
2023-03-20 16:12:10.408000+00:00,848.0,0.0,4903.0,2.0,3801.0,1.0,1102.0,0.0
2023-03-20 16:12:15.408000+00:00,851.0,0.0,4912.0,2.0,3808.0,0.0,1103.0,1.0
2023-03-20 16:12:20.408000+00:00,853.0,1.0,4925.0,0.0,3818.0,2.0,1106.0,0.0
2023-03-20 16:12:25.408000+00:00,855.0,0.0,4935.0,2.0,3826.0,0.0,1108.0,0.0
2023-03-20 16:12:30.408000+00:00,855.0,0.0,4939.0,2.0,3829.0,0.0,1109.0,0.0
2023-03-20 16:12:35.408000+00:00,855.0,0.0,4940.0,0.0,3830.0,0.0,1110.0,0.0
2023-03-20 16:12:40.408000+00:00,857.0,2.0,4950.0,3.0,3838.0,0.0,1111.0,0.0
2023-03-20 16:12:45.408000+00:00,858.0,0.0,4950.0,0.0,3838.0,0.0,1112.0,0.0
2023-03-20 16:12:50.408000+00:00,858.0,0.0,4961.0,3.0,3846.0,0.0,1114.0,1.0
2023-03-20 16:12:55.408000+00:00,861.0,0.0,4971.0,2.0,3854.0,0.0,1117.0,1.0
2023-03-20 16:13:00.408000+00:00,862.0,1.0,4980.0,1.0,3861.0,0.0,1118.0,0.0
2023-03-20 16:13:05.408000+00:00,864.0,0.0,4981.0,0.0,3862.0,0.0,1118.0,0.0
2023-03-20 16:13:10.408000+00:00,864.0,0.0,4986.0,1.0,3866.0,0.0,1119.0,0.0
2023-03-20 16:13:15.408000+00:00,865.0,0.0,4986.0,0.0,3866.0,0.0,1119.0,0.0
2023-03-20 16:13:20.408000+00:00,865.0,0.0,4986.0,0.0,3866.0,0.0,1121.0,1.0
2023-03-20 16:13:25.408000+00:00,866.0,0.0,4996.0,3.0,3874.0,0.0,1121.0,0.0
2023-03-20 16:13:30.408000+00:00,867.0,0.0,4996.0,0.0,3874.0,0.0,1121.0,0.0
2023-03-20 16:13:35.408000+00:00,867.0,0.0,4996.0,0.0,3874.0,0.0,1121.0,0.0
2023-03-20 16:13:40.408000+00:00,867.0,0.0,5000.0,1.0,3877.0,0.0,1122.0,0.0
2023-03-20 16:13:45.408000+00:00,868.0,1.0,5001.0,0.0,3878.0,1.0,1123.0,0.0
2023-03-20 16:13:50.408000+00:00,869.0,0.0,5010.0,1.0,3885.0,1.0,1124.0,0.0
2023-03-20 16:13:55.408000+00:00,870.0,1.0,5011.0,0.0,3886.0,0.0,1125.0,0.0
2023-03-20 16:14:00.408000+00:00,871.0,0.0,5016.0,0.0,3890.0,0.0,1125.0,0.0
2023-03-20 16:14:05.408000+00:00,871.0,0.0,5020.0,1.0,3893.0,0.0,1126.0,0.0
2023-03-20 16:14:10.408000+00:00,872.0,0.0,5025.0,1.0,3897.0,1.0,1127.0,0.0
2023-03-20 16:14:15.408000+00:00,873.0,0.0,5029.0,0.0,3900.0,1.0,1128.0,0.0
2023-03-20 16:14:20.408000+00:00,873.0,0.0,5029.0,0.0,3900.0,0.0,1128.0,0.0
2023-03-20 16:14:25.408000+00:00,873.0,0.0,5037.0,0.0,3906.0,0.0,1130.0,0.0
2023-03-20 16:14:30.408000+00:00,877.0,0.0,5061.0,2.0,3925.0,2.0,1137.0,2.0
2023-03-20 16:14:35.408000+00:00,878.0,0.0,5082.0,1.0,3941.0,1.0,1140.0,0.0
2023-03-20 16:14:40.408000+00:00,881.0,0.0,5083.0,0.0,3942.0,0.0,1141.0,0.0
2023-03-20 16:14:45.408000+00:00,883.0,0.0,5101.0,0.0,3956.0,2.0,1144.0,0.0
2023-03-20 16:14:50.408000+00:00,886.0,1.0,5104.0,0.0,3958.0,1.0,1145.0,0.0
2023-03-20 16:14:55.408000+00:00,886.0,0.0,5112.0,0.0,3964.0,0.0,1147.0,0.0
2023-03-20 16:15:00.411000+00:00,887.0,0.0,5113.0,0.0,3965.0,0.0,1148.0,0.0
2023-03-20 16:15:05.408000+00:00,888.0,0.0,5123.0,0.0,3973.0,2.0,1150.0,0.0
2023-03-20 16:15:10.408000+00:00,890.0,0.0,5133.0,0.0,3981.0,1.0,1151.0,0.0
2023-03-20 16:15:15.408000+00:00,891.0,0.0,5133.0,0.0,3981.0,0.0,1151.0,0.0
2023-03-20 16:15:20.408000+00:00,891.0,0.0,5146.0,1.0,3991.0,1.0,1154.0,1.0
2023-03-20 16:15:25.408000+00:00,892.0,1.0,5155.0,1.0,3998.0,2.0,1157.0,0.0
2023-03-20 16:15:30.408000+00:00,893.0,0.0,5164.0,2.0,4005.0,0.0,1158.0,0.0
2023-03-20 16:15:35.408000+00:00,895.0,0.0,5164.0,0.0,4005.0,0.0,1158.0,0.0
2023-03-20 16:15:40.408000+00:00,895.0,0.0,5164.0,0.0,4005.0,0.0,1158.0,0.0
2023-03-20 16:15:45.408000+00:00,896.0,0.0,5174.0,2.0,4013.0,1.0,1160.0,0.0
2023-03-20 16:15:50.408000+00:00,898.0,0.0,5181.0,0.0,4018.0,0.0,1162.0,0.0
2023-03-20 16:15:55.408000+00:00,899.0,0.0,5185.0,1.0,4021.0,0.0,1163.0,0.0
2023-03-20 16:16:00.408000+00:00,899.0,0.0,5193.0,2.0,4027.0,0.0,1165.0,1.0
2023-03-20 16:16:05.408000+00:00,900.0,0.0,5193.0,0.0,4027.0,0.0,1165.0,0.0
2023-03-20 16:16:10.408000+00:00,900.0,0.0,5203.0,1.0,4035.0,3.0,1167.0,0.0
2023-03-20 16:16:15.408000+00:00,902.0,0.0,5203.0,0.0,4035.0,0.0,1167.0,0.0
2023-03-20 16:16:20.408000+00:00,902.0,0.0,5203.0,0.0,4035.0,0.0,1169.0,1.0
2023-03-20 16:16:25.408000+00:00,904.0,0.0,5216.0,4.0,4045.0,1.0,1171.0,2.0
2023-03-20 16:16:30.408000+00:00,907.0,0.0,5248.0,3.0,4070.0,2.0,1178.0,2.0
2023-03-20 16:16:35.408000+00:00,908.0,0.0,5260.0,0.0,4079.0,1.0,1180.0,1.0
2023-03-20 16:16:40.408000+00:00,911.0,0.0,5264.0,0.0,4082.0,0.0,1181.0,1.0
2023-03-20 16:16:45.408000+00:00,912.0,0.0,5278.0,1.0,4093.0,2.0,1184.0,1.0
2023-03-20 16:16:50.408000+00:00,914.0,0.0,5294.0,4.0,4105.0,1.0,1189.0,1.0
2023-03-20 16:16:55.408000+00:00,915.0,0.0,5320.0,1.0,4126.0,1.0,1193.0,0.0
2023-03-20 16:17:00.408000+00:00,919.0,1.0,5334.0,1.0,4137.0,1.0,1197.0,1.0
2023-03-20 16:17:05.408000+00:00,921.0,0.0,5339.0,2.0,4141.0,0.0,1198.0,0.0
2023-03-20 16:17:10.408000+00:00,924.0,1.0,5352.0,0.0,4151.0,3.0,1200.0,0.0
2023-03-20 16:17:15.408000+00:00,927.0,0.0,5352.0,0.0,4151.0,0.0,1200.0,0.0
2023-03-20 16:17:20.408000+00:00,927.0,0.0,5357.0,0.0,4155.0,0.0,1201.0,0.0
2023-03-20 16:17:25.408000+00:00,928.0,0.0,5361.0,3.0,4158.0,0.0,1202.0,0.0
2023-03-20 16:17:30.408000+00:00,928.0,0.0,5365.0,2.0,4161.0,0.0,1203.0,0.0
2023-03-20 16:17:35.408000+00:00,930.0,0.0,5371.0,1.0,4166.0,0.0,1204.0,0.0
2023-03-20 16:17:40.408000+00:00,931.0,0.0,5379.0,2.0,4172.0,0.0,1206.0,0.0
2023-03-20 16:17:45.408000+00:00,933.0,0.0,5388.0,1.0,4179.0,1.0,1208.0,0.0
2023-03-20 16:17:50.408000+00:00,933.0,0.0,5388.0,0.0,4179.0,0.0,1209.0,0.0
2023-03-20 16:17:55.408000+00:00,933.0,0.0,5392.0,2.0,4182.0,0.0,1209.0,0.0
2023-03-20 16:18:00.408000+00:00,933.0,0.0,5392.0,0.0,4182.0,0.0,1209.0,0.0
2023-03-20 16:18:05.408000+00:00,934.0,0.0,5401.0,2.0,4189.0,0.0,1212.0,0.0
2023-03-20 16:18:10.408000+00:00,936.0,1.0,5414.0,4.0,4199.0,0.0,1214.0,0.0
2023-03-20 16:18:15.408000+00:00,937.0,0.0,5414.0,0.0,4199.0,0.0,1214.0,0.0
2023-03-20 16:18:20.408000+00:00,938.0,1.0,5421.0,0.0,4204.0,0.0,1216.0,1.0
2023-03-20 16:18:25.408000+00:00,938.0,0.0,5425.0,0.0,4207.0,1.0,1218.0,0.0
2023-03-20 16:18:30.408000+00:00,938.0,0.0,5438.0,2.0,4217.0,2.0,1220.0,1.0
2023-03-20 16:18:35.408000+00:00,940.0,0.0,5442.0,0.0,4220.0,0.0,1221.0,1.0
2023-03-20 16:18:40.408000+00:00,942.0,0.0,5456.0,1.0,4231.0,0.0,1224.0,0.0
2023-03-20 16:18:45.408000+00:00,943.0,0.0,5468.0,1.0,4240.0,1.0,1227.0,0.0
2023-03-20 16:18:50.408000+00:00,944.0,0.0,5486.0,0.0,4255.0,2.0,1231.0,0.0
2023-03-20 16:18:55.408000+00:00,946.0,0.0,5499.0,1.0,4265.0,2.0,1233.0,0.0
2023-03-20 16:19:00.408000+00:00,947.0,0.0,5509.0,1.0,4273.0,1.0,1236.0,0.0
2023-03-20 16:19:05.408000+00:00,947.0,0.0,5515.0,2.0,4278.0,0.0,1236.0,0.0
2023-03-20 16:19:10.408000+00:00,950.0,0.0,5527.0,4.0,4287.0,0.0,1239.0,1.0
2023-03-20 16:19:15.408000+00:00,953.0,1.0,5532.0,0.0,4291.0,1.0,1240.0,0.0
2023-03-20 16:19:20.408000+00:00,955.0,0.0,5537.0,1.0,4295.0,0.0,1241.0,0.0
2023-03-20 16:19:25.408000+00:00,955.0,0.0,5537.0,0.0,4295.0,0.0,1242.0,0.0
2023-03-20 16:19:30.408000+00:00,955.0,0.0,5542.0,0.0,4299.0,1.0,1242.0,0.0
2023-03-20 16:19:35.408000+00:00,957.0,0.0,5542.0,0.0,4299.0,0.0,1242.0,0.0
2023-03-20 16:19:40.408000+00:00,959.0,1.0,5551.0,1.0,4306.0,1.0,1245.0,1.0
2023-03-20 16:19:45.408000+00:00,960.0,0.0,5577.0,3.0,4326.0,5.0,1250.0,2.0
2023-03-20 16:19:50.408000+00:00,963.0,1.0,5578.0,0.0,4327.0,0.0,1250.0,0.0
2023-03-20 16:19:55.408000+00:00,964.0,0.0,5582.0,0.0,4330.0,1.0,1252.0,0.0
2023-03-20 16:20:00.408000+00:00,968.0,1.0,5592.0,1.0,4338.0,0.0,1253.0,0.0
2023-03-20 16:20:05.408000+00:00,969.0,1.0,5601.0,2.0,4345.0,0.0,1255.0,0.0
2023-03-20 16:20:10.408000+00:00,969.0,0.0,5609.0,1.0,4351.0,0.0,1257.0,1.0
2023-03-20 16:20:15.408000+00:00,970.0,1.0,5609.0,0.0,4351.0,0.0,1257.0,0.0
2023-03-20 16:20:20.408000+00:00,970.0,0.0,5618.0,2.0,4358.0,1.0,1259.0,0.0
2023-03-20 16:20:25.408000+00:00,972.0,0.0,5627.0,0.0,4365.0,1.0,1263.0,2.0
2023-03-20 16:20:30.408000+00:00,974.0,0.0,5636.0,3.0,4372.0,1.0,1263.0,0.0
2023-03-20 16:20:35.408000+00:00,976.0,0.0,5655.0,3.0,4387.0,1.0,1267.0,1.0
2023-03-20 16:20:40.408000+00:00,977.0,1.0,5659.0,0.0,4390.0,1.0,1268.0,0.0
2023-03-20 16:20:45.408000+00:00,979.0,1.0,5663.0,0.0,4393.0,0.0,1269.0,0.0
2023-03-20 16:20:50.408000+00:00,981.0,0.0,5668.0,0.0,4397.0,0.0,1271.0,0.0
2023-03-20 16:20:55.408000+00:00,983.0,0.0,5678.0,0.0,4405.0,0.0,1272.0,0.0
2023-03-20 16:21:00.408000+00:00,984.0,0.0,5683.0,1.0,4409.0,0.0,1273.0,0.0
2023-03-20 16:21:05.408000+00:00,984.0,0.0,5687.0,1.0,4412.0,1.0,1274.0,0.0
2023-03-20 16:21:10.408000+00:00,984.0,0.0,5692.0,0.0,4416.0,0.0,1275.0,0.0
2023-03-20 16:21:15.408000+00:00,984.0,0.0,5692.0,0.0,4416.0,0.0,1277.0,0.0
2023-03-20 16:21:20.408000+00:00,984.0,0.0,5720.0,4.0,4438.0,1.0,1282.0,1.0
2023-03-20 16:21:25.408000+00:00,984.0,0.0,5724.0,2.0,4441.0,0.0,1283.0,0.0
2023-03-20 16:21:30.408000+00:00,984.0,0.0,5728.0,0.0,4444.0,0.0,1285.0,1.0
2023-03-20 16:21:35.408000+00:00,984.0,0.0,5745.0,4.0,4457.0,2.0,1288.0,0.0
2023-03-20 16:21:40.408000+00:00,984.0,0.0,5759.0,0.0,4468.0,1.0,1290.0,0.0
2023-03-20 16:21:45.408000+00:00,984.0,0.0,5767.0,1.0,4474.0,1.0,1293.0,2.0
2023-03-20 16:21:50.408000+00:00,984.0,0.0,5779.0,2.0,4483.0,1.0,1295.0,0.0
2023-03-20 16:21:55.408000+00:00,984.0,0.0,5792.0,2.0,4493.0,0.0,1298.0,0.0
2023-03-20 16:22:00.408000+00:00,984.0,0.0,5807.0,2.0,4505.0,2.0,1301.0,1.0
2023-03-20 16:22:05.408000+00:00,986.0,0.0,5808.0,0.0,4506.0,0.0,1302.0,1.0
2023-03-20 16:22:10.408000+00:00,989.0,4.0,5815.0,1.0,4511.0,1.0,1303.0,0.0
2023-03-20 16:22:15.408000+00:00,990.0,0.0,5825.0,3.0,4519.0,2.0,1305.0,0.0
2023-03-20 16:22:20.408000+00:00,992.0,0.0,5834.0,1.0,4526.0,0.0,1309.0,0.0
2023-03-20 16:22:25.408000+00:00,995.0,0.0,5844.0,1.0,4534.0,2.0,1309.0,0.0
2023-03-20 16:22:30.408000+00:00,998.0,0.0,5850.0,2.0,4539.0,1.0,1310.0,0.0
2023-03-20 16:22:35.408000+00:00,999.0,0.0,5854.0,0.0,4542.0,0.0,1311.0,0.0
2023-03-20 16:22:40.408000+00:00,1002.0,1.0,5869.0,0.0,4554.0,1.0,1315.0,2.0
2023-03-20 16:22:45.408000+00:00,1003.0,0.0,5882.0,3.0,4564.0,0.0,1317.0,1.0
2023-03-20 16:22:50.408000+00:00,1007.0,0.0,5898.0,3.0,4577.0,4.0,1321.0,1.0
2023-03-20 16:22:55.408000+00:00,1011.0,0.0,5902.0,1.0,4580.0,0.0,1321.0,0.0
2023-03-20 16:23:00.408000+00:00,1013.0,0.0,5906.0,0.0,4583.0,0.0,1322.0,0.0
2023-03-20 16:23:05.408000+00:00,1016.0,0.0,5910.0,1.0,4586.0,0.0,1323.0,0.0
2023-03-20 16:23:10.408000+00:00,1020.0,1.0,5910.0,0.0,4586.0,0.0,1323.0,0.0
2023-03-20 16:23:15.408000+00:00,1025.0,3.0,5910.0,0.0,4586.0,0.0,1323.0,0.0
2023-03-20 16:23:20.408000+00:00,1026.0,0.0,5910.0,0.0,4586.0,0.0,1323.0,0.0
2023-03-20 16:23:25.408000+00:00,1026.0,0.0,5910.0,0.0,4586.0,0.0,1323.0,0.0
2023-03-20 16:23:30.408000+00:00,1026.0,0.0,5914.0,0.0,4589.0,0.0,1324.0,0.0
2023-03-20 16:23:35.408000+00:00,1026.0,0.0,5914.0,0.0,4589.0,0.0,1324.0,0.0
2023-03-20 16:23:40.408000+00:00,1026.0,0.0,5918.0,1.0,4592.0,0.0,1326.0,0.0
2023-03-20 16:23:45.408000+00:00,1028.0,0.0,5922.0,0.0,4595.0,0.0,1327.0,1.0
2023-03-20 16:23:50.408000+00:00,1029.0,0.0,5926.0,0.0,4598.0,0.0,1328.0,0.0
2023-03-20 16:23:55.408000+00:00,1029.0,0.0,5930.0,0.0,4601.0,0.0,1328.0,0.0
2023-03-20 16:24:00.408000+00:00,1029.0,0.0,5934.0,0.0,4604.0,0.0,1329.0,0.0
2023-03-20 16:24:05.408000+00:00,1030.0,0.0,5935.0,1.0,4605.0,0.0,1330.0,1.0
2023-03-20 16:24:10.408000+00:00,1031.0,0.0,5946.0,0.0,4613.0,0.0,1332.0,1.0
2023-03-20 16:24:15.408000+00:00,1034.0,1.0,5957.0,1.0,4622.0,1.0,1335.0,0.0
2023-03-20 16:24:20.408000+00:00,1034.0,0.0,5971.0,1.0,4633.0,3.0,1339.0,0.0
2023-03-20 16:24:25.408000+00:00,1037.0,1.0,5989.0,0.0,4647.0,1.0,1342.0,0.0
2023-03-20 16:24:30.408000+00:00,1038.0,0.0,5998.0,1.0,4654.0,1.0,1345.0,0.0
2023-03-20 16:24:35.408000+00:00,1038.0,0.0,6006.0,1.0,4660.0,0.0,1345.0,0.0
2023-03-20 16:24:40.408000+00:00,1041.0,0.0,6024.0,3.0,4674.0,1.0,1351.0,0.0
2023-03-20 16:24:45.408000+00:00,1045.0,0.0,6044.0,2.0,4689.0,2.0,1353.0,0.0
2023-03-20 16:24:50.408000+00:00,1048.0,0.0,6047.0,1.0,4691.0,0.0,1354.0,0.0
2023-03-20 16:24:55.408000+00:00,1048.0,0.0,6056.0,2.0,4698.0,1.0,1356.0,0.0
2023-03-20 16:25:00.408000+00:00,1050.0,0.0,6059.0,0.0,4700.0,0.0,1357.0,0.0
2023-03-20 16:25:05.408000+00:00,1051.0,0.0,6068.0,3.0,4707.0,1.0,1361.0,0.0
2023-03-20 16:25:10.408000+00:00,1054.0,0.0,6082.0,2.0,4718.0,3.0,1363.0,0.0
2023-03-20 16:25:15.408000+00:00,1057.0,0.0,6098.0,2.0,4730.0,4.0,1367.0,1.0
2023-03-20 16:25:20.408000+00:00,1057.0,0.0,6104.0,0.0,4735.0,2.0,1367.0,0.0
2023-03-20 16:25:25.408000+00:00,1059.0,0.0,6104.0,0.0,4735.0,0.0,1367.0,0.0
2023-03-20 16:25:30.408000+00:00,1062.0,1.0,6112.0,1.0,4741.0,0.0,1369.0,0.0
2023-03-20 16:25:35.408000+00:00,1063.0,0.0,6113.0,0.0,4742.0,0.0,1370.0,1.0
2023-03-20 16:25:40.408000+00:00,1064.0,0.0,6118.0,3.0,4746.0,0.0,1370.0,0.0
2023-03-20 16:25:45.408000+00:00,1064.0,0.0,6118.0,0.0,4746.0,0.0,1370.0,0.0
2023-03-20 16:25:50.408000+00:00,1064.0,0.0,6118.0,0.0,4746.0,0.0,1370.0,0.0
2023-03-20 16:25:55.408000+00:00,1064.0,0.0,6123.0,0.0,4750.0,0.0,1371.0,0.0
2023-03-20 16:26:00.408000+00:00,1065.0,0.0,6128.0,1.0,4754.0,0.0,1372.0,0.0
2023-03-20 16:26:05.408000+00:00,1066.0,0.0,6133.0,0.0,4758.0,0.0,1374.0,0.0
2023-03-20 16:26:10.408000+00:00,1066.0,0.0,6138.0,0.0,4762.0,1.0,1375.0,0.0
2023-03-20 16:26:15.408000+00:00,1069.0,0.0,6151.0,0.0,4772.0,0.0,1377.0,0.0
2023-03-20 16:26:20.408000+00:00,1070.0,0.0,6155.0,1.0,4775.0,0.0,1378.0,0.0
2023-03-20 16:26:25.408000+00:00,1070.0,0.0,6155.0,0.0,4775.0,0.0,1378.0,0.0
2023-03-20 16:26:30.408000+00:00,1070.0,0.0,6155.0,0.0,4775.0,0.0,1378.0,0.0
2023-03-20 16:26:35.408000+00:00,1070.0,0.0,6166.0,0.0,4783.0,0.0,1381.0,0.0
2023-03-20 16:26:40.408000+00:00,1072.0,1.0,6172.0,2.0,4788.0,0.0,1382.0,1.0
2023-03-20 16:26:45.408000+00:00,1072.0,0.0,6184.0,1.0,4797.0,0.0,1386.0,0.0
2023-03-20 16:26:50.408000+00:00,1076.0,1.0,6203.0,0.0,4812.0,0.0,1389.0,0.0
2023-03-20 16:26:55.408000+00:00,1078.0,0.0,6209.0,0.0,4816.0,0.0,1391.0,0.0
2023-03-20 16:27:00.408000+00:00,1079.0,0.0,6224.0,1.0,4828.0,1.0,1395.0,0.0
2023-03-20 16:27:05.408000+00:00,1083.0,2.0,6231.0,1.0,4834.0,1.0,1396.0,0.0
2023-03-20 16:27:10.408000+00:00,1086.0,1.0,6248.0,2.0,4847.0,1.0,1399.0,1.0
2023-03-20 16:27:15.408000+00:00,1087.0,0.0,6252.0,0.0,4850.0,0.0,1400.0,0.0
2023-03-20 16:27:20.408000+00:00,1088.0,1.0,6269.0,2.0,4862.0,1.0,1406.0,0.0
2023-03-20 16:27:25.408000+00:00,1089.0,0.0,6277.0,1.0,4868.0,1.0,1408.0,0.0
2023-03-20 16:27:30.408000+00:00,1091.0,0.0,6284.0,0.0,4874.0,1.0,1408.0,0.0
2023-03-20 16:27:35.408000+00:00,1092.0,0.0,6284.0,0.0,4874.0,0.0,1408.0,0.0
2023-03-20 16:27:40.408000+00:00,1093.0,0.0,6289.0,0.0,4878.0,0.0,1409.0,0.0
2023-03-20 16:27:45.408000+00:00,1093.0,0.0,6289.0,0.0,4878.0,0.0,1410.0,0.0
2023-03-20 16:27:50.408000+00:00,1094.0,0.0,6298.0,0.0,4885.0,2.0,1411.0,0.0
2023-03-20 16:27:55.408000+00:00,1095.0,0.0,6298.0,0.0,4885.0,0.0,1411.0,0.0
2023-03-20 16:28:00.408000+00:00,1095.0,0.0,6303.0,2.0,4889.0,0.0,1412.0,0.0
2023-03-20 16:28:05.408000+00:00,1096.0,0.0,6303.0,0.0,4889.0,0.0,1414.0,0.0
2023-03-20 16:28:10.408000+00:00,1097.0,0.0,6313.0,1.0,4897.0,0.0,1415.0,0.0
2023-03-20 16:28:15.408000+00:00,1098.0,0.0,6317.0,2.0,4900.0,0.0,1415.0,0.0
2023-03-20 16:28:20.408000+00:00,1098.0,0.0,6317.0,0.0,4900.0,0.0,1416.0,0.0
2023-03-20 16:28:25.408000+00:00,1098.0,0.0,6322.0,0.0,4904.0,1.0,1416.0,0.0
2023-03-20 16:28:30.408000+00:00,1099.0,0.0,6330.0,1.0,4910.0,1.0,1418.0,0.0
2023-03-20 16:28:35.408000+00:00,1101.0,0.0,6334.0,1.0,4913.0,0.0,1420.0,1.0
2023-03-20 16:28:40.408000+00:00,1102.0,0.0,6348.0,2.0,4924.0,2.0,1423.0,0.0
2023-03-20 16:28:45.408000+00:00,1104.0,0.0,6367.0,1.0,4939.0,3.0,1426.0,0.0
2023-03-20 16:28:50.408000+00:00,1106.0,0.0,6367.0,0.0,4939.0,0.0,1426.0,0.0
2023-03-20 16:28:55.408000+00:00,1106.0,0.0,6371.0,2.0,4942.0,0.0,1427.0,0.0
2023-03-20 16:29:00.408000+00:00,1106.0,0.0,6384.0,1.0,4952.0,0.0,1430.0,1.0
2023-03-20 16:29:05.408000+00:00,1108.0,0.0,6389.0,0.0,4956.0,0.0,1431.0,1.0
2023-03-20 16:29:10.408000+00:00,1108.0,0.0,6399.0,2.0,4964.0,0.0,1433.0,0.0
2023-03-20 16:29:15.408000+00:00,1111.0,0.0,6408.0,2.0,4971.0,0.0,1437.0,0.0
2023-03-20 16:29:20.408000+00:00,1112.0,0.0,6417.0,2.0,4978.0,0.0,1437.0,0.0
2023-03-20 16:29:25.408000+00:00,1114.0,0.0,6431.0,0.0,4989.0,2.0,1440.0,0.0
2023-03-20 16:29:30.408000+00:00,1116.0,2.0,6440.0,0.0,4996.0,0.0,1442.0,0.0
2023-03-20 16:29:35.408000+00:00,1118.0,0.0,6460.0,0.0,5011.0,0.0,1447.0,0.0
2023-03-20 16:29:40.408000+00:00,1121.0,1.0,6466.0,0.0,5016.0,1.0,1448.0,0.0
2023-03-20 16:29:45.408000+00:00,1122.0,0.0,6467.0,0.0,5017.0,0.0,1448.0,0.0
2023-03-20 16:29:50.408000+00:00,1123.0,0.0,6467.0,0.0,5017.0,0.0,1449.0,0.0
2023-03-20 16:29:55.408000+00:00,1123.0,0.0,6476.0,0.0,5024.0,0.0,1450.0,0.0
2023-03-20 16:30:00.408000+00:00,1124.0,0.0,6480.0,1.0,5027.0,0.0,1451.0,0.0
2023-03-20 16:30:05.408000+00:00,1124.0,0.0,6480.0,0.0,5027.0,0.0,1451.0,0.0
2023-03-20 16:30:10.408000+00:00,1124.0,0.0,6480.0,0.0,5027.0,0.0,1452.0,0.0
2023-03-20 16:30:15.408000+00:00,1125.0,1.0,6489.0,1.0,5034.0,2.0,1454.0,0.0
2023-03-20 16:30:20.408000+00:00,1126.0,0.0,6498.0,3.0,5041.0,0.0,1455.0,0.0
2023-03-20 16:30:25.408000+00:00,1127.0,0.0,6503.0,0.0,5045.0,1.0,1456.0,0.0
2023-03-20 16:30:30.408000+00:00,1128.0,0.0,6512.0,2.0,5052.0,0.0,1458.0,0.0
2023-03-20 16:30:35.408000+00:00,1129.0,0.0,6513.0,0.0,5053.0,1.0,1458.0,0.0
2023-03-20 16:30:40.408000+00:00,1131.0,0.0,6517.0,1.0,5056.0,0.0,1459.0,0.0
2023-03-20 16:30:45.408000+00:00,1131.0,0.0,6526.0,1.0,5063.0,2.0,1461.0,1.0
2023-03-20 16:30:50.408000+00:00,1134.0,1.0,6534.0,1.0,5069.0,1.0,1463.0,0.0
2023-03-20 16:30:55.408000+00:00,1135.0,0.0,6542.0,1.0,5075.0,1.0,1466.0,0.0
2023-03-20 16:31:00.408000+00:00,1136.0,0.0,6551.0,1.0,5082.0,1.0,1467.0,0.0
2023-03-20 16:31:05.408000+00:00,1137.0,0.0,6552.0,0.0,5083.0,0.0,1468.0,0.0
2023-03-20 16:31:10.408000+00:00,1138.0,1.0,6570.0,2.0,5097.0,3.0,1471.0,0.0
2023-03-20 16:31:15.408000+00:00,1141.0,0.0,6577.0,1.0,5102.0,1.0,1473.0,0.0
2023-03-20 16:31:20.408000+00:00,1142.0,0.0,6586.0,2.0,5109.0,2.0,1475.0,0.0
2023-03-20 16:31:25.408000+00:00,1144.0,0.0,6600.0,1.0,5120.0,2.0,1478.0,1.0
2023-03-20 16:31:30.408000+00:00,1146.0,0.0,6609.0,0.0,5127.0,3.0,1480.0,1.0
2023-03-20 16:31:35.408000+00:00,1147.0,0.0,6618.0,0.0,5134.0,1.0,1482.0,0.0
2023-03-20 16:31:40.408000+00:00,1148.0,0.0,6619.0,0.0,5135.0,0.0,1482.0,0.0
2023-03-20 16:31:45.408000+00:00,1149.0,0.0,6623.0,1.0,5138.0,0.0,1483.0,0.0
2023-03-20 16:31:50.408000+00:00,1150.0,1.0,6635.0,0.0,5147.0,2.0,1486.0,0.0
2023-03-20 16:31:55.408000+00:00,1151.0,0.0,6646.0,0.0,5156.0,3.0,1488.0,2.0
2023-03-20 16:32:00.408000+00:00,1152.0,0.0,6652.0,0.0,5161.0,0.0,1490.0,0.0
2023-03-20 16:32:05.408000+00:00,1155.0,1.0,6657.0,0.0,5165.0,0.0,1490.0,0.0
2023-03-20 16:32:10.408000+00:00,1157.0,0.0,6657.0,0.0,5165.0,0.0,1491.0,0.0
2023-03-20 16:32:15.408000+00:00,1158.0,0.0,6662.0,1.0,5169.0,0.0,1492.0,0.0
2023-03-20 16:32:20.408000+00:00,1159.0,0.0,6666.0,0.0,5172.0,1.0,1492.0,0.0
2023-03-20 16:32:25.408000+00:00,1160.0,0.0,6678.0,0.0,5181.0,2.0,1495.0,0.0
2023-03-20 16:32:30.408000+00:00,1162.0,0.0,6679.0,0.0,5182.0,0.0,1495.0,0.0
2023-03-20 16:32:35.408000+00:00,1162.0,0.0,6679.0,0.0,5182.0,0.0,1495.0,0.0
2023-03-20 16:32:40.408000+00:00,1162.0,0.0,6682.0,1.0,5184.0,0.0,1496.0,1.0
2023-03-20 16:32:45.408000+00:00,1163.0,0.0,6683.0,0.0,5185.0,0.0,1496.0,0.0
2023-03-20 16:32:50.408000+00:00,1163.0,0.0,6687.0,0.0,5188.0,0.0,1497.0,0.0
2023-03-20 16:32:55.408000+00:00,1164.0,0.0,6688.0,0.0,5189.0,0.0,1498.0,1.0
2023-03-20 16:33:00.408000+00:00,1165.0,0.0,6698.0,0.0,5197.0,1.0,1499.0,0.0
2023-03-20 16:33:05.408000+00:00,1166.0,0.0,6698.0,0.0,5197.0,0.0,1499.0,0.0
2023-03-20 16:33:10.408000+00:00,1166.0,0.0,6698.0,0.0,5197.0,0.0,1499.0,0.0
2023-03-20 16:33:15.408000+00:00,1166.0,0.0,6698.0,0.0,5197.0,0.0,1500.0,0.0
2023-03-20 16:33:20.408000+00:00,1167.0,0.0,6712.0,2.0,5208.0,0.0,1502.0,0.0
2023-03-20 16:33:25.408000+00:00,1169.0,0.0,6720.0,1.0,5214.0,2.0,1504.0,0.0
2023-03-20 16:33:30.408000+00:00,1171.0,0.0,6739.0,2.0,5229.0,1.0,1511.0,2.0
2023-03-20 16:33:35.408000+00:00,1173.0,1.0,6761.0,2.0,5246.0,1.0,1514.0,0.0
2023-03-20 16:33:40.408000+00:00,1176.0,0.0,6771.0,2.0,5254.0,0.0,1516.0,0.0
2023-03-20 16:33:45.408000+00:00,1178.0,0.0,6785.0,0.0,5265.0,0.0,1519.0,0.0
2023-03-20 16:33:50.408000+00:00,1180.0,0.0,6794.0,1.0,5272.0,1.0,1520.0,0.0
2023-03-20 16:33:55.408000+00:00,1183.0,0.0,6794.0,0.0,5272.0,0.0,1520.0,0.0
2023-03-20 16:34:00.408000+00:00,1183.0,0.0,6794.0,0.0,5272.0,0.0,1520.0,0.0
2023-03-20 16:34:05.408000+00:00,1183.0,0.0,6804.0,1.0,5280.0,0.0,1524.0,0.0
2023-03-20 16:34:10.408000+00:00,1183.0,0.0,6818.0,1.0,5291.0,1.0,1525.0,0.0
2023-03-20 16:34:15.408000+00:00,1183.0,0.0,6822.0,1.0,5294.0,1.0,1527.0,0.0
2023-03-20 16:34:20.408000+00:00,1186.0,0.0,6826.0,1.0,5297.0,0.0,1527.0,0.0
2023-03-20 16:34:25.408000+00:00,1190.0,0.0,6834.0,2.0,5303.0,0.0,1529.0,1.0
2023-03-20 16:34:30.408000+00:00,1191.0,0.0,6834.0,0.0,5303.0,0.0,1529.0,0.0
2023-03-20 16:34:35.408000+00:00,1191.0,0.0,6838.0,2.0,5306.0,0.0,1530.0,0.0
2023-03-20 16:34:40.408000+00:00,1192.0,0.0,6843.0,0.0,5310.0,1.0,1532.0,1.0
2023-03-20 16:34:45.408000+00:00,1192.0,0.0,6858.0,0.0,5322.0,1.0,1534.0,0.0
2023-03-20 16:34:50.408000+00:00,1196.0,0.0,6863.0,1.0,5326.0,0.0,1535.0,0.0
2023-03-20 16:34:55.408000+00:00,1196.0,0.0,6867.0,0.0,5329.0,1.0,1537.0,0.0
2023-03-20 16:35:00.408000+00:00,1198.0,0.0,6872.0,1.0,5333.0,1.0,1537.0,0.0
2023-03-20 16:35:05.408000+00:00,1198.0,0.0,6876.0,1.0,5336.0,0.0,1539.0,0.0
2023-03-20 16:35:10.408000+00:00,1199.0,1.0,6892.0,4.0,5348.0,2.0,1543.0,0.0
2023-03-20 16:35:15.408000+00:00,1202.0,0.0,6907.0,1.0,5359.0,1.0,1546.0,0.0
2023-03-20 16:35:20.408000+00:00,1204.0,0.0,6927.0,1.0,5375.0,2.0,1549.0,0.0
2023-03-20 16:35:25.408000+00:00,1206.0,0.0,6932.0,1.0,5379.0,1.0,1551.0,1.0
2023-03-20 16:35:30.408000+00:00,1208.0,0.0,6946.0,1.0,5390.0,1.0,1553.0,2.0
2023-03-20 16:35:35.408000+00:00,1209.0,0.0,6951.0,1.0,5394.0,2.0,1554.0,1.0
2023-03-20 16:35:40.408000+00:00,1211.0,0.0,6973.0,3.0,5411.0,4.0,1561.0,3.0
2023-03-20 16:35:45.408000+00:00,1214.0,1.0,6986.0,0.0,5421.0,4.0,1562.0,1.0
2023-03-20 16:35:50.408000+00:00,1217.0,0.0,6990.0,0.0,5424.0,0.0,1563.0,0.0
2023-03-20 16:35:55.408000+00:00,1218.0,0.0,7007.0,3.0,5437.0,0.0,1567.0,0.0
2023-03-20 16:36:00.408000+00:00,1220.0,0.0,7008.0,0.0,5438.0,0.0,1567.0,0.0
2023-03-20 16:36:05.408000+00:00,1221.0,0.0,7012.0,0.0,5441.0,0.0,1568.0,0.0
2023-03-20 16:36:10.408000+00:00,1221.0,0.0,7018.0,0.0,5446.0,1.0,1570.0,0.0
2023-03-20 16:36:15.408000+00:00,1223.0,0.0,7021.0,0.0,5448.0,1.0,1570.0,0.0
2023-03-20 16:36:20.408000+00:00,1223.0,0.0,7021.0,0.0,5448.0,0.0,1571.0,0.0
2023-03-20 16:36:25.408000+00:00,1224.0,0.0,7030.0,1.0,5455.0,1.0,1572.0,0.0
2023-03-20 16:36:30.408000+00:00,1226.0,0.0,7034.0,2.0,5458.0,0.0,1574.0,0.0
2023-03-20 16:36:35.408000+00:00,1226.0,0.0,7046.0,0.0,5467.0,0.0,1576.0,0.0
2023-03-20 16:36:40.408000+00:00,1229.0,1.0,7058.0,2.0,5477.0,0.0,1579.0,0.0
2023-03-20 16:36:45.408000+00:00,1230.0,0.0,7062.0,1.0,5480.0,1.0,1579.0,0.0
2023-03-20 16:36:50.408000+00:00,1231.0,0.0,7062.0,0.0,5480.0,0.0,1580.0,0.0
2023-03-20 16:36:55.408000+00:00,1232.0,0.0,7072.0,0.0,5488.0,1.0,1581.0,0.0
2023-03-20 16:37:00.408000+00:00,1233.0,0.0,7076.0,0.0,5491.0,0.0,1582.0,0.0
2023-03-20 16:37:05.408000+00:00,1234.0,0.0,7084.0,0.0,5497.0,1.0,1584.0,0.0
2023-03-20 16:37:10.408000+00:00,1235.0,0.0,7088.0,0.0,5500.0,2.0,1585.0,0.0
2023-03-20 16:37:15.408000+00:00,1235.0,0.0,7094.0,1.0,5505.0,0.0,1586.0,0.0
2023-03-20 16:37:20.408000+00:00,1237.0,0.0,7094.0,0.0,5505.0,0.0,1586.0,0.0
2023-03-20 16:37:25.408000+00:00,1237.0,0.0,7108.0,1.0,5516.0,5.0,1589.0,0.0
2023-03-20 16:37:30.408000+00:00,1239.0,0.0,7119.0,2.0,5525.0,2.0,1591.0,0.0
2023-03-20 16:37:35.408000+00:00,1240.0,0.0,7129.0,2.0,5533.0,1.0,1593.0,0.0
2023-03-20 16:37:40.408000+00:00,1243.0,0.0,7137.0,1.0,5539.0,2.0,1596.0,1.0
2023-03-20 16:37:45.408000+00:00,1246.0,1.0,7146.0,4.0,5546.0,1.0,1597.0,0.0
2023-03-20 16:37:50.408000+00:00,1247.0,0.0,7154.0,3.0,5552.0,0.0,1599.0,0.0
2023-03-20 16:37:55.408000+00:00,1248.0,0.0,7154.0,0.0,5552.0,0.0,1600.0,0.0
2023-03-20 16:38:00.408000+00:00,1249.0,0.0,7162.0,1.0,5558.0,0.0,1602.0,0.0
2023-03-20 16:38:05.408000+00:00,1251.0,0.0,7184.0,4.0,5575.0,3.0,1606.0,1.0
2023-03-20 16:38:10.408000+00:00,1254.0,1.0,7189.0,1.0,5579.0,1.0,1607.0,0.0
2023-03-20 16:38:15.408000+00:00,1254.0,0.0,7193.0,0.0,5582.0,0.0,1608.0,0.0
2023-03-20 16:38:20.408000+00:00,1255.0,0.0,7203.0,3.0,5590.0,3.0,1610.0,0.0
2023-03-20 16:38:25.408000+00:00,1257.0,0.0,7213.0,1.0,5598.0,0.0,1612.0,1.0
2023-03-20 16:38:30.408000+00:00,1258.0,0.0,7218.0,1.0,5602.0,0.0,1614.0,0.0
2023-03-20 16:38:35.408000+00:00,1261.0,0.0,7223.0,1.0,5606.0,0.0,1614.0,0.0
2023-03-20 16:38:40.408000+00:00,1262.0,1.0,7231.0,2.0,5612.0,0.0,1617.0,0.0
2023-03-20 16:38:45.408000+00:00,1264.0,0.0,7242.0,2.0,5621.0,1.0,1619.0,1.0
2023-03-20 16:38:50.408000+00:00,1266.0,0.0,7250.0,1.0,5627.0,0.0,1620.0,0.0
2023-03-20 16:38:55.408000+00:00,1266.0,0.0,7254.0,1.0,5630.0,0.0,1621.0,1.0
2023-03-20 16:39:00.408000+00:00,1266.0,0.0,7258.0,0.0,5633.0,0.0,1622.0,0.0
2023-03-20 16:39:05.408000+00:00,1267.0,0.0,7268.0,0.0,5641.0,0.0,1625.0,0.0
2023-03-20 16:39:10.408000+00:00,1268.0,0.0,7272.0,0.0,5644.0,1.0,1625.0,0.0
2023-03-20 16:39:15.408000+00:00,1268.0,0.0,7279.0,0.0,5649.0,0.0,1627.0,0.0
2023-03-20 16:39:20.408000+00:00,1270.0,0.0,7286.0,2.0,5655.0,0.0,1628.0,0.0
2023-03-20 16:39:25.408000+00:00,1271.0,0.0,7291.0,0.0,5659.0,1.0,1630.0,0.0
2023-03-20 16:39:30.408000+00:00,1273.0,0.0,7300.0,2.0,5666.0,0.0,1631.0,0.0
2023-03-20 16:39:35.408000+00:00,1274.0,1.0,7301.0,0.0,5667.0,0.0,1631.0,0.0
2023-03-20 16:39:40.408000+00:00,1274.0,0.0,7313.0,3.0,5676.0,0.0,1634.0,0.0
2023-03-20 16:39:45.408000+00:00,1276.0,0.0,7325.0,0.0,5686.0,0.0,1636.0,0.0
2023-03-20 16:39:50.408000+00:00,1277.0,1.0,7348.0,3.0,5704.0,3.0,1641.0,2.0
2023-03-20 16:39:55.408000+00:00,1277.0,0.0,7353.0,0.0,5708.0,0.0,1642.0,0.0
2023-03-20 16:40:00.408000+00:00,1278.0,0.0,7357.0,0.0,5711.0,1.0,1644.0,1.0
2023-03-20 16:40:05.408000+00:00,1281.0,1.0,7370.0,2.0,5721.0,1.0,1646.0,0.0
2023-03-20 16:40:10.408000+00:00,1281.0,0.0,7379.0,0.0,5728.0,0.0,1649.0,0.0
2023-03-20 16:40:15.408000+00:00,1283.0,0.0,7393.0,1.0,5739.0,1.0,1651.0,1.0
2023-03-20 16:40:20.408000+00:00,1284.0,0.0,7409.0,2.0,5752.0,3.0,1654.0,0.0
2023-03-20 16:40:25.408000+00:00,1288.0,2.0,7413.0,0.0,5755.0,0.0,1657.0,1.0
2023-03-20 16:40:30.408000+00:00,1292.0,2.0,7422.0,1.0,5762.0,1.0,1657.0,0.0
2023-03-20 16:40:35.408000+00:00,1294.0,2.0,7431.0,2.0,5769.0,1.0,1660.0,0.0
2023-03-20 16:40:40.408000+00:00,1294.0,0.0,7440.0,1.0,5776.0,2.0,1662.0,0.0
2023-03-20 16:40:45.408000+00:00,1295.0,0.0,7455.0,5.0,5788.0,0.0,1664.0,0.0
2023-03-20 16:40:50.408000+00:00,1297.0,0.0,7459.0,1.0,5791.0,1.0,1665.0,0.0
2023-03-20 16:40:55.408000+00:00,1298.0,1.0,7474.0,2.0,5802.0,0.0,1669.0,0.0
2023-03-20 16:41:00.408000+00:00,1299.0,0.0,7474.0,0.0,5802.0,0.0,1669.0,0.0
2023-03-20 16:41:05.408000+00:00,1302.0,3.0,7474.0,0.0,5802.0,0.0,1669.0,0.0
2023-03-20 16:41:10.410000+00:00,1304.0,0.0,7478.0,2.0,5805.0,2.0,1672.0,1.0
2023-03-20 16:41:15.408000+00:00,1305.0,0.0,7488.0,2.0,5812.0,0.0,1673.0,0.0
2023-03-20 16:41:20.408000+00:00,1306.0,0.0,7492.0,1.0,5815.0,0.0,1675.0,0.0
2023-03-20 16:41:25.408000+00:00,1306.0,0.0,7507.0,2.0,5827.0,2.0,1678.0,0.0
2023-03-20 16:41:30.408000+00:00,1307.0,0.0,7512.0,2.0,5831.0,1.0,1678.0,0.0
2023-03-20 16:41:35.408000+00:00,1311.0,2.0,7521.0,4.0,5838.0,2.0,1680.0,0.0
2023-03-20 16:41:40.408000+00:00,1311.0,0.0,7529.0,3.0,5844.0,2.0,1682.0,0.0
2023-03-20 16:41:45.408000+00:00,1313.0,0.0,7534.0,0.0,5848.0,0.0,1683.0,0.0
2023-03-20 16:41:50.408000+00:00,1315.0,0.0,7543.0,3.0,5855.0,1.0,1685.0,0.0
2023-03-20 16:41:55.408000+00:00,1315.0,0.0,7552.0,3.0,5862.0,3.0,1687.0,1.0
2023-03-20 16:42:00.408000+00:00,1316.0,0.0,7552.0,0.0,5862.0,0.0,1687.0,0.0
2023-03-20 16:42:05.408000+00:00,1316.0,0.0,7561.0,4.0,5869.0,1.0,1690.0,0.0
2023-03-20 16:42:10.408000+00:00,1319.0,2.0,7575.0,3.0,5880.0,3.0,1692.0,0.0
2023-03-20 16:42:15.408000+00:00,1320.0,0.0,7575.0,0.0,5880.0,0.0,1693.0,0.0
2023-03-20 16:42:20.408000+00:00,1320.0,0.0,7579.0,0.0,5883.0,0.0,1694.0,0.0
2023-03-20 16:42:25.408000+00:00,1321.0,1.0,7604.0,4.0,5902.0,0.0,1699.0,0.0
2023-03-20 16:42:30.408000+00:00,1323.0,0.0,7610.0,1.0,5907.0,1.0,1701.0,0.0
2023-03-20 16:42:35.410000+00:00,1325.0,0.0,7627.0,7.0,5920.0,1.0,1705.0,1.0
2023-03-20 16:42:40.408000+00:00,1327.0,1.0,7633.0,0.0,5925.0,1.0,1706.0,0.0
2023-03-20 16:42:45.408000+00:00,1328.0,0.0,7651.0,3.0,5939.0,0.0,1709.0,1.0
2023-03-20 16:42:50.408000+00:00,1330.0,0.0,7667.0,3.0,5951.0,1.0,1713.0,0.0
2023-03-20 16:42:55.408000+00:00,1332.0,1.0,7673.0,0.0,5956.0,1.0,1715.0,0.0
2023-03-20 16:43:00.408000+00:00,1336.0,0.0,7679.0,2.0,5961.0,2.0,1715.0,0.0
2023-03-20 16:43:05.408000+00:00,1337.0,0.0,7684.0,0.0,5965.0,1.0,1716.0,0.0
2023-03-20 16:43:10.408000+00:00,1340.0,2.0,7684.0,0.0,5965.0,0.0,1718.0,0.0
2023-03-20 16:43:15.408000+00:00,1343.0,1.0,7700.0,4.0,5977.0,1.0,1721.0,1.0
2023-03-20 16:43:20.408000+00:00,1344.0,1.0,7708.0,2.0,5983.0,3.0,1723.0,0.0
2023-03-20 16:43:25.408000+00:00,1346.0,1.0,7714.0,0.0,5988.0,1.0,1724.0,0.0
2023-03-20 16:43:30.410000+00:00,1347.0,0.0,7724.0,0.0,5996.0,2.0,1725.0,0.0
2023-03-20 16:43:35.408000+00:00,1348.0,0.0,7734.0,1.0,6004.0,2.0,1728.0,0.0
2023-03-20 16:43:40.408000+00:00,1351.0,1.0,7738.0,1.0,6007.0,0.0,1729.0,0.0
2023-03-20 16:43:45.408000+00:00,1351.0,0.0,7751.0,2.0,6017.0,3.0,1732.0,0.0
2023-03-20 16:43:50.408000+00:00,1354.0,1.0,7764.0,1.0,6027.0,3.0,1734.0,0.0
2023-03-20 16:43:55.408000+00:00,1356.0,2.0,7765.0,0.0,6028.0,1.0,1735.0,0.0
2023-03-20 16:44:00.408000+00:00,1357.0,0.0,7770.0,0.0,6032.0,3.0,1735.0,0.0
2023-03-20 16:44:05.408000+00:00,1357.0,0.0,7774.0,2.0,6035.0,0.0,1736.0,0.0
2023-03-20 16:44:10.408000+00:00,1357.0,0.0,7774.0,0.0,6035.0,0.0,1736.0,0.0
2023-03-20 16:44:15.408000+00:00,1357.0,0.0,7774.0,0.0,6035.0,0.0,1736.0,0.0
2023-03-20 16:44:20.408000+00:00,1357.0,0.0,7775.0,0.0,6036.0,0.0,1737.0,0.0
2023-03-20 16:44:25.408000+00:00,1357.0,0.0,7792.0,5.0,6049.0,2.0,1740.0,0.0
2023-03-20 16:44:30.408000+00:00,1357.0,0.0,7802.0,3.0,6057.0,1.0,1742.0,0.0
2023-03-20 16:44:35.408000+00:00,1358.0,0.0,7813.0,1.0,6065.0,1.0,1747.0,1.0
2023-03-20 16:44:40.408000+00:00,1361.0,1.0,7823.0,1.0,6073.0,0.0,1747.0,0.0
2023-03-20 16:44:45.408000+00:00,1363.0,0.0,7823.0,0.0,6073.0,0.0,1747.0,0.0
2023-03-20 16:44:50.408000+00:00,1366.0,0.0,7832.0,1.0,6080.0,0.0,1749.0,0.0
2023-03-20 16:44:55.408000+00:00,1368.0,0.0,7841.0,1.0,6087.0,1.0,1751.0,0.0
2023-03-20 16:45:00.408000+00:00,1369.0,0.0,7841.0,0.0,6087.0,0.0,1751.0,0.0
2023-03-20 16:45:05.408000+00:00,1370.0,0.0,7859.0,0.0,6101.0,4.0,1756.0,2.0
2023-03-20 16:45:10.408000+00:00,1372.0,0.0,7864.0,3.0,6105.0,1.0,1756.0,0.0
2023-03-20 16:45:15.408000+00:00,1372.0,0.0,7869.0,1.0,6109.0,3.0,1757.0,0.0
2023-03-20 16:45:20.408000+00:00,1373.0,0.0,7885.0,0.0,6121.0,2.0,1762.0,1.0
2023-03-20 16:45:25.408000+00:00,1374.0,0.0,7900.0,1.0,6133.0,0.0,1764.0,0.0
2023-03-20 16:45:30.408000+00:00,1377.0,1.0,7904.0,0.0,6136.0,0.0,1765.0,0.0
2023-03-20 16:45:35.408000+00:00,1380.0,2.0,7905.0,0.0,6137.0,0.0,1765.0,0.0
2023-03-20 16:45:40.408000+00:00,1380.0,0.0,7909.0,0.0,6140.0,0.0,1766.0,0.0
2023-03-20 16:45:45.408000+00:00,1380.0,0.0,7920.0,3.0,6148.0,1.0,1769.0,0.0
2023-03-20 16:45:50.408000+00:00,1382.0,0.0,7925.0,0.0,6152.0,0.0,1770.0,0.0
2023-03-20 16:45:55.408000+00:00,1382.0,0.0,7925.0,0.0,6152.0,0.0,1771.0,0.0
2023-03-20 16:46:00.408000+00:00,1382.0,0.0,7929.0,1.0,6155.0,1.0,1771.0,0.0
2023-03-20 16:46:05.408000+00:00,1383.0,1.0,7938.0,2.0,6162.0,0.0,1773.0,0.0
2023-03-20 16:46:10.408000+00:00,1384.0,0.0,7946.0,4.0,6168.0,1.0,1775.0,0.0
2023-03-20 16:46:15.408000+00:00,1385.0,0.0,7947.0,0.0,6169.0,1.0,1776.0,0.0
2023-03-20 16:46:20.408000+00:00,1386.0,0.0,7951.0,2.0,6172.0,1.0,1776.0,0.0
2023-03-20 16:46:25.408000+00:00,1386.0,0.0,7951.0,0.0,6172.0,0.0,1776.0,0.0
2023-03-20 16:46:30.408000+00:00,1387.0,0.0,7956.0,1.0,6176.0,0.0,1778.0,1.0
2023-03-20 16:46:35.408000+00:00,1388.0,1.0,7962.0,2.0,6181.0,2.0,1779.0,0.0
2023-03-20 16:46:40.408000+00:00,1391.0,0.0,7983.0,7.0,6197.0,2.0,1784.0,2.0
2023-03-20 16:46:45.408000+00:00,1392.0,0.0,7993.0,3.0,6205.0,0.0,1786.0,0.0
2023-03-20 16:46:50.408000+00:00,1395.0,0.0,8006.0,10.0,6215.0,2.0,1789.0,0.0
2023-03-20 16:46:55.408000+00:00,1397.0,0.0,8012.0,0.0,6220.0,0.0,1789.0,0.0
2023-03-20 16:47:00.408000+00:00,1399.0,0.0,8016.0,1.0,6223.0,2.0,1791.0,0.0
2023-03-20 16:47:05.408000+00:00,1400.0,0.0,8021.0,0.0,6227.0,1.0,1791.0,0.0
2023-03-20 16:47:10.408000+00:00,1400.0,0.0,8029.0,2.0,6233.0,0.0,1793.0,0.0
2023-03-20 16:47:15.408000+00:00,1401.0,0.0,8038.0,2.0,6240.0,0.0,1795.0,0.0
2023-03-20 16:47:20.408000+00:00,1401.0,0.0,8048.0,0.0,6248.0,0.0,1797.0,1.0
2023-03-20 16:47:25.408000+00:00,1403.0,1.0,8048.0,0.0,6248.0,0.0,1797.0,0.0
2023-03-20 16:47:30.410000+00:00,1403.0,0.0,8056.0,2.0,6254.0,1.0,1799.0,0.0
2023-03-20 16:47:35.408000+00:00,1404.0,0.0,8064.0,1.0,6260.0,1.0,1801.0,0.0
2023-03-20 16:47:40.408000+00:00,1405.0,1.0,8088.0,4.0,6279.0,3.0,1806.0,0.0
2023-03-20 16:47:45.408000+00:00,1407.0,0.0,8092.0,0.0,6282.0,1.0,1807.0,0.0
2023-03-20 16:47:50.408000+00:00,1410.0,0.0,8102.0,2.0,6290.0,1.0,1810.0,1.0
2023-03-20 16:47:55.408000+00:00,1412.0,1.0,8106.0,2.0,6293.0,1.0,1811.0,0.0
2023-03-20 16:48:00.408000+00:00,1413.0,0.0,8118.0,3.0,6302.0,2.0,1813.0,0.0
2023-03-20 16:48:05.408000+00:00,1414.0,0.0,8124.0,1.0,6307.0,0.0,1815.0,2.0
2023-03-20 16:48:10.408000+00:00,1416.0,1.0,8128.0,0.0,6310.0,1.0,1815.0,0.0
2023-03-20 16:48:15.408000+00:00,1416.0,0.0,8128.0,0.0,6310.0,0.0,1815.0,0.0
2023-03-20 16:48:20.408000+00:00,1417.0,1.0,8137.0,2.0,6317.0,0.0,1817.0,1.0
2023-03-20 16:48:25.408000+00:00,1418.0,1.0,8137.0,0.0,6317.0,0.0,1818.0,0.0
2023-03-20 16:48:30.408000+00:00,1418.0,0.0,8141.0,0.0,6320.0,0.0,1820.0,0.0
2023-03-20 16:48:35.408000+00:00,1420.0,0.0,8150.0,0.0,6327.0,0.0,1822.0,0.0
2023-03-20 16:48:40.408000+00:00,1420.0,0.0,8158.0,1.0,6333.0,0.0,1824.0,0.0
2023-03-20 16:48:45.408000+00:00,1421.0,0.0,8162.0,0.0,6336.0,0.0,1825.0,0.0
2023-03-20 16:48:50.408000+00:00,1422.0,0.0,8171.0,2.0,6343.0,2.0,1826.0,0.0
2023-03-20 16:48:55.408000+00:00,1423.0,0.0,8176.0,1.0,6347.0,1.0,1828.0,0.0
2023-03-20 16:49:00.408000+00:00,1425.0,0.0,8185.0,0.0,6354.0,2.0,1829.0,0.0
2023-03-20 16:49:05.408000+00:00,1426.0,0.0,8185.0,0.0,6354.0,0.0,1831.0,0.0
2023-03-20 16:49:10.408000+00:00,1429.0,0.0,8200.0,1.0,6366.0,1.0,1831.0,0.0
2023-03-20 16:49:15.408000+00:00,1429.0,0.0,8200.0,0.0,6366.0,0.0,1835.0,1.0
2023-03-20 16:49:20.408000+00:00,1429.0,0.0,8215.0,1.0,6377.0,0.0,1839.0,0.0
2023-03-20 16:49:25.408000+00:00,1429.0,0.0,8231.0,0.0,6390.0,3.0,1842.0,1.0
2023-03-20 16:49:30.408000+00:00,1432.0,0.0,8244.0,2.0,6400.0,0.0,1842.0,0.0
2023-03-20 16:49:35.408000+00:00,1434.0,0.0,8249.0,2.0,6404.0,2.0,1843.0,0.0
2023-03-20 16:49:40.408000+00:00,1436.0,0.0,8252.0,0.0,6406.0,0.0,1844.0,0.0
2023-03-20 16:49:45.408000+00:00,1437.0,0.0,8256.0,1.0,6409.0,0.0,1847.0,0.0
2023-03-20 16:49:50.408000+00:00,1438.0,0.0,8271.0,1.0,6421.0,1.0,1848.0,0.0
2023-03-20 16:49:55.408000+00:00,1441.0,1.0,8276.0,1.0,6425.0,0.0,1850.0,0.0
2023-03-20 16:50:00.408000+00:00,1442.0,0.0,8286.0,0.0,6433.0,1.0,1851.0,0.0
2023-03-20 16:50:05.408000+00:00,1443.0,1.0,8291.0,1.0,6437.0,1.0,1851.0,0.0
2023-03-20 16:50:10.408000+00:00,1444.0,0.0,8291.0,0.0,6437.0,0.0,1853.0,0.0
2023-03-20 16:50:15.408000+00:00,1444.0,0.0,8299.0,0.0,6443.0,0.0,1855.0,0.0
2023-03-20 16:50:20.408000+00:00,1445.0,0.0,8304.0,1.0,6447.0,0.0,1857.0,0.0
2023-03-20 16:50:25.408000+00:00,1447.0,0.0,8316.0,2.0,6456.0,0.0,1858.0,0.0
2023-03-20 16:50:30.408000+00:00,1448.0,0.0,8316.0,0.0,6456.0,0.0,1861.0,0.0
2023-03-20 16:50:35.408000+00:00,1448.0,0.0,8331.0,2.0,6467.0,0.0,1861.0,0.0
2023-03-20 16:50:40.408000+00:00,1449.0,0.0,8332.0,1.0,6468.0,0.0,1861.0,0.0
2023-03-20 16:50:45.408000+00:00,1449.0,0.0,8332.0,0.0,6468.0,0.0,1862.0,0.0
2023-03-20 16:50:50.408000+00:00,1449.0,0.0,8336.0,0.0,6471.0,1.0,1864.0,0.0
2023-03-20 16:50:55.408000+00:00,1449.0,0.0,8340.0,0.0,6474.0,0.0,1865.0,0.0
2023-03-20 16:51:00.408000+00:00,1450.0,0.0,8345.0,2.0,6478.0,0.0,1868.0,1.0
2023-03-20 16:51:05.408000+00:00,1453.0,1.0,8359.0,1.0,6489.0,2.0,1870.0,0.0
2023-03-20 16:51:10.408000+00:00,1454.0,0.0,8367.0,1.0,6495.0,1.0,1872.0,0.0
2023-03-20 16:51:15.408000+00:00,1456.0,0.0,8382.0,4.0,6507.0,0.0,1872.0,0.0
2023-03-20 16:51:20.408000+00:00,1458.0,0.0,8382.0,0.0,6507.0,0.0,1872.0,0.0
2023-03-20 16:51:25.408000+00:00,1458.0,0.0,8382.0,0.0,6507.0,0.0,1875.0,0.0
2023-03-20 16:51:30.408000+00:00,1458.0,0.0,8391.0,2.0,6514.0,1.0,1876.0,0.0
2023-03-20 16:51:35.408000+00:00,1462.0,1.0,8400.0,2.0,6521.0,0.0,1876.0,0.0
2023-03-20 16:51:40.408000+00:00,1462.0,0.0,8400.0,0.0,6521.0,0.0,1876.0,0.0
2023-03-20 16:51:45.408000+00:00,1462.0,0.0,8400.0,0.0,6521.0,0.0,1876.0,0.0
2023-03-20 16:51:50.408000+00:00,1462.0,0.0,8400.0,0.0,6521.0,0.0,1879.0,1.0
2023-03-20 16:51:55.408000+00:00,1462.0,0.0,8400.0,0.0,6521.0,0.0,1879.0,0.0
2023-03-20 16:52:00.408000+00:00,1462.0,0.0,8412.0,3.0,6530.0,1.0,1879.0,0.0
2023-03-20 16:52:05.408000+00:00,1464.0,0.0,8412.0,0.0,6530.0,0.0,1880.0,0.0
2023-03-20 16:52:10.408000+00:00,1465.0,0.0,8416.0,0.0,6533.0,1.0,1881.0,1.0
2023-03-20 16:52:15.408000+00:00,1465.0,0.0,8420.0,1.0,6536.0,0.0,1882.0,0.0
2023-03-20 16:52:20.408000+00:00,1466.0,0.0,8425.0,2.0,6540.0,1.0,1883.0,0.0
2023-03-20 16:52:25.408000+00:00,1467.0,0.0,8431.0,1.0,6545.0,0.0,1888.0,0.0
2023-03-20 16:52:30.408000+00:00,1468.0,0.0,8448.0,4.0,6558.0,0.0,1893.0,0.0
2023-03-20 16:52:35.408000+00:00,1470.0,0.0,8466.0,0.0,6572.0,3.0,1897.0,0.0
2023-03-20 16:52:40.408000+00:00,1473.0,1.0,8488.0,3.0,6589.0,2.0,1898.0,0.0
2023-03-20 16:52:45.408000+00:00,1474.0,0.0,8498.0,1.0,6597.0,1.0,1899.0,0.0
2023-03-20 16:52:50.408000+00:00,1476.0,0.0,8498.0,0.0,6597.0,0.0,1902.0,0.0
2023-03-20 16:52:55.408000+00:00,1478.0,0.0,8514.0,5.0,6609.0,1.0,1903.0,0.0
2023-03-20 16:53:00.408000+00:00,1481.0,0.0,8515.0,0.0,6610.0,0.0,1903.0,0.0
2023-03-20 16:53:05.408000+00:00,1483.0,0.0,8519.0,0.0,6613.0,0.0,1904.0,0.0
2023-03-20 16:53:10.408000+00:00,1483.0,0.0,8523.0,0.0,6616.0,0.0,1906.0,0.0
2023-03-20 16:53:15.408000+00:00,1485.0,0.0,8528.0,0.0,6620.0,1.0,1906.0,0.0
2023-03-20 16:53:20.408000+00:00,1486.0,0.0,8532.0,1.0,6623.0,1.0,1907.0,0.0
2023-03-20 16:53:25.408000+00:00,1486.0,0.0,8536.0,1.0,6626.0,0.0,1909.0,0.0
2023-03-20 16:53:30.408000+00:00,1488.0,0.0,8540.0,1.0,6629.0,0.0,1910.0,0.0
2023-03-20 16:53:35.408000+00:00,1489.0,0.0,8548.0,1.0,6635.0,1.0,1910.0,0.0
2023-03-20 16:53:40.408000+00:00,1489.0,0.0,8548.0,0.0,6635.0,0.0,1913.0,0.0
2023-03-20 16:53:45.408000+00:00,1489.0,0.0,8558.0,2.0,6643.0,1.0,1914.0,0.0
2023-03-20 16:53:50.408000+00:00,1490.0,0.0,8567.0,1.0,6650.0,3.0,1914.0,0.0
2023-03-20 16:53:55.408000+00:00,1490.0,0.0,8567.0,0.0,6650.0,0.0,1915.0,0.0
2023-03-20 16:54:00.408000+00:00,1490.0,0.0,8572.0,2.0,6654.0,1.0,1919.0,2.0
2023-03-20 16:54:05.408000+00:00,1490.0,0.0,8585.0,2.0,6664.0,4.0,1921.0,0.0
2023-03-20 16:54:10.408000+00:00,1493.0,0.0,8598.0,2.0,6674.0,3.0,1922.0,0.0
2023-03-20 16:54:15.408000+00:00,1494.0,1.0,8603.0,1.0,6678.0,0.0,1923.0,0.0
2023-03-20 16:54:20.408000+00:00,1497.0,0.0,8607.0,1.0,6681.0,0.0,1928.0,0.0
2023-03-20 16:54:25.408000+00:00,1499.0,0.0,8626.0,2.0,6696.0,0.0,1932.0,2.0
2023-03-20 16:54:30.408000+00:00,1501.0,0.0,8653.0,1.0,6718.0,4.0,1935.0,0.0
2023-03-20 16:54:35.408000+00:00,1502.0,0.0,8666.0,1.0,6728.0,1.0,1937.0,0.0
2023-03-20 16:54:40.408000+00:00,1504.0,0.0,8670.0,1.0,6731.0,1.0,1938.0,0.0
2023-03-20 16:54:45.408000+00:00,1507.0,0.0,8679.0,1.0,6738.0,2.0,1941.0,0.0
2023-03-20 16:54:50.408000+00:00,1508.0,0.0,8691.0,0.0,6747.0,0.0,1944.0,0.0
2023-03-20 16:54:55.408000+00:00,1509.0,0.0,8704.0,1.0,6757.0,2.0,1948.0,1.0
2023-03-20 16:55:00.408000+00:00,1511.0,1.0,8723.0,3.0,6772.0,3.0,1948.0,0.0
2023-03-20 16:55:05.408000+00:00,1515.0,1.0,8723.0,0.0,6772.0,0.0,1950.0,0.0
2023-03-20 16:55:10.408000+00:00,1517.0,0.0,8723.0,0.0,6772.0,0.0,1952.0,0.0
2023-03-20 16:55:15.408000+00:00,1519.0,0.0,8736.0,2.0,6782.0,1.0,1954.0,0.0
2023-03-20 16:55:20.408000+00:00,1520.0,0.0,8736.0,0.0,6782.0,0.0,1957.0,0.0
2023-03-20 16:55:25.408000+00:00,1524.0,0.0,8745.0,0.0,6789.0,0.0,1958.0,0.0
2023-03-20 16:55:30.408000+00:00,1525.0,0.0,8758.0,0.0,6799.0,0.0,1958.0,0.0
2023-03-20 16:55:35.408000+00:00,1526.0,0.0,8762.0,1.0,6802.0,0.0,1959.0,0.0
2023-03-20 16:55:40.408000+00:00,1528.0,1.0,8766.0,1.0,6805.0,0.0,1960.0,0.0
2023-03-20 16:55:45.408000+00:00,1528.0,0.0,8770.0,0.0,6808.0,0.0,1960.0,0.0
2023-03-20 16:55:50.408000+00:00,1529.0,0.0,8770.0,0.0,6808.0,0.0,1961.0,0.0
2023-03-20 16:55:55.408000+00:00,1530.0,0.0,8774.0,1.0,6811.0,0.0,1961.0,0.0
2023-03-20 16:56:00.408000+00:00,1530.0,0.0,8774.0,0.0,6811.0,0.0,1962.0,0.0
2023-03-20 16:56:05.408000+00:00,1531.0,0.0,8778.0,0.0,6814.0,1.0,1965.0,1.0
2023-03-20 16:56:10.408000+00:00,1532.0,0.0,8783.0,1.0,6818.0,0.0,1965.0,0.0
2023-03-20 16:56:15.408000+00:00,1533.0,1.0,8796.0,2.0,6828.0,3.0,1969.0,0.0
2023-03-20 16:56:20.408000+00:00,1534.0,0.0,8797.0,0.0,6829.0,0.0,1969.0,0.0
2023-03-20 16:56:25.408000+00:00,1535.0,0.0,8810.0,3.0,6839.0,1.0,1970.0,0.0
2023-03-20 16:56:30.408000+00:00,1538.0,2.0,8816.0,1.0,6844.0,0.0,1970.0,0.0
2023-03-20 16:56:35.408000+00:00,1538.0,0.0,8819.0,1.0,6846.0,0.0,1973.0,0.0
2023-03-20 16:56:40.408000+00:00,1539.0,0.0,8820.0,0.0,6847.0,0.0,1975.0,0.0
2023-03-20 16:56:45.408000+00:00,1539.0,0.0,8828.0,0.0,6853.0,2.0,1976.0,0.0
2023-03-20 16:56:50.408000+00:00,1541.0,1.0,8842.0,4.0,6864.0,1.0,1981.0,1.0
2023-03-20 16:56:55.408000+00:00,1543.0,1.0,8846.0,1.0,6867.0,2.0,1982.0,0.0
2023-03-20 16:57:00.408000+00:00,1545.0,0.0,8868.0,3.0,6884.0,2.0,1984.0,0.0
2023-03-20 16:57:05.408000+00:00,1546.0,1.0,8875.0,0.0,6890.0,0.0,1986.0,1.0
2023-03-20 16:57:10.408000+00:00,1549.0,0.0,8879.0,2.0,6893.0,0.0,1987.0,0.0
2023-03-20 16:57:15.408000+00:00,1551.0,0.0,8888.0,0.0,6900.0,2.0,1989.0,0.0
2023-03-20 16:57:20.408000+00:00,1551.0,0.0,8895.0,1.0,6905.0,0.0,1991.0,0.0
2023-03-20 16:57:25.408000+00:00,1552.0,1.0,8900.0,1.0,6909.0,1.0,1993.0,0.0
2023-03-20 16:57:30.408000+00:00,1554.0,1.0,8912.0,1.0,6918.0,3.0,1996.0,1.0
2023-03-20 16:57:35.408000+00:00,1555.0,0.0,8921.0,2.0,6925.0,1.0,1999.0,1.0
2023-03-20 16:57:40.408000+00:00,1557.0,0.0,8925.0,2.0,6928.0,0.0,2000.0,0.0
2023-03-20 16:57:45.408000+00:00,1557.0,0.0,8947.0,2.0,6945.0,2.0,2000.0,0.0
2023-03-20 16:57:50.408000+00:00,1559.0,0.0,8951.0,1.0,6948.0,0.0,2001.0,0.0
2023-03-20 16:57:55.408000+00:00,1561.0,0.0,8952.0,0.0,6949.0,1.0,2002.0,0.0
2023-03-20 16:58:00.408000+00:00,1562.0,0.0,8957.0,1.0,6953.0,1.0,2003.0,0.0
2023-03-20 16:58:05.408000+00:00,1562.0,0.0,8961.0,1.0,6956.0,0.0,2005.0,0.0
2023-03-20 16:58:10.408000+00:00,1562.0,0.0,8965.0,1.0,6959.0,0.0,2006.0,1.0
2023-03-20 16:58:15.408000+00:00,1564.0,0.0,8975.0,1.0,6967.0,0.0,2008.0,0.0
2023-03-20 16:58:20.408000+00:00,1565.0,0.0,8979.0,0.0,6970.0,0.0,2011.0,0.0
2023-03-20 16:58:25.408000+00:00,1565.0,0.0,8984.0,1.0,6974.0,0.0,2012.0,1.0
2023-03-20 16:58:30.408000+00:00,1565.0,0.0,9001.0,4.0,6987.0,2.0,2015.0,0.0
2023-03-20 16:58:35.408000+00:00,1567.0,1.0,9005.0,0.0,6990.0,1.0,2015.0,0.0
2023-03-20 16:58:40.408000+00:00,1568.0,0.0,9019.0,2.0,7001.0,1.0,2017.0,1.0
2023-03-20 16:58:45.408000+00:00,1570.0,0.0,9020.0,1.0,7002.0,0.0,2019.0,0.0
2023-03-20 16:58:50.408000+00:00,1572.0,1.0,9025.0,1.0,7006.0,1.0,2023.0,1.0
2023-03-20 16:58:55.408000+00:00,1574.0,0.0,9035.0,0.0,7014.0,1.0,2025.0,0.0
2023-03-20 16:59:00.408000+00:00,1576.0,1.0,9056.0,4.0,7030.0,2.0,2027.0,0.0
2023-03-20 16:59:05.408000+00:00,1579.0,0.0,9067.0,0.0,7039.0,1.0,2029.0,0.0
2023-03-20 16:59:10.408000+00:00,1580.0,1.0,9077.0,2.0,7047.0,2.0,2030.0,0.0
2023-03-20 16:59:15.408000+00:00,1581.0,0.0,9085.0,1.0,7053.0,2.0,2033.0,0.0
2023-03-20 16:59:20.408000+00:00,1585.0,1.0,9091.0,0.0,7058.0,1.0,2036.0,0.0
2023-03-20 16:59:25.408000+00:00,1587.0,0.0,9104.0,2.0,7068.0,1.0,2037.0,0.0
2023-03-20 16:59:30.408000+00:00,1589.0,2.0,9118.0,0.0,7079.0,1.0,2040.0,0.0
2023-03-20 16:59:35.408000+00:00,1591.0,0.0,9122.0,1.0,7082.0,1.0,2044.0,2.0
2023-03-20 16:59:40.408000+00:00,1592.0,0.0,9136.0,0.0,7093.0,1.0,2046.0,0.0
2023-03-20 16:59:45.408000+00:00,1594.0,0.0,9155.0,2.0,7108.0,4.0,2048.0,1.0
2023-03-20 16:59:50.408000+00:00,1597.0,0.0,9155.0,0.0,7108.0,0.0,2048.0,0.0
2023-03-20 16:59:55.408000+00:00,1598.0,0.0,9173.0,1.0,7122.0,2.0,2051.0,0.0
2023-03-20 17:00:00.408000+00:00,1600.0,0.0,9174.0,0.0,7123.0,0.0,2052.0,0.0
2023-03-20 17:00:05.408000+00:00,1600.0,0.0,9186.0,0.0,7132.0,0.0,2053.0,0.0
2023-03-20 17:00:10.408000+00:00,1601.0,0.0,9192.0,1.0,7137.0,2.0,2053.0,0.0
2023-03-20 17:00:15.408000+00:00,1604.0,0.0,9196.0,0.0,7140.0,1.0,2057.0,0.0
2023-03-20 17:00:20.408000+00:00,1604.0,0.0,9196.0,0.0,7140.0,0.0,2058.0,1.0
2023-03-20 17:00:25.408000+00:00,1604.0,0.0,9208.0,2.0,7149.0,0.0,2059.0,0.0
2023-03-20 17:00:30.408000+00:00,1606.0,2.0,9217.0,2.0,7156.0,0.0,2061.0,0.0
2023-03-20 17:00:35.408000+00:00,1608.0,0.0,9217.0,0.0,7156.0,0.0,2062.0,1.0
2023-03-20 17:00:40.408000+00:00,1609.0,0.0,9230.0,0.0,7166.0,3.0,2064.0,0.0
2023-03-20 17:00:45.408000+00:00,1610.0,0.0,9230.0,0.0,7166.0,0.0,2065.0,0.0
2023-03-20 17:00:50.408000+00:00,1611.0,0.0,9242.0,1.0,7175.0,1.0,2067.0,1.0
2023-03-20 17:00:55.408000+00:00,1612.0,0.0,9246.0,1.0,7178.0,0.0,2070.0,0.0
2023-03-20 17:01:00.408000+00:00,1614.0,1.0,9256.0,2.0,7186.0,0.0,2072.0,0.0
2023-03-20 17:01:05.408000+00:00,1615.0,0.0,9267.0,0.0,7194.0,0.0,2077.0,2.0
2023-03-20 17:01:10.408000+00:00,1617.0,0.0,9275.0,0.0,7200.0,0.0,2080.0,0.0
2023-03-20 17:01:15.408000+00:00,1618.0,1.0,9285.0,2.0,7207.0,2.0,2082.0,0.0
2023-03-20 17:01:20.408000+00:00,1622.0,0.0,9305.0,3.0,7223.0,4.0,2085.0,0.0
2023-03-20 17:01:25.408000+00:00,1623.0,0.0,9313.0,2.0,7229.0,1.0,2089.0,0.0
2023-03-20 17:01:30.408000+00:00,1624.0,0.0,9329.0,4.0,7241.0,0.0,2091.0,0.0
2023-03-20 17:01:35.408000+00:00,1627.0,0.0,9347.0,1.0,7255.0,3.0,2092.0,0.0
2023-03-20 17:01:40.408000+00:00,1629.0,1.0,9356.0,1.0,7262.0,2.0,2093.0,0.0
2023-03-20 17:01:45.408000+00:00,1632.0,1.0,9365.0,2.0,7269.0,0.0,2094.0,0.0
2023-03-20 17:01:50.408000+00:00,1633.0,0.0,9369.0,0.0,7272.0,0.0,2096.0,1.0
2023-03-20 17:01:55.408000+00:00,1633.0,0.0,9372.0,0.0,7274.0,0.0,2097.0,1.0
2023-03-20 17:02:00.408000+00:00,1633.0,0.0,9381.0,1.0,7281.0,3.0,2098.0,0.0
2023-03-20 17:02:05.408000+00:00,1635.0,0.0,9385.0,1.0,7284.0,0.0,2099.0,0.0
2023-03-20 17:02:10.408000+00:00,1636.0,0.0,9390.0,0.0,7288.0,1.0,2099.0,0.0
2023-03-20 17:02:15.408000+00:00,1636.0,0.0,9394.0,1.0,7291.0,1.0,2101.0,1.0
2023-03-20 17:02:20.408000+00:00,1637.0,0.0,9395.0,1.0,7292.0,0.0,2101.0,0.0
2023-03-20 17:02:25.408000+00:00,1637.0,0.0,9403.0,1.0,7298.0,2.0,2105.0,4.0
2023-03-20 17:02:30.408000+00:00,1639.0,0.0,9404.0,0.0,7299.0,0.0,2107.0,0.0
2023-03-20 17:02:35.408000+00:00,1639.0,0.0,9411.0,2.0,7304.0,1.0,2110.0,1.0
2023-03-20 17:02:40.408000+00:00,1640.0,0.0,9425.0,1.0,7315.0,1.0,2111.0,1.0
2023-03-20 17:02:45.408000+00:00,1644.0,0.0,9441.0,2.0,7327.0,1.0,2113.0,0.0
2023-03-20 17:02:50.408000+00:00,1645.0,0.0,9442.0,0.0,7328.0,0.0,2113.0,0.0
2023-03-20 17:02:55.408000+00:00,1646.0,0.0,9452.0,1.0,7336.0,0.0,2114.0,1.0
2023-03-20 17:03:00.408000+00:00,1647.0,1.0,9456.0,1.0,7339.0,0.0,2116.0,0.0
2023-03-20 17:03:05.408000+00:00,1647.0,0.0,9460.0,0.0,7342.0,0.0,2116.0,0.0
2023-03-20 17:03:10.408000+00:00,1649.0,1.0,9466.0,0.0,7347.0,1.0,2118.0,0.0
2023-03-20 17:03:15.408000+00:00,1650.0,1.0,9471.0,0.0,7351.0,0.0,2121.0,1.0
2023-03-20 17:03:20.408000+00:00,1650.0,0.0,9478.0,0.0,7356.0,0.0,2124.0,0.0
2023-03-20 17:03:25.408000+00:00,1650.0,0.0,9488.0,2.0,7364.0,1.0,2126.0,0.0
2023-03-20 17:03:30.408000+00:00,1653.0,0.0,9502.0,1.0,7375.0,1.0,2128.0,1.0
2023-03-20 17:03:35.410000+00:00,1656.0,0.0,9515.0,1.0,7385.0,2.0,2129.0,0.0
2023-03-20 17:03:40.408000+00:00,1657.0,0.0,9523.0,0.0,7391.0,2.0,2129.0,0.0
2023-03-20 17:03:45.408000+00:00,1660.0,0.0,9527.0,0.0,7394.0,0.0,2130.0,0.0
2023-03-20 17:03:50.408000+00:00,1660.0,0.0,9527.0,0.0,7394.0,0.0,2131.0,0.0
2023-03-20 17:03:55.408000+00:00,1660.0,0.0,9531.0,0.0,7397.0,0.0,2136.0,0.0
2023-03-20 17:04:00.408000+00:00,1661.0,0.0,9531.0,0.0,7397.0,0.0,2136.0,0.0
2023-03-20 17:04:05.408000+00:00,1663.0,0.0,9550.0,1.0,7412.0,2.0,2137.0,0.0
2023-03-20 17:04:10.408000+00:00,1664.0,1.0,9559.0,2.0,7419.0,1.0,2138.0,0.0
2023-03-20 17:04:15.408000+00:00,1666.0,0.0,9564.0,1.0,7423.0,0.0,2140.0,0.0
2023-03-20 17:04:20.408000+00:00,1668.0,0.0,9569.0,1.0,7427.0,0.0,2142.0,1.0
2023-03-20 17:04:25.408000+00:00,1669.0,1.0,9574.0,0.0,7431.0,2.0,2144.0,1.0
2023-03-20 17:04:30.408000+00:00,1671.0,0.0,9584.0,3.0,7439.0,2.0,2146.0,0.0
2023-03-20 17:04:35.408000+00:00,1673.0,0.0,9597.0,3.0,7449.0,2.0,2147.0,0.0
2023-03-20 17:04:40.408000+00:00,1674.0,0.0,9597.0,0.0,7449.0,0.0,2148.0,0.0
2023-03-20 17:04:45.408000+00:00,1675.0,0.0,9609.0,0.0,7458.0,1.0,2150.0,0.0
2023-03-20 17:04:50.408000+00:00,1676.0,0.0,9614.0,0.0,7462.0,1.0,2151.0,0.0
2023-03-20 17:04:55.408000+00:00,1677.0,0.0,9623.0,3.0,7469.0,1.0,2153.0,0.0
2023-03-20 17:05:00.408000+00:00,1678.0,0.0,9627.0,0.0,7472.0,1.0,2153.0,0.0
2023-03-20 17:05:05.408000+00:00,1680.0,0.0,9631.0,0.0,7475.0,2.0,2156.0,0.0
2023-03-20 17:05:10.408000+00:00,1681.0,1.0,9635.0,0.0,7478.0,0.0,2156.0,0.0
2023-03-20 17:05:15.408000+00:00,1682.0,0.0,9647.0,1.0,7487.0,0.0,2157.0,0.0
2023-03-20 17:05:20.408000+00:00,1683.0,0.0,9647.0,0.0,7487.0,0.0,2158.0,0.0
2023-03-20 17:05:25.408000+00:00,1683.0,0.0,9652.0,2.0,7491.0,0.0,2161.0,0.0
2023-03-20 17:05:30.408000+00:00,1685.0,1.0,9656.0,0.0,7494.0,0.0,2163.0,0.0
2023-03-20 17:05:35.408000+00:00,1686.0,1.0,9664.0,0.0,7500.0,3.0,2166.0,1.0
2023-03-20 17:05:40.408000+00:00,1687.0,0.0,9675.0,1.0,7509.0,1.0,2168.0,0.0
2023-03-20 17:05:45.408000+00:00,1690.0,0.0,9693.0,4.0,7523.0,0.0,2171.0,0.0
2023-03-20 17:05:50.408000+00:00,1693.0,0.0,9702.0,1.0,7530.0,0.0,2172.0,0.0
2023-03-20 17:05:55.408000+00:00,1694.0,0.0,9714.0,3.0,7539.0,0.0,2172.0,0.0
2023-03-20 17:06:00.408000+00:00,1697.0,0.0,9719.0,1.0,7543.0,1.0,2175.0,0.0
2023-03-20 17:06:05.408000+00:00,1698.0,0.0,9720.0,0.0,7544.0,0.0,2176.0,0.0
2023-03-20 17:06:10.408000+00:00,1698.0,0.0,9727.0,0.0,7549.0,0.0,2177.0,1.0
2023-03-20 17:06:15.408000+00:00,1698.0,0.0,9734.0,0.0,7554.0,0.0,2179.0,0.0
2023-03-20 17:06:20.408000+00:00,1699.0,0.0,9739.0,0.0,7558.0,1.0,,
2023-03-20 17:06:25.408000+00:00,1699.0,0.0,9742.0,0.0,7560.0,0.0,,
