timestamp,rt_web_get_ratings_count,rt_web_get_ratings_sum
2023-03-20 17:30:00.514000+00:00,26.0,
2023-03-20 17:30:05.514000+00:00,32.0,0.0061419999999998975
2023-03-20 17:30:10.514000+00:00,32.0,0.0
2023-03-20 17:30:15.514000+00:00,37.0,0.005049999999999999
2023-03-20 17:30:20.514000+00:00,40.0,0.0033310000000000978
2023-03-20 17:30:25.514000+00:00,44.0,0.0033420000000000116
2023-03-20 17:30:30.514000+00:00,58.0,0.015375000000000097
2023-03-20 17:30:35.514000+00:00,64.0,0.006270000000000192
2023-03-20 17:30:40.514000+00:00,66.0,0.0019500000000000073
2023-03-20 17:30:45.514000+00:00,70.0,0.003971000000000002
2023-03-20 17:30:50.514000+00:00,72.0,0.0016240000000000004
2023-03-20 17:30:55.514000+00:00,72.0,0.0
2023-03-20 17:31:00.514000+00:00,72.0,0.0
2023-03-20 17:31:05.514000+00:00,74.0,0.0020439999999999903
2023-03-20 17:31:10.514000+00:00,74.0,0.0
2023-03-20 17:31:15.514000+00:00,82.0,0.007914999999999908
2023-03-20 17:31:20.514000+00:00,84.0,0.0018619999999999887
2023-03-20 17:31:25.514000+00:00,86.0,0.002038000000000012
2023-03-20 17:31:30.514000+00:00,90.0,0.003784999999999983
2023-03-20 17:31:35.514000+00:00,90.0,0.0
2023-03-20 17:31:40.514000+00:00,94.0,0.0033500000000000196
2023-03-20 17:31:45.514000+00:00,96.0,0.0014379999999999948
2023-03-20 17:31:50.514000+00:00,102.0,0.005817000000000294
2023-03-20 17:31:55.514000+00:00,102.0,0.0
2023-03-20 17:32:00.514000+00:00,106.0,0.0038730000000000153
2023-03-20 17:32:05.514000+00:00,108.0,0.0020000000000000018
2023-03-20 17:32:10.514000+00:00,112.0,0.004065999999999986
2023-03-20 17:32:15.514000+00:00,118.0,0.006069999999999798
2023-03-20 17:32:20.514000+00:00,124.0,0.005288000000000015
2023-03-20 17:32:25.514000+00:00,128.0,0.0039839999999999876
2023-03-20 17:32:30.514000+00:00,136.0,0.006507000000000013
2023-03-20 17:32:35.514000+00:00,142.0,0.005129999999999996
2023-03-20 17:32:40.514000+00:00,144.0,0.001569999999999988
2023-03-20 17:32:45.514000+00:00,150.0,0.006244000000000111
2023-03-20 17:32:50.514000+00:00,152.0,0.002006999999999981
2023-03-20 17:32:55.514000+00:00,156.0,0.003909000000000024
2023-03-20 17:33:00.514000+00:00,160.0,0.004595999999999878
2023-03-20 17:33:05.514000+00:00,162.0,0.0019120000000000248
2023-03-20 17:33:10.514000+00:00,166.0,0.0044159999999999755
2023-03-20 17:33:15.514000+00:00,168.0,0.0020550000000001123
2023-03-20 17:33:20.514000+00:00,168.0,0.0
2023-03-20 17:33:25.514000+00:00,170.0,0.0016639999999999988
2023-03-20 17:33:30.514000+00:00,178.0,0.008551000000000003
2023-03-20 17:33:35.514000+00:00,182.0,0.004458999999999991
2023-03-20 17:33:40.514000+00:00,188.0,0.006228000000000095
2023-03-20 17:33:45.514000+00:00,190.0,0.0020900000000000085
2023-03-20 17:33:50.514000+00:00,194.0,0.004712999999999912
2023-03-20 17:33:55.514000+00:00,196.0,0.0016519999999999868
2023-03-20 17:34:00.514000+00:00,198.0,0.003175000000000011
2023-03-20 17:34:05.514000+00:00,204.0,0.007033000000000095
2023-03-20 17:34:10.514000+00:00,212.0,0.00868300000000008
2023-03-20 17:34:15.514000+00:00,216.0,0.0043320000000000025
2023-03-20 17:34:20.514000+00:00,216.0,0.0
2023-03-20 17:34:25.514000+00:00,218.0,0.001978000000000091
2023-03-20 17:34:30.514000+00:00,224.0,0.005937999999999832
2023-03-20 17:34:35.514000+00:00,230.0,0.005245999999999917
2023-03-20 17:34:40.514000+00:00,239.0,0.0
2023-03-20 17:34:45.514000+00:00,244.0,0.0052480000000001414
2023-03-20 17:34:50.514000+00:00,250.0,0.006896999999999931
2023-03-20 17:34:55.514000+00:00,252.0,0.001939000000000024
2023-03-20 17:35:00.514000+00:00,262.0,0.010384999999999867
2023-03-20 17:35:05.514000+00:00,264.0,0.0020660000000000123
2023-03-20 17:35:10.514000+00:00,264.0,0.0
2023-03-20 17:35:15.514000+00:00,268.0,0.004009000000000151
2023-03-20 17:35:20.514000+00:00,268.0,0.0
2023-03-20 17:35:25.514000+00:00,268.0,0.0
2023-03-20 17:35:30.514000+00:00,270.0,0.0020439999999999348
2023-03-20 17:35:35.514000+00:00,280.0,0.010665000000000258
2023-03-20 17:35:40.514000+00:00,286.0,0.005610000000000115
2023-03-20 17:35:45.514000+00:00,290.0,0.0045840000000000325
2023-03-20 17:35:50.514000+00:00,294.0,0.003916000000000031
2023-03-20 17:35:55.514000+00:00,294.0,0.0
2023-03-20 17:36:00.514000+00:00,298.0,0.0046559999999999935
2023-03-20 17:36:05.514000+00:00,300.0,0.0019689999999999985
2023-03-20 17:36:10.514000+00:00,304.0,0.0048279999999999434
2023-03-20 17:36:15.514000+00:00,308.0,0.0044040000000000745
2023-03-20 17:36:20.514000+00:00,310.0,0.0018099999999999783
2023-03-20 17:36:25.514000+00:00,312.0,0.0020300000000000873
2023-03-20 17:36:30.514000+00:00,322.0,0.010186999999999946
2023-03-20 17:36:35.514000+00:00,322.0,0.0
2023-03-20 17:36:40.514000+00:00,324.0,0.002110999999999974
2023-03-20 17:36:45.514000+00:00,328.0,0.004466999999999999
2023-03-20 17:36:50.514000+00:00,336.0,0.008552000000000226
2023-03-20 17:36:55.514000+00:00,338.0,0.0022339999999999582
2023-03-20 17:37:00.514000+00:00,344.0,0.007525000000000004
2023-03-20 17:37:05.514000+00:00,344.0,0.0
2023-03-20 17:37:10.514000+00:00,346.0,0.0022179999999999422
2023-03-20 17:37:15.514000+00:00,350.0,0.0037849999999998163
2023-03-20 17:37:20.514000+00:00,352.0,0.0025120000000000697
2023-03-20 17:37:25.514000+00:00,354.0,0.0023039999999999727
2023-03-20 17:37:30.514000+00:00,354.0,0.0
2023-03-20 17:37:35.514000+00:00,354.0,0.0
2023-03-20 17:37:40.514000+00:00,356.0,0.0023579999999999712
2023-03-20 17:37:45.514000+00:00,363.0,0.007186000000000137
2023-03-20 17:37:50.514000+00:00,374.0,0.07713100000000006
2023-03-20 17:37:55.514000+00:00,374.0,0.0
2023-03-20 17:38:00.514000+00:00,374.0,0.0
2023-03-20 17:38:05.514000+00:00,374.0,0.0
2023-03-20 17:38:10.514000+00:00,374.0,0.0
2023-03-20 17:38:15.514000+00:00,382.0,0.008224000000000009
2023-03-20 17:38:20.514000+00:00,384.0,0.002261000000000013
2023-03-20 17:38:25.514000+00:00,388.0,0.0040280000000000316
2023-03-20 17:38:30.514000+00:00,392.0,0.004318999999999962
2023-03-20 17:38:35.514000+00:00,398.0,0.006454000000000237
2023-03-20 17:38:40.514000+00:00,404.0,0.006245000000000112
2023-03-20 17:38:45.514000+00:00,406.0,0.0024789999999999535
2023-03-20 17:38:50.514000+00:00,414.0,0.008915000000000117
2023-03-20 17:38:55.514000+00:00,418.0,0.004043999999999992
2023-03-20 17:39:00.514000+00:00,420.0,0.0016400000000000303
2023-03-20 17:39:05.514000+00:00,422.0,0.0020550000000000845
2023-03-20 17:39:10.514000+00:00,424.0,0.00205699999999992
2023-03-20 17:39:15.514000+00:00,428.0,0.004698000000000091
2023-03-20 17:39:20.514000+00:00,432.0,0.004486999999999908
2023-03-20 17:39:25.514000+00:00,432.0,0.0
2023-03-20 17:39:30.514000+00:00,432.0,0.0
2023-03-20 17:39:35.514000+00:00,434.0,0.0020430000000000725
2023-03-20 17:39:40.514000+00:00,434.0,0.0
2023-03-20 17:39:45.514000+00:00,438.0,0.00483100000000003
2023-03-20 17:39:50.514000+00:00,442.0,0.004188999999999998
2023-03-20 17:39:55.514000+00:00,444.0,0.0020299999999999763
2023-03-20 17:40:00.514000+00:00,446.0,0.002265000000000017
2023-03-20 17:40:05.514000+00:00,448.0,0.001896999999999982
2023-03-20 17:40:10.514000+00:00,454.0,0.006148000000000209
2023-03-20 17:40:15.514000+00:00,454.0,0.0
2023-03-20 17:40:20.514000+00:00,458.0,0.003903000000000101
2023-03-20 17:40:25.514000+00:00,466.0,0.008570999999999995
2023-03-20 17:40:30.514000+00:00,472.0,0.0069949999999999735
2023-03-20 17:40:35.514000+00:00,472.0,0.0
2023-03-20 17:40:40.514000+00:00,476.0,0.0043539999999999135
2023-03-20 17:40:45.514000+00:00,482.0,0.005800000000000027
2023-03-20 17:40:50.514000+00:00,486.0,0.004121999999999959
2023-03-20 17:40:55.514000+00:00,492.0,0.007116000000000122
2023-03-20 17:41:00.514000+00:00,498.0,0.006606000000000223
2023-03-20 17:41:05.514000+00:00,500.0,0.0022629999999999595
2023-03-20 17:41:10.514000+00:00,502.0,0.0021210000000000395
2023-03-20 17:41:15.514000+00:00,504.0,0.0020359999999999823
2023-03-20 17:41:20.514000+00:00,508.0,0.004523999999999917
2023-03-20 17:41:25.514000+00:00,512.0,0.0041959999999999775
2023-03-20 17:41:30.514000+00:00,514.0,0.0019540000000000113
2023-03-20 17:41:35.514000+00:00,514.0,0.0
2023-03-20 17:41:40.514000+00:00,516.0,0.00192500000000001
2023-03-20 17:41:45.514000+00:00,516.0,0.0
2023-03-20 17:41:50.514000+00:00,520.0,0.0037639999999999896
2023-03-20 17:41:55.514000+00:00,522.0,0.0019359999999999933
2023-03-20 17:42:00.514000+00:00,524.0,0.0016419999999999213
2023-03-20 17:42:05.514000+00:00,524.0,0.0
2023-03-20 17:42:10.514000+00:00,528.0,0.003228999999999982
2023-03-20 17:42:15.514000+00:00,528.0,0.0
2023-03-20 17:42:20.514000+00:00,536.0,0.007575999999999805
2023-03-20 17:42:25.514000+00:00,536.0,0.0
2023-03-20 17:42:30.514000+00:00,540.0,0.004269999999999996
2023-03-20 17:42:35.514000+00:00,552.0,0.010895999999999906
2023-03-20 17:42:40.514000+00:00,552.0,0.0
2023-03-20 17:42:45.514000+00:00,556.0,0.003672999999999982
2023-03-20 17:42:50.514000+00:00,560.0,0.0042520000000000335
2023-03-20 17:42:55.514000+00:00,562.0,0.001755000000000062
2023-03-20 17:43:00.514000+00:00,570.0,0.007153999999999938
2023-03-20 17:43:05.514000+00:00,574.0,0.00394899999999998
2023-03-20 17:43:10.514000+00:00,576.0,0.002110999999999974
2023-03-20 17:43:15.514000+00:00,578.0,0.0023900000000000032
2023-03-20 17:43:20.514000+00:00,582.0,0.004037000000000013
2023-03-20 17:43:25.514000+00:00,582.0,0.0
2023-03-20 17:43:30.514000+00:00,584.0,0.0018909999999999205
2023-03-20 17:43:35.514000+00:00,592.0,0.0067650000000000765
2023-03-20 17:43:40.514000+00:00,592.0,0.0
2023-03-20 17:43:45.514000+00:00,594.0,0.0015310000000000046
2023-03-20 17:43:50.514000+00:00,598.0,0.0037629999999999053
2023-03-20 17:43:55.514000+00:00,600.0,0.001565000000000094
2023-03-20 17:44:00.514000+00:00,600.0,0.0
2023-03-20 17:44:05.514000+00:00,604.0,0.003601000000000021
2023-03-20 17:44:10.514000+00:00,608.0,0.0033969999999999834
2023-03-20 17:44:15.514000+00:00,608.0,0.0
2023-03-20 17:44:20.514000+00:00,610.0,0.0017250000000000876
2023-03-20 17:44:25.514000+00:00,612.0,0.0016600000000001058
2023-03-20 17:44:30.514000+00:00,612.0,0.0
2023-03-20 17:44:35.514000+00:00,616.0,0.00412099999999993
2023-03-20 17:44:40.514000+00:00,616.0,0.0
2023-03-20 17:44:45.514000+00:00,616.0,0.0
2023-03-20 17:44:50.514000+00:00,620.0,0.005385999999999891
2023-03-20 17:44:55.514000+00:00,624.0,0.0036240000000000716
2023-03-20 17:45:00.514000+00:00,628.0,0.00372800000000012
2023-03-20 17:45:05.514000+00:00,628.0,0.0
2023-03-20 17:45:10.514000+00:00,628.0,0.0
2023-03-20 17:45:15.514000+00:00,628.0,0.0
2023-03-20 17:45:20.514000+00:00,640.0,0.012568999999999997
2023-03-20 17:45:25.514000+00:00,644.0,0.0044440000000000035
2023-03-20 17:45:30.514000+00:00,651.0,0.007292000000000104
2023-03-20 17:45:35.514000+00:00,658.0,0.007436999999999888
2023-03-20 17:45:40.514000+00:00,660.0,0.0018890000000000018
2023-03-20 17:45:45.514000+00:00,662.0,0.0018769999999999898
2023-03-20 17:45:50.514000+00:00,664.0,0.0018890000000000018
2023-03-20 17:45:55.514000+00:00,664.0,0.0
2023-03-20 17:46:00.514000+00:00,668.0,0.004083999999999921
2023-03-20 17:46:05.514000+00:00,672.0,0.003219999999999973
2023-03-20 17:46:10.514000+00:00,672.0,0.0
2023-03-20 17:46:15.514000+00:00,674.0,0.0015619999999999246
2023-03-20 17:46:20.514000+00:00,680.0,0.005527000000000087
2023-03-20 17:46:25.514000+00:00,684.0,0.003969000000000111
2023-03-20 17:46:30.514000+00:00,686.0,0.0016380000000000006
2023-03-20 17:46:35.514000+00:00,686.0,0.0
2023-03-20 17:46:40.514000+00:00,688.0,0.0020750000000000768
2023-03-20 17:46:45.514000+00:00,694.0,0.006414999999999921
2023-03-20 17:46:50.514000+00:00,700.0,0.006071999999999994
2023-03-20 17:46:55.514000+00:00,702.0,0.002145000000000008
2023-03-20 17:47:00.514000+00:00,704.0,0.002659000000000078
2023-03-20 17:47:05.514000+00:00,708.0,0.00381200000000001
2023-03-20 17:47:10.514000+00:00,712.0,0.004114999999999813
2023-03-20 17:47:15.514000+00:00,716.0,0.00383
2023-03-20 17:47:20.514000+00:00,720.0,0.004478999999999983
2023-03-20 17:47:25.514000+00:00,724.0,0.0033129999999998994
2023-03-20 17:47:30.514000+00:00,728.0,0.003131000000000217
2023-03-20 17:47:35.514000+00:00,734.0,0.005353999999999887
2023-03-20 17:47:40.514000+00:00,738.0,0.003974000000000005
2023-03-20 17:47:45.514000+00:00,746.0,0.00751700000000019
2023-03-20 17:47:50.514000+00:00,750.0,0.0033080000000001164
2023-03-20 17:47:55.514000+00:00,756.0,0.005916000000000005
2023-03-20 17:48:00.514000+00:00,758.0,0.0023820000000000924
2023-03-20 17:48:05.514000+00:00,760.0,0.002124999999999988
2023-03-20 17:48:10.514000+00:00,762.0,0.0020529999999999993
2023-03-20 17:48:15.514000+00:00,768.0,0.005211000000000007
2023-03-20 17:48:20.514000+00:00,772.0,0.0039750000000001035
2023-03-20 17:48:25.514000+00:00,776.0,0.003997999999999793
2023-03-20 17:48:30.514000+00:00,776.0,0.0
2023-03-20 17:48:35.514000+00:00,778.0,0.002142999999999909
2023-03-20 17:48:40.514000+00:00,780.0,0.001893999999999993
2023-03-20 17:48:45.514000+00:00,786.0,0.0062150000000000954
2023-03-20 17:48:50.514000+00:00,788.0,0.0021060000000000106
2023-03-20 17:48:55.514000+00:00,790.0,0.0015919999999999962
2023-03-20 17:49:00.514000+00:00,790.0,0.0
2023-03-20 17:49:05.514000+00:00,792.0,0.0017490000000000977
2023-03-20 17:49:10.514000+00:00,792.0,0.0
2023-03-20 17:49:15.514000+00:00,796.0,0.0037709999999998994
2023-03-20 17:49:20.514000+00:00,798.0,0.0014260000000001077
2023-03-20 17:49:25.514000+00:00,806.0,0.0860429999999999
2023-03-20 17:49:30.514000+00:00,810.0,0.004006999999999889
2023-03-20 17:49:35.514000+00:00,810.0,0.0
2023-03-20 17:49:40.514000+00:00,816.0,0.0054839999999999
2023-03-20 17:49:45.514000+00:00,820.0,0.0039239999999999
2023-03-20 17:49:50.514000+00:00,828.0,0.007090999999999998
2023-03-20 17:49:55.514000+00:00,834.0,0.005629000000000103
2023-03-20 17:50:00.514000+00:00,840.0,0.006015999999999799
2023-03-20 17:50:05.514000+00:00,844.0,0.003806000000000101
2023-03-20 17:50:10.514000+00:00,848.0,0.0171490000000001
2023-03-20 17:50:15.514000+00:00,848.0,0.0
2023-03-20 17:50:20.514000+00:00,848.0,0.0
2023-03-20 17:50:25.514000+00:00,850.0,0.0019519999999997942
2023-03-20 17:50:30.514000+00:00,854.0,0.004153000000000004
2023-03-20 17:50:35.514000+00:00,856.0,0.0018399999999998973
2023-03-20 17:50:40.514000+00:00,860.0,0.0042200000000000015
2023-03-20 17:50:45.514000+00:00,866.0,0.005917000000000006
2023-03-20 17:50:50.514000+00:00,866.0,0.0
2023-03-20 17:50:55.514000+00:00,869.0,0.003516999999999895
2023-03-20 17:51:00.514000+00:00,874.0,0.004853999999999997
2023-03-20 17:51:05.514000+00:00,874.0,0.0
2023-03-20 17:51:10.514000+00:00,876.0,0.0016170000000001045
2023-03-20 17:51:15.514000+00:00,876.0,0.0
2023-03-20 17:51:20.514000+00:00,882.0,0.004716999999999902
2023-03-20 17:51:25.514000+00:00,888.0,0.005963999999999997
2023-03-20 17:51:30.514000+00:00,890.0,0.002012
2023-03-20 17:51:35.514000+00:00,894.0,0.003525999999999904
2023-03-20 17:51:40.514000+00:00,900.0,0.004958999999999894
2023-03-20 17:51:45.514000+00:00,902.0,0.0015389999999999016
2023-03-20 17:51:50.514000+00:00,916.0,0.012155999999999903
2023-03-20 17:51:55.514000+00:00,918.0,0.0019749999999999907
2023-03-20 17:52:00.514000+00:00,924.0,0.005404000000000103
2023-03-20 17:52:05.514000+00:00,930.0,0.0069059999999999955
2023-03-20 17:52:10.514000+00:00,936.0,0.004914000000000113
2023-03-20 17:52:15.514000+00:00,938.0,0.001897000000000204
2023-03-20 17:52:20.514000+00:00,940.0,0.0020019999999998928
2023-03-20 17:52:25.514000+00:00,942.0,0.0021930000000000005
2023-03-20 17:52:30.514000+00:00,944.0,0.0014990000000000003
2023-03-20 17:52:35.514000+00:00,946.0,0.0019650000000001056
2023-03-20 17:52:40.514000+00:00,946.0,0.0
2023-03-20 17:52:45.514000+00:00,956.0,0.008945000000000092
2023-03-20 17:52:50.514000+00:00,960.0,0.004288999999999793
2023-03-20 17:52:55.514000+00:00,962.0,0.0014520000000000088
2023-03-20 17:53:00.514000+00:00,964.0,0.0021879999999999955
2023-03-20 17:53:05.514000+00:00,968.0,0.003493999999999997
2023-03-20 17:53:10.514000+00:00,970.0,0.0025179999999999925
2023-03-20 17:53:15.514000+00:00,974.0,0.004646000000000011
2023-03-20 17:53:20.514000+00:00,980.0,0.00549599999999989
2023-03-20 17:53:25.514000+00:00,980.0,0.0
2023-03-20 17:53:30.514000+00:00,984.0,0.003582000000000113
2023-03-20 17:53:35.514000+00:00,986.0,0.001804
2023-03-20 17:53:40.514000+00:00,990.0,0.004628000000000104
2023-03-20 17:53:45.514000+00:00,994.0,0.004029000000000005
2023-03-20 17:53:50.514000+00:00,998.0,0.0036459999999999826
2023-03-20 17:53:55.514000+00:00,1006.0,0.00646400000000022
2023-03-20 17:54:00.514000+00:00,1012.0,0.00530899999999998
2023-03-20 17:54:05.514000+00:00,1016.0,0.003516999999999909
2023-03-20 17:54:10.514000+00:00,1022.0,0.005415000000000003
2023-03-20 17:54:15.514000+00:00,1028.0,0.005445000000000089
2023-03-20 17:54:20.514000+00:00,1028.0,0.0
2023-03-20 17:54:25.514000+00:00,1036.0,0.0072550000000000114
2023-03-20 17:54:30.514000+00:00,1038.0,0.002122999999999986
2023-03-20 17:54:35.514000+00:00,1041.0,0.0033529999999999116
2023-03-20 17:54:40.514000+00:00,1046.0,0.004991999999999885
2023-03-20 17:54:45.514000+00:00,1048.0,0.002060999999999813
2023-03-20 17:54:50.514000+00:00,1050.0,0.0018330000000000013
2023-03-20 17:54:55.514000+00:00,1052.0,0.0016190000000000093
2023-03-20 17:55:00.514000+00:00,1060.0,0.0071220000000001005
2023-03-20 17:55:05.514000+00:00,1062.0,0.001666999999999974
2023-03-20 17:55:10.514000+00:00,1066.0,0.0035189999999999944
2023-03-20 17:55:15.514000+00:00,1068.0,0.0017979999999999108
2023-03-20 17:55:20.514000+00:00,1072.0,0.0038700000000000956
2023-03-20 17:55:25.514000+00:00,1074.0,0.00229899999999994
2023-03-20 17:55:30.514000+00:00,1084.0,0.008895000000000097
2023-03-20 17:55:35.520000+00:00,1084.0,0.0
2023-03-20 17:55:40.514000+00:00,1086.0,0.0015119999999999578
2023-03-20 17:55:45.514000+00:00,1086.0,0.0
2023-03-20 17:55:50.514000+00:00,1089.0,0.003267999999999993
2023-03-20 17:55:55.514000+00:00,1094.0,0.00430100000000011
2023-03-20 17:56:00.514000+00:00,1096.0,0.0017349999999999866
2023-03-20 17:56:05.514000+00:00,1102.0,0.005346999999999935
2023-03-20 17:56:10.514000+00:00,1106.0,0.003340999999999983
2023-03-20 17:56:15.514000+00:00,1108.0,0.0016999999999999238
2023-03-20 17:56:20.514000+00:00,1110.0,0.0016280000000000738
2023-03-20 17:56:25.514000+00:00,1110.0,0.0
2023-03-20 17:56:30.514000+00:00,1116.0,0.005634000000000028
2023-03-20 17:56:35.514000+00:00,1118.0,0.0018279999999999963
2023-03-20 17:56:40.514000+00:00,1118.0,0.0
2023-03-20 17:56:45.514000+00:00,1120.0,0.0018759999999999888
2023-03-20 17:56:50.514000+00:00,1126.0,0.005251999999999979
2023-03-20 17:56:55.514000+00:00,1134.0,0.00622600000000012
2023-03-20 17:57:00.514000+00:00,1136.0,0.0020000000000000018
2023-03-20 17:57:05.514000+00:00,1140.0,0.0035110000000000974
2023-03-20 17:57:10.514000+00:00,1144.0,0.003800000000000192
2023-03-20 17:57:15.514000+00:00,1148.0,0.003836000000000006
2023-03-20 17:57:20.514000+00:00,1148.0,0.0
2023-03-20 17:57:25.514000+00:00,1154.0,0.005822000000000216
2023-03-20 17:57:30.514000+00:00,1158.0,0.0035379999999999856
2023-03-20 17:57:35.514000+00:00,1160.0,0.0020660000000000123
2023-03-20 17:57:40.514000+00:00,1164.0,0.003485999999999989
2023-03-20 17:57:45.514000+00:00,1166.0,0.0017590000000000106
2023-03-20 17:57:50.514000+00:00,1166.0,0.0
2023-03-20 17:57:55.514000+00:00,1168.0,0.0015239999999999698
2023-03-20 17:58:00.514000+00:00,1172.0,0.0031160000000000077
2023-03-20 17:58:05.514000+00:00,1174.0,0.001924999999999899
2023-03-20 17:58:10.514000+00:00,1176.0,0.0019000000000000128
2023-03-20 17:58:15.514000+00:00,1180.0,0.00373999999999991
2023-03-20 17:58:20.514000+00:00,1188.0,0.007717999999999892
2023-03-20 17:58:25.514000+00:00,1190.0,0.0015880000000000893
2023-03-20 17:58:30.514000+00:00,1192.0,0.0017429999999999946
2023-03-20 17:58:35.514000+00:00,1198.0,0.005917000000000006
2023-03-20 17:58:40.514000+00:00,1198.0,0.0
2023-03-20 17:58:45.514000+00:00,1200.0,0.0025610000000000355
2023-03-20 17:58:50.514000+00:00,1204.0,0.0041569999999998
2023-03-20 17:58:55.514000+00:00,1204.0,0.0
2023-03-20 17:59:00.514000+00:00,1210.0,0.005381999999999998
2023-03-20 17:59:05.514000+00:00,1212.0,0.0017700000000000493
2023-03-20 17:59:10.514000+00:00,1216.0,0.0048820000000001085
2023-03-20 17:59:15.514000+00:00,1218.0,0.0020089999999999275
2023-03-20 17:59:20.514000+00:00,1222.0,0.004072999999999993
2023-03-20 17:59:25.514000+00:00,1225.0,0.0031989999999998964
2023-03-20 17:59:30.514000+00:00,1230.0,0.005620000000000014
2023-03-20 17:59:35.514000+00:00,1236.0,0.005784000000000067
2023-03-20 17:59:40.514000+00:00,1240.0,0.004379000000000022
2023-03-20 17:59:45.514000+00:00,1246.0,0.007276999999999978
2023-03-20 17:59:50.514000+00:00,1246.0,0.0
2023-03-20 17:59:55.514000+00:00,1246.0,0.0
2023-03-20 18:00:00.514000+00:00,1250.0,0.004412000000000027
2023-03-20 18:00:05.514000+00:00,1250.0,0.0
2023-03-20 18:00:10.514000+00:00,1254.0,0.0039779999999999816
2023-03-20 18:00:15.514000+00:00,1256.0,0.0021660000000000013
2023-03-20 18:00:20.514000+00:00,1264.0,0.009320999999999913
2023-03-20 18:00:25.514000+00:00,1268.0,0.0045459999999999945
2023-03-20 18:00:30.514000+00:00,1268.0,0.0
2023-03-20 18:00:35.514000+00:00,1276.0,0.008639999999999981
2023-03-20 18:00:40.514000+00:00,1278.0,0.002111000000000196
2023-03-20 18:00:45.514000+00:00,1280.0,0.0025290000000000035
2023-03-20 18:00:50.514000+00:00,1282.0,0.0021480000000000388
2023-03-20 18:00:55.514000+00:00,1284.0,0.0020199999999999663
2023-03-20 18:01:00.514000+00:00,1286.0,0.0022370000000000445
2023-03-20 18:01:05.514000+00:00,1286.0,0.0
2023-03-20 18:01:10.514000+00:00,1286.0,0.0
2023-03-20 18:01:15.514000+00:00,1288.0,0.0023889999999999745
2023-03-20 18:01:20.514000+00:00,1296.0,0.009036999999999795
2023-03-20 18:01:25.514000+00:00,1304.0,0.009399000000000102
2023-03-20 18:01:30.514000+00:00,1310.0,0.006309999999999982
2023-03-20 18:01:35.514000+00:00,1310.0,0.0
2023-03-20 18:01:40.514000+00:00,1313.0,0.003302000000000138
2023-03-20 18:01:45.514000+00:00,1318.0,0.006151999999999935
2023-03-20 18:01:50.514000+00:00,1324.0,0.006509999999999905
2023-03-20 18:01:55.514000+00:00,1324.0,0.0
2023-03-20 18:02:00.514000+00:00,1330.0,0.006750000000000034
2023-03-20 18:02:05.514000+00:00,1330.0,0.0
2023-03-20 18:02:10.514000+00:00,1334.0,0.004342999999999986
2023-03-20 18:02:15.514000+00:00,1336.0,0.002673999999999954
2023-03-20 18:02:20.514000+00:00,1338.0,0.0020569999999999755
2023-03-20 18:02:25.514000+00:00,1346.0,0.007879999999999887
2023-03-20 18:02:30.514000+00:00,1348.0,0.0024140000000000272
2023-03-20 18:02:35.514000+00:00,1354.0,0.006093999999999933
2023-03-20 18:02:40.514000+00:00,1356.0,0.0020540000000000003
2023-03-20 18:02:45.514000+00:00,1358.0,0.0018580000000000263
2023-03-20 18:02:50.514000+00:00,1358.0,0.0
2023-03-20 18:02:55.514000+00:00,1360.0,0.0025500000000000522
2023-03-20 18:03:00.514000+00:00,1362.0,0.0022209999999999175
2023-03-20 18:03:05.514000+00:00,1368.0,0.007445000000000035
2023-03-20 18:03:10.514000+00:00,1368.0,0.0
2023-03-20 18:03:15.514000+00:00,1372.0,0.0043159999999998755
2023-03-20 18:03:20.514000+00:00,1372.0,0.0
2023-03-20 18:03:25.514000+00:00,1374.0,0.002055000000000029
2023-03-20 18:03:30.514000+00:00,1374.0,0.0
2023-03-20 18:03:35.514000+00:00,1374.0,0.0
2023-03-20 18:03:40.514000+00:00,1376.0,0.0021339999999999693
2023-03-20 18:03:45.514000+00:00,1380.0,0.004537000000000013
2023-03-20 18:03:50.514000+00:00,1380.0,0.0
2023-03-20 18:03:55.514000+00:00,1380.0,0.0
2023-03-20 18:04:00.514000+00:00,1386.0,0.006452000000000013
2023-03-20 18:04:05.514000+00:00,1388.0,0.001591000000000009
2023-03-20 18:04:10.514000+00:00,1392.0,0.003932999999999964
2023-03-20 18:04:15.514000+00:00,1396.0,0.00458600000000009
2023-03-20 18:04:20.514000+00:00,1402.0,0.006357999999999864
2023-03-20 18:04:25.514000+00:00,1408.0,0.00590400000000002
2023-03-20 18:04:30.514000+00:00,1412.0,0.004234999999999989
2023-03-20 18:04:35.514000+00:00,1418.0,0.006575999999999804
2023-03-20 18:04:40.514000+00:00,1420.0,0.001998999999999973
2023-03-20 18:04:45.514000+00:00,1422.0,0.0021740000000000093
2023-03-20 18:04:50.514000+00:00,1426.0,0.004477999999999982
2023-03-20 18:04:55.514000+00:00,1428.0,0.0024009999999998755
2023-03-20 18:05:00.514000+00:00,1428.0,0.0
2023-03-20 18:05:05.514000+00:00,1432.0,0.004491000000000023
2023-03-20 18:05:10.514000+00:00,1434.0,0.00237900000000002
2023-03-20 18:05:15.514000+00:00,1434.0,0.0
2023-03-20 18:05:20.514000+00:00,1440.0,0.006915999999999922
2023-03-20 18:05:25.514000+00:00,1444.0,0.00426100000000007
2023-03-20 18:05:30.514000+00:00,1448.0,0.0046160000000000645
2023-03-20 18:05:35.514000+00:00,1448.0,0.0
2023-03-20 18:05:40.514000+00:00,1448.0,0.0
2023-03-20 18:05:45.514000+00:00,1452.0,0.00435299999999994
2023-03-20 18:05:50.514000+00:00,1458.0,0.00784000000000007
2023-03-20 18:05:55.514000+00:00,1460.0,0.0023969999999999825
2023-03-20 18:06:00.514000+00:00,1462.0,0.0021480000000000388
2023-03-20 18:06:05.514000+00:00,1468.0,0.005599000000000021
2023-03-20 18:06:10.514000+00:00,1470.0,0.002047000000000021
2023-03-20 18:06:15.514000+00:00,1472.0,0.0022079999999999878
2023-03-20 18:06:20.514000+00:00,1482.0,0.009069000000000105
2023-03-20 18:06:25.514000+00:00,1487.0,0.006740999999999997
2023-03-20 18:06:30.514000+00:00,1494.0,0.0070629999999999304
2023-03-20 18:06:35.514000+00:00,1498.0,0.00359799999999999
2023-03-20 18:06:40.514000+00:00,1504.0,0.006148000000000153
2023-03-20 18:06:45.514000+00:00,1510.0,0.005712999999999968
2023-03-20 18:06:50.514000+00:00,1518.0,0.008607999999999949
2023-03-20 18:06:55.514000+00:00,1520.0,0.0023980000000000112
2023-03-20 18:07:00.514000+00:00,1522.0,0.0020779999999999132
2023-03-20 18:07:05.514000+00:00,1526.0,0.004361999999999977
2023-03-20 18:07:10.514000+00:00,1530.0,0.003870999999999958
2023-03-20 18:07:15.514000+00:00,1530.0,0.0
2023-03-20 18:07:20.514000+00:00,1536.0,0.005440000000000111
2023-03-20 18:07:25.514000+00:00,1542.0,0.007553000000000032
2023-03-20 18:07:30.514000+00:00,1544.0,0.0018929999999999225
2023-03-20 18:07:35.514000+00:00,1546.0,0.0020740000000001313
2023-03-20 18:07:40.514000+00:00,1546.0,0.0
2023-03-20 18:07:45.514000+00:00,1546.0,0.0
2023-03-20 18:07:50.514000+00:00,1550.0,0.0038440000000000696
2023-03-20 18:07:55.514000+00:00,1550.0,0.0
2023-03-20 18:08:00.514000+00:00,1552.0,0.0020480000000000498
2023-03-20 18:08:05.514000+00:00,1554.0,0.001898999999999984
2023-03-20 18:08:10.514000+00:00,1562.0,0.009378999999999804
2023-03-20 18:08:15.514000+00:00,1564.0,0.002778000000000058
2023-03-20 18:08:20.514000+00:00,1572.0,0.008325000000000027
2023-03-20 18:08:25.514000+00:00,1574.0,0.0020150000000001
2023-03-20 18:08:30.514000+00:00,1580.0,0.005980000000000096
2023-03-20 18:08:35.514000+00:00,1582.0,0.0025049999999999795
2023-03-20 18:08:40.514000+00:00,1586.0,0.004051000000000027
2023-03-20 18:08:45.514000+00:00,1586.0,0.0
2023-03-20 18:08:50.514000+00:00,1594.0,0.007256999999999958
2023-03-20 18:08:55.514000+00:00,1600.0,0.007835999999999954
2023-03-20 18:09:00.514000+00:00,1602.0,0.0020060000000000633
2023-03-20 18:09:05.514000+00:00,1608.0,0.006290000000000018
2023-03-20 18:09:10.514000+00:00,1612.0,0.0038569999999999993
2023-03-20 18:09:15.514000+00:00,1612.0,0.0
2023-03-20 18:09:20.514000+00:00,1616.0,0.004390000000000116
2023-03-20 18:09:25.514000+00:00,1620.0,0.004011000000000098
2023-03-20 18:09:30.514000+00:00,1620.0,0.0
2023-03-20 18:09:35.514000+00:00,1622.0,0.0019580000000000153
2023-03-20 18:09:40.514000+00:00,1624.0,0.0024729999999999475
2023-03-20 18:09:45.514000+00:00,1628.0,0.0045400000000000995
2023-03-20 18:09:50.514000+00:00,1628.0,0.0
2023-03-20 18:09:55.514000+00:00,1634.0,0.0061630000000000296
2023-03-20 18:10:00.514000+00:00,1634.0,0.0
2023-03-20 18:10:05.514000+00:00,1634.0,0.0
2023-03-20 18:10:10.514000+00:00,1638.0,0.004446000000000172
2023-03-20 18:10:15.514000+00:00,1642.0,0.0038719999999998755
2023-03-20 18:10:20.514000+00:00,1648.0,0.005778999999999979
2023-03-20 18:10:25.514000+00:00,1654.0,0.005392000000000063
2023-03-20 18:10:30.514000+00:00,1654.0,0.0
2023-03-20 18:10:35.514000+00:00,1662.0,0.008408999999999889
2023-03-20 18:10:40.514000+00:00,1670.0,0.008740999999999999
2023-03-20 18:10:45.514000+00:00,1674.0,0.004146000000000094
2023-03-20 18:10:50.514000+00:00,1678.0,0.0038519999999998555
2023-03-20 18:10:55.514000+00:00,1682.0,0.004885000000000028
2023-03-20 18:11:00.514000+00:00,1690.0,0.007841999999999905
2023-03-20 18:11:05.514000+00:00,1692.0,0.002019000000000215
2023-03-20 18:11:10.514000+00:00,1696.0,0.004368999999999956
2023-03-20 18:11:15.514000+00:00,1700.0,0.003854000000000024
2023-03-20 18:11:20.514000+00:00,1710.0,0.010008999999999935
2023-03-20 18:11:25.514000+00:00,1710.0,0.0
2023-03-20 18:11:30.514000+00:00,1713.0,0.003126999999999991
2023-03-20 18:11:35.514000+00:00,1714.0,0.0012560000000000349
2023-03-20 18:11:40.514000+00:00,1718.0,0.0038840000000002206
2023-03-20 18:11:45.514000+00:00,1722.0,0.004138000000000197
2023-03-20 18:11:50.514000+00:00,1722.0,0.0
2023-03-20 18:11:55.514000+00:00,1724.0,0.002462999999999993
2023-03-20 18:12:00.514000+00:00,1726.0,0.0021679999999998367
2023-03-20 18:12:05.514000+00:00,1726.0,0.0
2023-03-20 18:12:10.514000+00:00,1728.0,0.002730999999999928
2023-03-20 18:12:15.514000+00:00,1736.0,0.008364000000000038
2023-03-20 18:12:20.514000+00:00,1738.0,0.002665999999999835
2023-03-20 18:12:25.514000+00:00,1742.0,0.004341999999999957
2023-03-20 18:12:30.514000+00:00,1749.0,0.00703699999999996
2023-03-20 18:12:35.514000+00:00,1754.0,0.005185000000000217
2023-03-20 18:12:40.514000+00:00,1760.0,0.006805999999999868
2023-03-20 18:12:45.514000+00:00,1766.0,0.006381999999999999
2023-03-20 18:12:50.514000+00:00,1772.0,0.006256999999999957
2023-03-20 18:12:55.514000+00:00,1780.0,0.00758700000000001
2023-03-20 18:13:00.514000+00:00,1784.0,0.004409999999999914
2023-03-20 18:13:05.514000+00:00,1784.0,0.0
2023-03-20 18:13:10.514000+00:00,1788.0,0.003894999999999982
2023-03-20 18:13:15.514000+00:00,1798.0,0.010306999999999622
2023-03-20 18:13:20.514000+00:00,1802.0,0.003638000000000252
2023-03-20 18:13:25.514000+00:00,1802.0,0.0
2023-03-20 18:13:30.514000+00:00,1802.0,0.0
2023-03-20 18:13:35.514000+00:00,1806.0,0.004097999999999935
2023-03-20 18:13:40.514000+00:00,1814.0,0.00783799999999979
2023-03-20 18:13:45.514000+00:00,1820.0,0.0
2023-03-20 18:13:50.514000+00:00,1822.0,0.002568000000000001
2023-03-20 18:13:55.514000+00:00,1824.0,0.002370999999999998
2023-03-20 18:14:00.514000+00:00,1824.0,0.0
2023-03-20 18:14:05.514000+00:00,1824.0,0.0
2023-03-20 18:14:10.514000+00:00,1824.0,0.0
2023-03-20 18:14:15.514000+00:00,1826.0,0.0022980000000000014
2023-03-20 18:14:20.514000+00:00,1826.0,0.0
2023-03-20 18:14:25.514000+00:00,1829.0,0.0035629999999998024
2023-03-20 18:14:30.514000+00:00,1832.0,0.002826999999999899
2023-03-20 18:14:35.514000+00:00,1838.0,0.0057899999999999965
2023-03-20 18:14:40.514000+00:00,1840.0,0.0022159999999999055
2023-03-20 18:14:45.514000+00:00,1844.0,0.004917999999999992
2023-03-20 18:14:50.514000+00:00,1854.0,0.01118600000000021
2023-03-20 18:14:55.514000+00:00,1859.0,0.006018999999999997
2023-03-20 18:15:00.514000+00:00,1862.0,0.0032879999999999993
2023-03-20 18:15:05.514000+00:00,1866.0,0.004319000000000003
2023-03-20 18:15:10.514000+00:00,1870.0,0.004242999999999997
2023-03-20 18:15:15.514000+00:00,1870.0,0.0
2023-03-20 18:15:20.514000+00:00,1878.0,0.0080729999999999
2023-03-20 18:15:25.514000+00:00,1880.0,0.002354999999999996
2023-03-20 18:15:30.514000+00:00,1882.0,0.0023010000000001085
2023-03-20 18:15:35.514000+00:00,1884.0,0.0023040000000000005
2023-03-20 18:15:40.514000+00:00,1886.0,0.0020569999999998922
2023-03-20 18:15:45.514000+00:00,1886.0,0.0
2023-03-20 18:15:50.514000+00:00,1890.0,0.004361000000000004
2023-03-20 18:15:55.514000+00:00,1896.0,0.006555999999999895
2023-03-20 18:16:00.514000+00:00,1900.0,0.004365999999999995
2023-03-20 18:16:05.514000+00:00,1900.0,0.0
2023-03-20 18:16:10.514000+00:00,1902.0,0.0019939999999999958
2023-03-20 18:16:15.514000+00:00,1904.0,0.0024980000000000002
2023-03-20 18:16:20.514000+00:00,1904.0,0.0
2023-03-20 18:16:25.514000+00:00,1908.0,0.004900999999999905
2023-03-20 18:16:30.514000+00:00,1910.0,0.0022800000000000042
2023-03-20 18:16:35.514000+00:00,1912.0,0.0017000000000000903
2023-03-20 18:16:40.514000+00:00,1914.0,0.0020940000000000125
2023-03-20 18:16:45.514000+00:00,1916.0,0.0020660000000000955
2023-03-20 18:16:50.514000+00:00,1920.0,0.0039199999999998125
2023-03-20 18:16:55.514000+00:00,1920.0,0.0
2023-03-20 18:17:00.514000+00:00,1924.0,0.00379199999999999
2023-03-20 18:17:05.514000+00:00,1933.0,0.008793999999999996
2023-03-20 18:17:10.514000+00:00,1948.0,0.0133429999999998
2023-03-20 18:17:15.514000+00:00,1948.0,0.0
2023-03-20 18:17:20.514000+00:00,1948.0,0.0
2023-03-20 18:17:25.514000+00:00,1950.0,0.0024150000000000005
2023-03-20 18:17:30.514000+00:00,1956.0,0.006463999999999914
2023-03-20 18:17:35.514000+00:00,1962.0,0.006255000000000094
2023-03-20 18:17:40.514000+00:00,1964.0,0.0020630000000000093
2023-03-20 18:17:45.514000+00:00,1966.0,0.0022959999999998815
2023-03-20 18:17:50.514000+00:00,1974.0,0.008519999999999611
2023-03-20 18:17:55.514000+00:00,1974.0,0.0
2023-03-20 18:18:00.514000+00:00,1974.0,0.0
2023-03-20 18:18:05.514000+00:00,1976.0,0.0022049999999999847
2023-03-20 18:18:10.514000+00:00,1978.0,0.002051000000000025
2023-03-20 18:18:15.514000+00:00,1980.0,0.0025279999999999747
2023-03-20 18:18:20.514000+00:00,1986.0,0.006524000000000113
2023-03-20 18:18:25.514000+00:00,1986.0,0.0
2023-03-20 18:18:30.514000+00:00,1990.0,0.004195999999999894
2023-03-20 18:18:35.514000+00:00,1990.0,0.0
2023-03-20 18:18:40.514000+00:00,1992.0,0.0020660000000000123
2023-03-20 18:18:45.514000+00:00,1998.0,0.005239999999999884
2023-03-20 18:18:50.514000+00:00,1998.0,0.0
2023-03-20 18:18:55.514000+00:00,2002.0,0.0034330000000000194
2023-03-20 18:19:00.514000+00:00,2002.0,0.0
2023-03-20 18:19:05.514000+00:00,2004.0,0.0022760000000000002
2023-03-20 18:19:10.514000+00:00,2008.0,0.0039819999999999856
2023-03-20 18:19:15.514000+00:00,2016.0,0.00696699999999989
2023-03-20 18:19:20.514000+00:00,2020.0,0.004022000000000109
2023-03-20 18:19:25.514000+00:00,2026.0,0.005586000000000091
2023-03-20 18:19:30.514000+00:00,2030.0,0.00440299999999999
2023-03-20 18:19:35.514000+00:00,2032.0,0.0019759999999999223
2023-03-20 18:19:40.514000+00:00,2038.0,0.00545500000000021
2023-03-20 18:19:45.514000+00:00,2038.0,0.0
2023-03-20 18:19:50.514000+00:00,2043.0,0.005235999999999907
2023-03-20 18:19:55.514000+00:00,2046.0,0.0031929999999998904
2023-03-20 18:20:00.514000+00:00,2048.0,0.0024020000000000707
2023-03-20 18:20:05.514000+00:00,2052.0,0.004191000000000111
2023-03-20 18:20:10.514000+00:00,2054.0,0.0020299999999999208
2023-03-20 18:20:15.514000+00:00,2056.0,0.0020509999999999695
2023-03-20 18:20:20.514000+00:00,2060.0,0.004419000000000006
2023-03-20 18:20:25.514000+00:00,2064.0,0.0049900000000001055
2023-03-20 18:20:30.514000+00:00,2068.0,0.005145000000000011
2023-03-20 18:20:35.514000+00:00,2072.0,0.004642999999999897
2023-03-20 18:20:40.514000+00:00,2074.0,0.0021849999999999925
2023-03-20 18:20:45.514000+00:00,2076.0,0.0020359999999999823
2023-03-20 18:20:50.514000+00:00,2078.0,0.0022340000000000138
2023-03-20 18:20:55.514000+00:00,2082.0,0.0042479999999998075
2023-03-20 18:21:00.514000+00:00,2084.0,0.0020609999999999795
2023-03-20 18:21:05.514000+00:00,2086.0,0.0023620000000000307
2023-03-20 18:21:10.514000+00:00,2090.0,0.004354999999999998
2023-03-20 18:21:15.514000+00:00,2090.0,0.0
2023-03-20 18:21:20.514000+00:00,2090.0,0.0
2023-03-20 18:21:25.514000+00:00,2093.0,0.003008999999999984
2023-03-20 18:21:30.514000+00:00,2100.0,0.006712000000000107
2023-03-20 18:21:35.514000+00:00,2104.0,0.004402999999999824
2023-03-20 18:21:40.514000+00:00,2110.0,0.006164999999999865
2023-03-20 18:21:45.514000+00:00,2112.0,0.001947000000000032
2023-03-20 18:21:50.514000+00:00,2114.0,0.0019000000000000128
2023-03-20 18:21:55.514000+00:00,2118.0,0.0045319999999999805
2023-03-20 18:22:00.514000+00:00,2126.0,0.008207000000000075
2023-03-20 18:22:05.514000+00:00,2128.0,0.002401999999999904
2023-03-20 18:22:10.514000+00:00,2132.0,0.003993000000000024
2023-03-20 18:22:15.514000+00:00,2136.0,0.003770999999999969
2023-03-20 18:22:20.514000+00:00,2136.0,0.0
2023-03-20 18:22:25.514000+00:00,2138.0,0.0019629999999999925
2023-03-20 18:22:30.514000+00:00,2140.0,0.002475000000000005
2023-03-20 18:22:35.514000+00:00,2140.0,0.0
2023-03-20 18:22:40.514000+00:00,2140.0,0.0
2023-03-20 18:22:45.514000+00:00,2140.0,0.0
2023-03-20 18:22:50.514000+00:00,2141.0,0.0016490000000000116
2023-03-20 18:22:55.514000+00:00,2144.0,0.0028699999999999837
2023-03-20 18:23:00.514000+00:00,2144.0,0.0
2023-03-20 18:23:05.514000+00:00,2144.0,0.0
2023-03-20 18:23:10.514000+00:00,2144.0,0.0
2023-03-20 18:23:15.514000+00:00,2144.0,0.0
2023-03-20 18:23:20.514000+00:00,2153.0,0.009488000000000052
2023-03-20 18:23:25.514000+00:00,2154.0,0.0011059999999998849
2023-03-20 18:23:30.514000+00:00,2163.0,0.010135000000000005
2023-03-20 18:23:35.514000+00:00,2174.0,0.00974800000000009
2023-03-20 18:23:40.514000+00:00,2182.0,0.007961999999999914
2023-03-20 18:23:45.514000+00:00,2187.0,0.005680000000000074
2023-03-20 18:23:50.514000+00:00,2188.0,0.0010850000000000026
2023-03-20 18:23:55.514000+00:00,2188.0,0.0
2023-03-20 18:24:00.514000+00:00,2192.0,0.004008999999999985
2023-03-20 18:24:05.514000+00:00,2194.0,0.002039000000000124
2023-03-20 18:24:10.514000+00:00,2194.0,0.0
2023-03-20 18:24:15.514000+00:00,2194.0,0.0
2023-03-20 18:24:20.514000+00:00,2200.0,0.006023999999999974
2023-03-20 18:24:25.514000+00:00,2206.0,0.005271999999999832
2023-03-20 18:24:30.514000+00:00,2208.0,0.0024099999999999677
2023-03-20 18:24:35.514000+00:00,2210.0,0.0023320000000000007
2023-03-20 18:24:40.514000+00:00,2210.0,0.0
2023-03-20 18:24:45.514000+00:00,2212.0,0.0020260000000000278
2023-03-20 18:24:50.514000+00:00,2218.0,0.005867999999999984
2023-03-20 18:24:55.514000+00:00,2218.0,0.0
2023-03-20 18:25:00.514000+00:00,2220.0,0.0017659999999999898
2023-03-20 18:25:05.514000+00:00,2224.0,0.004362999999999895
2023-03-20 18:25:10.514000+00:00,2226.0,0.0017240000000001143
2023-03-20 18:25:15.514000+00:00,2228.0,0.0024600000000000177
2023-03-20 18:25:20.514000+00:00,2228.0,0.0
2023-03-20 18:25:25.514000+00:00,2232.0,0.0040799999999999725
2023-03-20 18:25:30.514000+00:00,2238.0,0.00646999999999992
2023-03-20 18:25:35.514000+00:00,2246.0,0.008319999999999994
2023-03-20 18:25:40.514000+00:00,2254.0,0.008673000000000097
2023-03-20 18:25:45.514000+00:00,2260.0,0.006392999999999982
2023-03-20 18:25:50.514000+00:00,2268.0,0.007437000000000027
2023-03-20 18:25:55.514000+00:00,2272.0,0.003727000000000036
2023-03-20 18:26:00.514000+00:00,2276.0,0.004289999999999905
2023-03-20 18:26:05.514000+00:00,2282.0,0.007473000000000174
2023-03-20 18:26:10.514000+00:00,2286.0,0.004013999999999962
2023-03-20 18:26:15.514000+00:00,2290.0,0.004673999999999956
2023-03-20 18:26:20.514000+00:00,2296.0,0.0064110000000000555
2023-03-20 18:26:25.514000+00:00,2296.0,0.0
2023-03-20 18:26:30.514000+00:00,2300.0,0.0038850000000000273
2023-03-20 18:26:35.514000+00:00,2302.0,0.0024679999999999147
2023-03-20 18:26:40.514000+00:00,2302.0,0.0
2023-03-20 18:26:45.514000+00:00,2302.0,0.0
2023-03-20 18:26:50.514000+00:00,2306.0,0.004493999999999998
2023-03-20 18:26:55.514000+00:00,2308.0,0.0024659999999999682
2023-03-20 18:27:00.514000+00:00,2308.0,0.0
2023-03-20 18:27:05.514000+00:00,2310.0,0.002583000000000002
2023-03-20 18:27:10.514000+00:00,2312.0,0.002475000000000116
2023-03-20 18:27:15.514000+00:00,2316.0,0.004455000000000098
2023-03-20 18:27:20.514000+00:00,2318.0,0.002230999999999983
2023-03-20 18:27:25.514000+00:00,2322.0,0.0045479999999998855
2023-03-20 18:27:30.514000+00:00,2328.0,0.007079999999999864
2023-03-20 18:27:35.514000+00:00,2336.0,0.008604999999999974
2023-03-20 18:27:40.514000+00:00,2336.0,0.0
2023-03-20 18:27:45.514000+00:00,2338.0,0.0024919999999999387
2023-03-20 18:27:50.514000+00:00,2340.0,0.0021139999999999493
2023-03-20 18:27:55.514000+00:00,2346.0,0.006964999999999999
2023-03-20 18:28:00.514000+00:00,2352.0,0.0059509999999998175
2023-03-20 18:28:05.514000+00:00,2356.0,0.004086000000000034
2023-03-20 18:28:10.514000+00:00,2360.0,0.004418000000000144
2023-03-20 18:28:15.514000+00:00,2374.0,0.014085000000000125
2023-03-20 18:28:20.514000+00:00,2378.0,0.0036840000000000206
2023-03-20 18:28:25.514000+00:00,2378.0,0.0
2023-03-20 18:28:30.514000+00:00,2378.0,0.0
2023-03-20 18:28:35.514000+00:00,2384.0,0.0063389999999998725
2023-03-20 18:28:40.514000+00:00,2386.0,0.0020690000000000985
2023-03-20 18:28:45.514000+00:00,2386.0,0.0
2023-03-20 18:28:50.514000+00:00,2388.0,0.0018940000000000623
2023-03-20 18:28:55.514000+00:00,2392.0,0.0041120000000001156
2023-03-20 18:29:00.514000+00:00,2392.0,0.0
2023-03-20 18:29:05.514000+00:00,2394.0,0.0024840000000000417
2023-03-20 18:29:10.514000+00:00,2394.0,0.0
2023-03-20 18:29:15.514000+00:00,2402.0,0.007911999999999808
2023-03-20 18:29:20.514000+00:00,2404.0,0.0022799999999999487
2023-03-20 18:29:25.514000+00:00,2406.0,0.002090999999999954
2023-03-20 18:29:30.514000+00:00,2408.0,0.002466999999999997
2023-03-20 18:29:35.514000+00:00,2420.0,0.012148999999999743
2023-03-20 18:29:40.514000+00:00,2424.0,0.0040719999999999645
2023-03-20 18:29:45.514000+00:00,2428.0,0.004418999999999951
2023-03-20 18:29:50.514000+00:00,2430.0,0.00187499999999996
2023-03-20 18:29:55.514000+00:00,2430.0,0.0
2023-03-20 18:30:00.514000+00:00,2430.0,0.0
2023-03-20 18:30:05.514000+00:00,2438.0,0.007965999999999918
2023-03-20 18:30:10.514000+00:00,2442.0,0.003912999999999944
2023-03-20 18:30:15.514000+00:00,2448.0,0.007268000000000052
2023-03-20 18:30:20.514000+00:00,2454.0,0.006629000000000107
2023-03-20 18:30:25.514000+00:00,2462.0,0.007592999999999961
2023-03-20 18:30:30.514000+00:00,2470.0,0.008473000000000064
2023-03-20 18:30:35.514000+00:00,2474.0,0.004093000000000013
2023-03-20 18:30:40.514000+00:00,2478.0,0.004334999999999978
2023-03-20 18:30:45.514000+00:00,2478.0,0.0
2023-03-20 18:30:50.514000+00:00,2482.0,0.003922000000000092
2023-03-20 18:30:55.514000+00:00,2484.0,0.002879000000000076
2023-03-20 18:31:00.514000+00:00,2486.0,0.0020850000000001145
2023-03-20 18:31:05.514000+00:00,2488.0,0.002082999999999946
2023-03-20 18:31:10.514000+00:00,2494.0,0.005791000000000102
2023-03-20 18:31:15.514000+00:00,2494.0,0.0
2023-03-20 18:31:20.514000+00:00,2498.0,0.005087000000000064
2023-03-20 18:31:25.514000+00:00,2506.0,0.00780000000000014
2023-03-20 18:31:30.514000+00:00,2512.0,0.005777000000000032
2023-03-20 18:31:35.514000+00:00,2518.0,0.006715999999999944
2023-03-20 18:31:40.514000+00:00,2520.0,0.001986999999999961
2023-03-20 18:31:45.514000+00:00,2524.0,0.0040320000000000356
2023-03-20 18:31:50.514000+00:00,2530.0,0.006444000000000005
2023-03-20 18:31:55.514000+00:00,2530.0,0.0
2023-03-20 18:32:00.514000+00:00,2530.0,0.0
2023-03-20 18:32:05.514000+00:00,2532.0,0.002115000000000089
2023-03-20 18:32:10.514000+00:00,2534.0,0.001986999999999961
2023-03-20 18:32:15.514000+00:00,2536.0,0.0022409999999999375
2023-03-20 18:32:20.514000+00:00,2540.0,0.00422100000000003
2023-03-20 18:32:25.514000+00:00,2548.0,0.008346999999999993
2023-03-20 18:32:30.514000+00:00,2554.0,0.00581200000000015
2023-03-20 18:32:35.514000+00:00,2556.0,0.0022360000000000158
2023-03-20 18:32:40.514000+00:00,2562.0,0.006004999999999927
2023-03-20 18:32:45.514000+00:00,2564.0,0.002090999999999954
2023-03-20 18:32:50.514000+00:00,2572.0,0.008128000000000024
2023-03-20 18:32:55.514000+00:00,2576.0,0.004709999999999881
2023-03-20 18:33:00.514000+00:00,2584.0,0.008058999999999816
2023-03-20 18:33:05.514000+00:00,2584.0,0.0
2023-03-20 18:33:10.514000+00:00,2584.0,0.0
2023-03-20 18:33:15.514000+00:00,2590.0,0.005499999999999949
2023-03-20 18:33:20.514000+00:00,2592.0,0.0023529999999999385
2023-03-20 18:33:25.514000+00:00,2600.0,0.00831599999999999
2023-03-20 18:33:30.514000+00:00,2604.0,0.0038679999999998715
2023-03-20 18:33:35.514000+00:00,2610.0,0.01842200000000005
2023-03-20 18:33:40.514000+00:00,2610.0,0.0
2023-03-20 18:33:45.514000+00:00,2612.0,0.0020409999999999595
2023-03-20 18:33:50.514000+00:00,2618.0,0.006761000000000017
2023-03-20 18:33:55.514000+00:00,2626.0,0.007292000000000187
2023-03-20 18:34:00.514000+00:00,2626.0,0.0
2023-03-20 18:34:05.514000+00:00,2626.0,0.0
2023-03-20 18:34:10.514000+00:00,2630.0,0.004542999999999964
2023-03-20 18:34:15.514000+00:00,2630.0,0.0
2023-03-20 18:34:20.514000+00:00,2632.0,0.0018979999999999553
2023-03-20 18:34:25.514000+00:00,2638.0,0.006464000000000247
2023-03-20 18:34:30.514000+00:00,2638.0,0.0
2023-03-20 18:34:35.514000+00:00,2648.0,0.010153999999999774
2023-03-20 18:34:40.514000+00:00,2654.0,0.006009000000000153
2023-03-20 18:34:45.514000+00:00,2654.0,0.0
2023-03-20 18:34:50.514000+00:00,2658.0,0.0037650000000000183
2023-03-20 18:34:55.514000+00:00,2660.0,0.0021060000000000523
2023-03-20 18:35:00.514000+00:00,2660.0,0.0
2023-03-20 18:35:05.514000+00:00,2660.0,0.0
2023-03-20 18:35:10.514000+00:00,2664.0,0.004135
2023-03-20 18:35:15.514000+00:00,2670.0,0.006345000000000156
2023-03-20 18:35:20.514000+00:00,2674.0,0.00425600000000026
2023-03-20 18:35:25.514000+00:00,2676.0,0.0021099999999999453
2023-03-20 18:35:30.514000+00:00,2680.0,0.003306000000000031
2023-03-20 18:35:35.514000+00:00,2680.0,0.0
2023-03-20 18:35:40.514000+00:00,2685.0,0.005542999999999743
2023-03-20 18:35:45.514000+00:00,2690.0,0.0044400000000002215
2023-03-20 18:35:50.514000+00:00,2694.0,0.00429400000000002
2023-03-20 18:35:55.514000+00:00,2702.0,0.007519999999999638
2023-03-20 18:36:00.514000+00:00,2702.0,0.0
2023-03-20 18:36:05.514000+00:00,2704.0,0.0018640000000001988
2023-03-20 18:36:10.514000+00:00,2704.0,0.0
2023-03-20 18:36:15.514000+00:00,2708.0,0.003575000000000217
2023-03-20 18:36:20.514000+00:00,2710.0,0.0015739999999997423
2023-03-20 18:36:25.514000+00:00,2714.0,0.003354999999999997
2023-03-20 18:36:30.514000+00:00,2716.0,0.0020160000000000178
2023-03-20 18:36:35.514000+00:00,2720.0,0.003691000000000222
2023-03-20 18:36:40.514000+00:00,2722.0,0.002375000000000016
2023-03-20 18:36:45.514000+00:00,2728.0,0.005931999999999937
2023-03-20 18:36:50.514000+00:00,2734.0,0.00561899999999993
2023-03-20 18:36:55.514000+00:00,2736.0,0.0023370000000002555
2023-03-20 18:37:00.514000+00:00,2736.0,0.0
2023-03-20 18:37:05.514000+00:00,2740.0,0.003830999999999918
2023-03-20 18:37:10.514000+00:00,2742.0,0.002023000000000108
2023-03-20 18:37:15.514000+00:00,2750.0,0.008201000000000347
2023-03-20 18:37:20.514000+00:00,2750.0,0.0
2023-03-20 18:37:25.514000+00:00,2750.0,0.0
2023-03-20 18:37:30.514000+00:00,2754.0,0.00484500000000021
2023-03-20 18:37:35.514000+00:00,2758.0,0.004070999999999936
2023-03-20 18:37:40.514000+00:00,2760.0,0.00212699999999999
2023-03-20 18:37:45.514000+00:00,2764.0,0.004386000000000001
2023-03-20 18:37:50.514000+00:00,2772.0,0.007865999999999707
2023-03-20 18:37:55.514000+00:00,2774.0,0.0020660000000001233
2023-03-20 18:38:00.514000+00:00,2774.0,0.0
2023-03-20 18:38:05.514000+00:00,2776.0,0.001994999999999969
2023-03-20 18:38:10.514000+00:00,2782.0,0.005477999999999872
2023-03-20 18:38:15.514000+00:00,2784.0,0.001899000000000095
2023-03-20 18:38:20.514000+00:00,2784.0,0.0
2023-03-20 18:38:25.514000+00:00,2786.0,0.001971000000000167
2023-03-20 18:38:30.514000+00:00,2790.0,0.0042639999999998235
2023-03-20 18:38:35.514000+00:00,2796.0,0.005041000000000295
2023-03-20 18:38:40.514000+00:00,2796.0,0.0
2023-03-20 18:38:45.514000+00:00,2800.0,0.0039599999999999635
2023-03-20 18:38:50.514000+00:00,2803.0,0.0030570000000000874
2023-03-20 18:38:55.514000+00:00,2808.0,0.005201000000000011
2023-03-20 18:39:00.514000+00:00,2814.0,0.005892999999999926
2023-03-20 18:39:05.514000+00:00,2816.0,0.0018810000000000215
2023-03-20 18:39:10.514000+00:00,2822.0,0.02962100000000012
2023-03-20 18:39:15.514000+00:00,2824.0,0.0021059999999999413
2023-03-20 18:39:20.514000+00:00,2828.0,0.003924999999999956
2023-03-20 18:39:25.514000+00:00,2830.0,0.0018479999999998498
2023-03-20 18:39:30.514000+00:00,2830.0,0.0
2023-03-20 18:39:35.514000+00:00,2834.0,0.00366999999999984
2023-03-20 18:39:40.514000+00:00,2838.0,0.004214000000000162
2023-03-20 18:39:45.514000+00:00,2842.0,0.0035929999999999573
2023-03-20 18:39:50.514000+00:00,2846.0,0.0037810000000000343
2023-03-20 18:39:55.514000+00:00,2848.0,0.0020480000000000498
2023-03-20 18:40:00.514000+00:00,2852.0,0.005560999999999927
2023-03-20 18:40:05.514000+00:00,2856.0,0.004071000000000158
2023-03-20 18:40:10.514000+00:00,2860.0,0.0037449999999998873
2023-03-20 18:40:15.514000+00:00,2862.0,0.001938999999999913
2023-03-20 18:40:20.514000+00:00,2862.0,0.0
2023-03-20 18:40:25.514000+00:00,2868.0,0.006035999999999708
2023-03-20 18:40:30.514000+00:00,2870.0,0.0017810000000002546
2023-03-20 18:40:35.514000+00:00,2872.0,0.0021559999999998247
2023-03-20 18:40:40.514000+00:00,2876.0,0.003758999999999846
2023-03-20 18:40:45.514000+00:00,2878.0,0.0018179999999998753
2023-03-20 18:40:50.514000+00:00,2884.0,0.005741999999999914
2023-03-20 18:40:55.514000+00:00,2884.0,0.0
2023-03-20 18:41:00.514000+00:00,2886.0,0.0023980000000001223
2023-03-20 18:41:05.514000+00:00,2888.0,0.002462999999999882
2023-03-20 18:41:10.514000+00:00,2892.0,0.0038610000000001143
2023-03-20 18:41:15.514000+00:00,2896.0,0.003997000000000028
2023-03-20 18:41:20.514000+00:00,2904.0,0.008141999999999872
2023-03-20 18:41:25.514000+00:00,2906.0,0.0023340000000000583
2023-03-20 18:41:30.514000+00:00,2906.0,0.0
2023-03-20 18:41:35.514000+00:00,2906.0,0.0
2023-03-20 18:41:40.514000+00:00,2906.0,0.0
2023-03-20 18:41:45.514000+00:00,2906.0,0.0
2023-03-20 18:41:50.514000+00:00,2906.0,0.0
2023-03-20 18:41:55.514000+00:00,2906.0,0.0
2023-03-20 18:42:00.514000+00:00,2910.0,0.004896999999999929
2023-03-20 18:42:05.514000+00:00,2912.0,0.0021039999999998837
2023-03-20 18:42:10.514000+00:00,2912.0,0.0
2023-03-20 18:42:15.514000+00:00,2914.0,0.0024690000000000545
2023-03-20 18:42:20.514000+00:00,2914.0,0.0
2023-03-20 18:42:25.514000+00:00,2922.0,0.00865999999999989
2023-03-20 18:42:30.514000+00:00,2926.0,0.004610999999999921
2023-03-20 18:42:35.514000+00:00,2934.0,0.007934999999999803
2023-03-20 18:42:40.514000+00:00,2944.0,0.01095299999999999
2023-03-20 18:42:45.514000+00:00,2948.0,0.004085000000000116
2023-03-20 18:42:50.514000+00:00,2948.0,0.0
2023-03-20 18:42:55.514000+00:00,2948.0,0.0
2023-03-20 18:43:00.514000+00:00,2956.0,0.007935999999999499
2023-03-20 18:43:05.514000+00:00,2960.0,0.004407000000000272
2023-03-20 18:43:10.514000+00:00,2960.0,0.0
2023-03-20 18:43:15.514000+00:00,2962.0,0.0020970000000000155
2023-03-20 18:43:20.514000+00:00,2962.0,0.0
2023-03-20 18:43:25.514000+00:00,2970.0,0.007676000000000016
2023-03-20 18:43:30.514000+00:00,2974.0,0.004001999999999839
2023-03-20 18:43:35.514000+00:00,2978.0,0.004090999999999845
2023-03-20 18:43:40.514000+00:00,2980.0,0.001995000000000191
2023-03-20 18:43:45.514000+00:00,2982.0,0.002386999999999917
2023-03-20 18:43:50.514000+00:00,2982.0,0.0
2023-03-20 18:43:55.514000+00:00,2984.0,0.001964000000000077
2023-03-20 18:44:00.514000+00:00,2989.0,0.004344999999999821
2023-03-20 18:44:05.514000+00:00,2992.0,0.002790999999999988
2023-03-20 18:44:10.514000+00:00,2998.0,0.005708000000000046
2023-03-20 18:44:15.514000+00:00,3000.0,0.002083000000000057
2023-03-20 18:44:20.514000+00:00,3002.0,0.0020260000000000833
2023-03-20 18:44:25.514000+00:00,3008.0,0.006533999999999818
2023-03-20 18:44:30.514000+00:00,3010.0,0.002639000000000058
2023-03-20 18:44:35.514000+00:00,3012.0,0.0025239999999999707
2023-03-20 18:44:40.514000+00:00,3026.0,0.014666999999999764
2023-03-20 18:44:45.514000+00:00,3030.0,0.004036999999999846
2023-03-20 18:44:50.514000+00:00,3038.0,0.008701000000000292
2023-03-20 18:44:55.514000+00:00,3040.0,0.002302999999999944
2023-03-20 18:45:05.514000+00:00,3052.0,0.010912999999999506
2023-03-20 18:45:10.514000+00:00,3056.0,0.004216999999999915
2023-03-20 18:45:15.514000+00:00,3062.0,0.006030000000000202
2023-03-20 18:45:20.514000+00:00,3062.0,0.0
2023-03-20 18:45:25.514000+00:00,3064.0,0.0024300000000001543
2023-03-20 18:45:30.514000+00:00,3066.0,0.0019930000000001336
2023-03-20 18:45:35.514000+00:00,3066.0,0.0
2023-03-20 18:45:40.514000+00:00,3068.0,0.0020559999999998357
2023-03-20 18:45:45.514000+00:00,3070.0,0.0018610000000001126
2023-03-20 18:45:50.514000+00:00,3072.0,0.0019860000000000433
2023-03-20 18:45:55.514000+00:00,3074.0,0.0022860000000000102
2023-03-20 18:46:00.514000+00:00,3074.0,0.0
2023-03-20 18:46:05.514000+00:00,3074.0,0.0
2023-03-20 18:46:10.514000+00:00,3076.0,0.001988000000000101
2023-03-20 18:46:15.514000+00:00,3078.0,0.002034999999999787
2023-03-20 18:46:20.514000+00:00,3082.0,0.004370999999999903
2023-03-20 18:46:25.514000+00:00,3088.0,0.005716000000000054
2023-03-20 18:46:30.514000+00:00,3088.0,0.0
2023-03-20 18:46:35.514000+00:00,3092.0,0.003913999999999973
2023-03-20 18:46:40.514000+00:00,3094.0,0.0021259999999998502
2023-03-20 18:46:45.514000+00:00,3096.0,0.002303000000000166
2023-03-20 18:46:50.514000+00:00,3104.0,0.007297000000000553
2023-03-20 18:46:55.514000+00:00,3114.0,0.007975999999999761
2023-03-20 18:47:00.514000+00:00,3118.0,0.0041040000000001076
2023-03-20 18:47:05.514000+00:00,3124.0,0.006162000000000001
2023-03-20 18:47:10.514000+00:00,3128.0,0.003721999999999559
2023-03-20 18:47:15.514000+00:00,3132.0,0.003847000000000156
2023-03-20 18:47:20.514000+00:00,3132.0,0.0
2023-03-20 18:47:25.514000+00:00,3144.0,0.011310000000000153
2023-03-20 18:47:30.514000+00:00,3146.0,0.002280000000000282
2023-03-20 18:47:35.514000+00:00,3150.0,0.00456499999999993
2023-03-20 18:47:40.514000+00:00,3150.0,0.0
2023-03-20 18:47:45.514000+00:00,3152.0,0.0021819999999999062
2023-03-20 18:47:50.514000+00:00,3154.0,0.0020569999999999755
2023-03-20 18:47:55.514000+00:00,3158.0,0.004192000000000196
2023-03-20 18:48:00.514000+00:00,3158.0,0.0
2023-03-20 18:48:05.514000+00:00,3158.0,0.0
2023-03-20 18:48:10.514000+00:00,3158.0,0.0
2023-03-20 18:48:15.514000+00:00,3161.0,0.002866999999999509
2023-03-20 18:48:20.514000+00:00,3166.0,0.005193000000000225
2023-03-20 18:48:25.514000+00:00,3166.0,0.0
2023-03-20 18:48:30.514000+00:00,3172.0,0.006187000000000165
2023-03-20 18:48:35.514000+00:00,3178.0,0.006248000000000475
2023-03-20 18:48:40.514000+00:00,3178.0,0.0
2023-03-20 18:48:45.514000+00:00,3180.0,0.00238999999999967
2023-03-20 18:48:50.514000+00:00,3190.0,0.010253000000000068
2023-03-20 18:48:55.514000+00:00,3198.0,0.007877000000000134
2023-03-20 18:49:00.514000+00:00,3204.0,0.006563000000000541
2023-03-20 18:49:05.514000+00:00,3210.0,0.00590799999999958
2023-03-20 18:49:10.514000+00:00,3214.0,0.0043159999999997645
2023-03-20 18:49:15.514000+00:00,3216.0,0.002067000000000263
2023-03-20 18:49:20.514000+00:00,3216.0,0.0
2023-03-20 18:49:25.514000+00:00,3220.0,0.0037130000000000773
2023-03-20 18:49:30.514000+00:00,3231.0,0.011680000000000135
2023-03-20 18:49:35.514000+00:00,3236.0,0.0046160000000001755
2023-03-20 18:49:40.514000+00:00,3242.0,0.005927000000000016
2023-03-20 18:49:45.514000+00:00,3244.0,0.0024119999999998587
2023-03-20 18:49:50.514000+00:00,3244.0,0.0
2023-03-20 18:49:55.514000+00:00,3246.0,0.0025820000000000842
2023-03-20 18:50:00.514000+00:00,3250.0,0.00390299999999999
2023-03-20 18:50:05.514000+00:00,3254.0,0.004318000000000044
2023-03-20 18:50:10.514000+00:00,3256.0,0.0020559999999998357
2023-03-20 18:50:15.514000+00:00,3256.0,0.0
2023-03-20 18:50:20.514000+00:00,3256.0,0.0
2023-03-20 18:50:25.514000+00:00,3258.0,0.002303000000000166
2023-03-20 18:50:30.514000+00:00,3262.0,0.0045159999999999645
2023-03-20 18:50:35.514000+00:00,3266.0,0.004742000000000024
2023-03-20 18:50:40.514000+00:00,3272.0,0.005178999999999823
2023-03-20 18:50:45.514000+00:00,3278.0,0.006386000000000669
2023-03-20 18:50:50.514000+00:00,3286.0,0.008456999999999937
2023-03-20 18:50:55.514000+00:00,3290.0,0.004075000000000051
2023-03-20 18:51:00.514000+00:00,3296.0,0.00627600000000017
2023-03-20 18:51:05.514000+00:00,3300.0,0.004194000000000253
2023-03-20 18:51:10.514000+00:00,3306.0,0.006303999999999865
2023-03-20 18:51:15.514000+00:00,3314.0,0.007424999999999793
2023-03-20 18:51:20.514000+00:00,3314.0,0.0
2023-03-20 18:51:25.514000+00:00,3316.0,0.0024839999999999307
2023-03-20 18:51:30.514000+00:00,3322.0,0.006247000000000114
2023-03-20 18:51:35.514000+00:00,3326.0,0.004342999999999986
2023-03-20 18:51:40.514000+00:00,3330.0,0.004293000000000102
2023-03-20 18:51:45.514000+00:00,3336.0,0.006077999999999806
2023-03-20 18:51:50.514000+00:00,3338.0,0.0019290000000000695
2023-03-20 18:51:55.514000+00:00,3341.0,0.0036080000000000556
2023-03-20 18:52:00.514000+00:00,3342.0,0.0011010000000000186
2023-03-20 18:52:05.514000+00:00,3346.0,0.004834000000000005
2023-03-20 18:52:10.514000+00:00,3352.0,0.006182000000000132
2023-03-20 18:52:15.514000+00:00,3356.0,0.0041799999999998505
2023-03-20 18:52:20.514000+00:00,3358.0,0.002303000000000388
2023-03-20 18:52:25.514000+00:00,3358.0,0.0
2023-03-20 18:52:30.514000+00:00,3360.0,0.002154999999999907
2023-03-20 18:52:35.514000+00:00,3360.0,0.0
2023-03-20 18:52:40.514000+00:00,3360.0,0.0
2023-03-20 18:52:45.514000+00:00,3366.0,0.0067269999999997054
2023-03-20 18:52:50.514000+00:00,3370.0,0.0040359999999999285
2023-03-20 18:52:55.514000+00:00,3372.0,0.0020439999999999348
2023-03-20 18:53:00.514000+00:00,3374.0,0.0021559999999998247
2023-03-20 18:53:05.514000+00:00,3382.0,0.007772000000000112
2023-03-20 18:53:10.514000+00:00,3382.0,0.0
2023-03-20 18:53:15.514000+00:00,3384.0,0.002110999999999974
2023-03-20 18:53:20.514000+00:00,3392.0,0.007607999999999615
2023-03-20 18:53:25.514000+00:00,3400.0,0.006291999999999964
2023-03-20 18:53:30.514000+00:00,3402.0,0.001974999999999838
2023-03-20 18:53:35.514000+00:00,3408.0,0.005854999999999944
2023-03-20 18:53:40.514000+00:00,3412.0,0.004947000000000257
2023-03-20 18:53:45.514000+00:00,3412.0,0.0
2023-03-20 18:53:50.514000+00:00,3418.0,0.0060789999999995015
2023-03-20 18:53:55.514000+00:00,3418.0,0.0
2023-03-20 18:54:00.514000+00:00,3420.0,0.0023370000000000335
2023-03-20 18:54:05.514000+00:00,3424.0,0.0044880000000000475
2023-03-20 18:54:10.514000+00:00,3424.0,0.0
2023-03-20 18:54:15.514000+00:00,3426.0,0.0021340000000000803
2023-03-20 18:54:20.514000+00:00,3436.0,0.009754999999999736
2023-03-20 18:54:25.514000+00:00,3438.0,0.002319000000000404
2023-03-20 18:54:30.514000+00:00,3440.0,0.0019439999999999458
2023-03-20 18:54:35.514000+00:00,3440.0,0.0
2023-03-20 18:54:40.514000+00:00,3442.0,0.0036359999999999726
2023-03-20 18:54:45.514000+00:00,3444.0,0.0020540000000000003
2023-03-20 18:54:50.514000+00:00,3448.0,0.004505000000000203
2023-03-20 18:54:55.514000+00:00,3448.0,0.0
2023-03-20 18:55:00.514000+00:00,3448.0,0.0
2023-03-20 18:55:05.514000+00:00,3457.0,0.009014999999999773
2023-03-20 18:55:10.514000+00:00,3458.0,0.0008170000000002897
2023-03-20 18:55:15.514000+00:00,3462.0,0.0042639999999998235
2023-03-20 18:55:20.514000+00:00,3466.0,0.004474000000000311
2023-03-20 18:55:25.514000+00:00,3476.0,0.009627000000000496
2023-03-20 18:55:30.514000+00:00,3478.0,0.002018999999999993
2023-03-20 18:55:35.514000+00:00,3478.0,0.0
2023-03-20 18:55:40.514000+00:00,3484.0,0.005728999999999873
2023-03-20 18:55:45.514000+00:00,3488.0,0.0042640000000000455
2023-03-20 18:55:50.514000+00:00,3492.0,0.003994000000000053
2023-03-20 18:55:55.514000+00:00,3494.0,0.0023859999999999992
2023-03-20 18:56:00.514000+00:00,3496.0,0.0025329999999998964
2023-03-20 18:56:05.514000+00:00,3498.0,0.0019719999999998628
2023-03-20 18:56:10.514000+00:00,3498.0,0.0
2023-03-20 18:56:15.514000+00:00,3502.0,0.004351000000000216
2023-03-20 18:56:20.514000+00:00,3510.0,0.008875999999999662
2023-03-20 18:56:25.514000+00:00,3512.0,0.0020359999999997047
2023-03-20 18:56:30.514000+00:00,3514.0,0.0019210000000002836
2023-03-20 18:56:35.514000+00:00,3516.0,0.001895000000000202
2023-03-20 18:56:40.514000+00:00,3520.0,0.0035959999999999326
2023-03-20 18:56:45.514000+00:00,3522.0,0.0016099999999998893
2023-03-20 18:56:50.514000+00:00,3526.0,0.003823000000000132
2023-03-20 18:56:55.514000+00:00,3528.0,0.0019489999999999785
2023-03-20 18:57:00.514000+00:00,3530.0,0.0018859999999996102
2023-03-20 18:57:05.514000+00:00,3532.0,0.0027319999999999567
2023-03-20 18:57:10.514000+00:00,3534.0,0.0018739999999999313
2023-03-20 18:57:15.514000+00:00,3536.0,0.001867000000000063
2023-03-20 18:57:20.514000+00:00,3538.0,0.0018009999999999415
2023-03-20 18:57:25.514000+00:00,3540.0,0.0020160000000000178
2023-03-20 18:57:30.514000+00:00,3546.0,0.00606799999999974
2023-03-20 18:57:35.514000+00:00,3550.0,0.004621000000000208
2023-03-20 18:57:40.514000+00:00,3556.0,0.005226999999999649
2023-03-20 18:57:45.514000+00:00,3558.0,0.002035000000000009
2023-03-20 18:57:50.514000+00:00,3569.0,0.011458000000000412
2023-03-20 18:57:55.514000+00:00,3574.0,0.0056400000000005335
2023-03-20 18:58:00.514000+00:00,3576.0,0.0023009999999998865
2023-03-20 18:58:05.514000+00:00,3576.0,0.0
2023-03-20 18:58:10.514000+00:00,3580.0,0.00436700000000001
2023-03-20 18:58:15.514000+00:00,3584.0,0.004786000000000179
2023-03-20 18:58:20.514000+00:00,3584.0,0.0
2023-03-20 18:58:25.514000+00:00,3586.0,0.0020400000000000418
2023-03-20 18:58:30.514000+00:00,3586.0,0.0
2023-03-20 18:58:35.514000+00:00,3594.0,0.00868599999999975
2023-03-20 18:58:40.514000+00:00,3600.0,0.006039000000000128
2023-03-20 18:58:45.514000+00:00,3602.0,0.0022409999999999375
2023-03-20 18:58:50.514000+00:00,3606.0,0.004458999999999991
2023-03-20 18:58:55.514000+00:00,3606.0,0.0
2023-03-20 18:59:00.514000+00:00,3606.0,0.0
2023-03-20 18:59:05.514000+00:00,3606.0,0.0
2023-03-20 18:59:10.514000+00:00,3608.0,0.0024450000000000305
2023-03-20 18:59:15.514000+00:00,3612.0,0.0047519999999998674
2023-03-20 18:59:20.514000+00:00,3620.0,0.008399999999999963
2023-03-20 18:59:25.514000+00:00,3620.0,0.0
2023-03-20 18:59:30.514000+00:00,3622.0,0.0015110000000002621
2023-03-20 18:59:35.514000+00:00,3624.0,0.00212699999999999
2023-03-20 18:59:40.514000+00:00,3626.0,0.0023539999999999672
2023-03-20 18:59:45.514000+00:00,3630.0,0.0039639999999998565
2023-03-20 18:59:50.514000+00:00,3640.0,0.009333999999999731
2023-03-20 18:59:55.514000+00:00,3646.0,0.005686999999999998
2023-03-20 19:00:00.514000+00:00,3650.0,0.004776999999999809
2023-03-20 19:00:05.514000+00:00,3650.0,0.0
2023-03-20 19:00:10.514000+00:00,3650.0,0.0
2023-03-20 19:00:15.514000+00:00,3655.0,0.005581000000000058
2023-03-20 19:00:20.514000+00:00,3658.0,0.0029770000000000074
2023-03-20 19:00:25.514000+00:00,3660.0,0.001988000000000101
2023-03-20 19:00:30.514000+00:00,3664.0,0.003426999999999847
2023-03-20 19:00:35.514000+00:00,3664.0,0.0
2023-03-20 19:00:40.514000+00:00,3668.0,0.004989000000000576
2023-03-20 19:00:45.514000+00:00,3668.0,0.0
2023-03-20 19:00:50.514000+00:00,3670.0,0.001995000000000191
2023-03-20 19:00:55.514000+00:00,3672.0,0.002202999999999955
2023-03-20 19:01:00.514000+00:00,3672.0,0.0
2023-03-20 19:01:05.514000+00:00,3672.0,0.0
2023-03-20 19:01:10.514000+00:00,3672.0,0.0
2023-03-20 19:01:15.514000+00:00,3673.0,0.0012090000000000156
2023-03-20 19:01:20.514000+00:00,3678.0,0.005614000000000008
2023-03-20 19:01:25.514000+00:00,3680.0,0.0024969999999999715
2023-03-20 19:01:30.514000+00:00,3682.0,0.0026370000000002225
2023-03-20 19:01:35.514000+00:00,3691.0,0.009967999999999755
2023-03-20 19:01:40.514000+00:00,3696.0,0.023906000000000205
2023-03-20 19:01:45.514000+00:00,3702.0,0.0063629999999998965
2023-03-20 19:01:50.514000+00:00,3712.0,0.0096750000000001
2023-03-20 19:01:55.514000+00:00,3716.0,0.004074000000000133
2023-03-20 19:02:00.514000+00:00,3718.0,0.001906999999999659
2023-03-20 19:02:05.514000+00:00,3720.0,0.002075000000000049
2023-03-20 19:02:10.514000+00:00,3726.0,0.005920000000000147
2023-03-20 19:02:15.514000+00:00,3728.0,0.0020359999999999268
2023-03-20 19:02:20.514000+00:00,3730.0,0.0018679999999999808
2023-03-20 19:02:25.514000+00:00,3734.0,0.0041199999999999015
2023-03-20 19:02:30.514000+00:00,3734.0,0.0
2023-03-20 19:02:35.514000+00:00,3736.0,0.0023159999999999847
2023-03-20 19:02:40.514000+00:00,3740.0,0.004430000000000156
2023-03-20 19:02:45.514000+00:00,3740.0,0.0
2023-03-20 19:02:50.514000+00:00,3742.0,0.00224700000000011
2023-03-20 19:02:55.514000+00:00,3743.0,0.0011049999999999116
2023-03-20 19:03:00.514000+00:00,3746.0,0.0030169999999998254
2023-03-20 19:03:05.514000+00:00,3748.0,0.002302999999999944
2023-03-20 19:03:10.514000+00:00,3756.0,0.008302000000000032
2023-03-20 19:03:15.514000+00:00,3762.0,0.006095000000000184
2023-03-20 19:03:20.514000+00:00,3762.0,0.0
2023-03-20 19:03:25.514000+00:00,3770.0,0.008263999999999605
2023-03-20 19:03:30.514000+00:00,3772.0,0.002363000000000337
2023-03-20 19:03:35.514000+00:00,3774.0,0.0020359999999999268
2023-03-20 19:03:40.514000+00:00,3780.0,0.005684000000000022
2023-03-20 19:03:45.514000+00:00,3784.0,0.004074999999999829
2023-03-20 19:03:50.514000+00:00,3788.0,0.004585999999999757
2023-03-20 19:03:55.514000+00:00,3790.0,0.0025460000000001592
2023-03-20 19:04:00.514000+00:00,3798.0,0.007817000000000185
2023-03-20 19:04:05.514000+00:00,3808.0,0.011145999999999212
2023-03-20 19:04:10.514000+00:00,3816.0,0.009310999999999847
2023-03-20 19:04:15.514000+00:00,3822.0,0.006495000000000584
2023-03-20 19:04:20.514000+00:00,3824.0,0.0021119999999998917
2023-03-20 19:04:25.514000+00:00,3828.0,0.004291000000000267
2023-03-20 19:04:30.514000+00:00,3828.0,0.0
2023-03-20 19:04:35.514000+00:00,3828.0,0.0
2023-03-20 19:04:40.514000+00:00,3831.0,0.003154000000000323
2023-03-20 19:04:45.514000+00:00,3836.0,0.00432699999999997
2023-03-20 19:04:50.514000+00:00,3836.0,0.0
2023-03-20 19:04:55.514000+00:00,3840.0,0.004823999999999717
2023-03-20 19:05:00.514000+00:00,3846.0,0.005341999999999736
2023-03-20 19:05:05.514000+00:00,3846.0,0.0
2023-03-20 19:05:10.514000+00:00,3848.0,0.0020530000000000825
2023-03-20 19:05:15.514000+00:00,3848.0,0.0
2023-03-20 19:05:20.514000+00:00,3850.0,0.0024620000000004083
2023-03-20 19:05:25.514000+00:00,3856.0,0.006480999999999515
2023-03-20 19:05:30.514000+00:00,3862.0,0.006672000000000011
2023-03-20 19:05:35.514000+00:00,3868.0,0.0058760000000006585
2023-03-20 19:05:40.514000+00:00,3868.0,0.0
2023-03-20 19:05:45.514000+00:00,3870.0,0.0023529999999998275
2023-03-20 19:05:50.514000+00:00,3872.0,0.0020700000000002383
2023-03-20 19:05:55.514000+00:00,3878.0,0.005956000000000294
2023-03-20 19:06:00.514000+00:00,3884.0,0.00603100000000012
2023-03-20 19:06:05.514000+00:00,3886.0,0.001983000000000068
2023-03-20 19:06:10.514000+00:00,3888.0,0.0021180000000002863
2023-03-20 19:06:15.514000+00:00,3896.0,0.008332999999999924
2023-03-20 19:06:20.514000+00:00,3904.0,0.008402000000000243
2023-03-20 19:06:25.514000+00:00,3906.0,0.002067000000000263
2023-03-20 19:06:30.514000+00:00,3908.0,0.0020340000000000913
2023-03-20 19:06:35.514000+00:00,3908.0,0.0
2023-03-20 19:06:40.514000+00:00,3912.0,0.004117999999999622
2023-03-20 19:06:45.514000+00:00,3914.0,0.00196000000000085
2023-03-20 19:06:50.514000+00:00,3920.0,0.006609999999999783
2023-03-20 19:06:55.514000+00:00,3922.0,0.002027000000000001
2023-03-20 19:07:00.514000+00:00,3922.0,0.0
2023-03-20 19:07:05.514000+00:00,3924.0,0.0
2023-03-20 19:07:10.514000+00:00,3924.0,0.0
2023-03-20 19:07:15.514000+00:00,3930.0,0.006395999999999846
2023-03-20 19:07:20.514000+00:00,3940.0,0.009818000000000104
2023-03-20 19:07:25.514000+00:00,3946.0,0.005934000000000106
2023-03-20 19:07:30.514000+00:00,3948.0,0.002018999999999993
2023-03-20 19:07:35.514000+00:00,3950.0,0.0023969999999999825
2023-03-20 19:07:40.514000+00:00,3950.0,0.0
2023-03-20 19:07:45.514000+00:00,3954.0,0.004523000000000055
2023-03-20 19:07:50.514000+00:00,3956.0,0.0024060000000001303
2023-03-20 19:07:55.514000+00:00,3958.0,0.0021020000000000483
2023-03-20 19:08:00.514000+00:00,3966.0,0.008396999999999544
2023-03-20 19:08:05.514000+00:00,3970.0,0.004345000000000265
2023-03-20 19:08:10.514000+00:00,3976.0,0.005929999999999991
2023-03-20 19:08:15.514000+00:00,3980.0,0.004514999999999825
2023-03-20 19:08:20.514000+00:00,3983.0,0.0034330000000000194
2023-03-20 19:08:25.514000+00:00,3988.0,0.005339999999999678
2023-03-20 19:08:30.514000+00:00,3998.0,0.00964100000000001
2023-03-20 19:08:35.514000+00:00,4000.0,0.0020090000000003716
2023-03-20 19:08:40.514000+00:00,4004.0,0.0038769999999999083
2023-03-20 19:08:45.514000+00:00,4004.0,0.0
2023-03-20 19:08:50.514000+00:00,4006.0,0.002414999999999834
2023-03-20 19:08:55.514000+00:00,4014.0,0.008205999999999714
2023-03-20 19:09:00.514000+00:00,4018.0,0.004201000000000121
2023-03-20 19:09:05.514000+00:00,4020.0,0.0019050000000000455
2023-03-20 19:09:10.514000+00:00,4022.0,0.0022439999999999127
2023-03-20 19:09:15.514000+00:00,4032.0,0.009930000000000216
2023-03-20 19:09:20.514000+00:00,4038.0,0.0077510000000002854
2023-03-20 19:09:25.514000+00:00,4040.0,0.0024699999999999722
2023-03-20 19:09:30.514000+00:00,4042.0,0.0025460000000001592
2023-03-20 19:09:35.514000+00:00,4048.0,0.006716000000000166
2023-03-20 19:09:40.514000+00:00,4050.0,0.0024519999999998987
2023-03-20 19:09:45.514000+00:00,4058.0,0.008418000000000259
2023-03-20 19:09:50.514000+00:00,4062.0,0.004448000000000452
2023-03-20 19:09:55.514000+00:00,4064.0,0.0019899999999999363
2023-03-20 19:10:00.514000+00:00,4064.0,0.0
2023-03-20 19:10:05.514000+00:00,4066.0,0.0029120000000002477
2023-03-20 19:10:10.514000+00:00,4070.0,0.0043519999999996895
2023-03-20 19:10:15.514000+00:00,4070.0,0.0
2023-03-20 19:10:20.514000+00:00,4074.0,0.0042159999999999975
2023-03-20 19:10:25.514000+00:00,4082.0,0.008585000000000065
2023-03-20 19:10:30.514000+00:00,4084.0,0.002190999999999832
2023-03-20 19:10:35.514000+00:00,4086.0,0.002010999999999985
2023-03-20 19:10:40.514000+00:00,4090.0,0.004004000000000119
2023-03-20 19:10:45.514000+00:00,4092.0,0.040906999999999805
2023-03-20 19:10:50.514000+00:00,4098.0,0.005962000000000467
2023-03-20 19:10:55.514000+00:00,4098.0,0.0
2023-03-20 19:11:00.514000+00:00,4106.0,0.007009000000000265
2023-03-20 19:11:05.514000+00:00,4112.0,0.006229999999999958
2023-03-20 19:11:10.514000+00:00,4118.0,0.0058549999999997215
2023-03-20 19:11:15.514000+00:00,4128.0,0.009560000000000013
2023-03-20 19:11:20.514000+00:00,4132.0,0.0047680000000001055
2023-03-20 19:11:25.514000+00:00,4136.0,0.004543000000000186
2023-03-20 19:11:30.514000+00:00,4138.0,0.0024999999999999467
2023-03-20 19:11:35.514000+00:00,4144.0,0.00706199999999968
2023-03-20 19:11:40.514000+00:00,4146.0,0.0026999999999999247
2023-03-20 19:11:45.514000+00:00,4152.0,0.0068790000000003015
2023-03-20 19:11:50.514000+00:00,4152.0,0.0
2023-03-20 19:11:55.514000+00:00,4160.0,0.008564999999999712
2023-03-20 19:12:00.514000+00:00,4160.0,0.0
2023-03-20 19:12:05.514000+00:00,4160.0,0.0
2023-03-20 19:12:10.514000+00:00,4166.0,0.006363999999999814
2023-03-20 19:12:15.514000+00:00,4168.0,0.002471000000000112
2023-03-20 19:12:20.514000+00:00,4168.0,0.0
2023-03-20 19:12:25.514000+00:00,4168.0,0.0
2023-03-20 19:12:30.514000+00:00,4174.0,0.006957000000000102
2023-03-20 19:12:35.514000+00:00,4178.0,0.0051480000000001525
2023-03-20 19:12:40.514000+00:00,4178.0,0.0
2023-03-20 19:12:45.514000+00:00,4178.0,0.0
2023-03-20 19:12:50.514000+00:00,4180.0,0.0022400000000000198
2023-03-20 19:12:55.514000+00:00,4182.0,0.0024409999999999155
2023-03-20 19:13:00.514000+00:00,4184.0,0.002152000000000598
2023-03-20 19:13:05.514000+00:00,4194.0,0.00996899999999945
2023-03-20 19:13:10.514000+00:00,4194.0,0.0
2023-03-20 19:13:15.514000+00:00,4198.0,0.004257999999999873
2023-03-20 19:13:20.514000+00:00,4206.0,0.007782999999999873
2023-03-20 19:13:25.514000+00:00,4210.0,0.004492999999999414
2023-03-20 19:13:30.514000+00:00,4212.0,0.002052000000000609
2023-03-20 19:13:35.514000+00:00,4216.0,0.004193999999999809
2023-03-20 19:13:40.514000+00:00,4220.0,0.0035029999999995898
2023-03-20 19:13:45.514000+00:00,4232.0,0.012803000000000564
2023-03-20 19:13:50.514000+00:00,4238.0,0.006405000000000438
2023-03-20 19:13:55.514000+00:00,4238.0,0.0
2023-03-20 19:14:00.514000+00:00,4238.0,0.0
2023-03-20 19:14:05.514000+00:00,4240.0,0.0019369999999998555
2023-03-20 19:14:10.514000+00:00,4242.0,0.001807000000000114
2023-03-20 19:14:15.514000+00:00,4246.0,0.0
2023-03-20 19:14:20.514000+00:00,4248.0,0.0022090000000000165
2023-03-20 19:14:25.514000+00:00,4248.0,0.0
2023-03-20 19:14:30.514000+00:00,4252.0,0.004773999999999945
2023-03-20 19:14:35.514000+00:00,4254.0,0.0020160000000000178
2023-03-20 19:14:40.514000+00:00,4256.0,0.0024480000000000057
2023-03-20 19:14:45.514000+00:00,4260.0,0.004285000000000094
2023-03-20 19:14:50.514000+00:00,4260.0,0.0
2023-03-20 19:14:55.514000+00:00,4262.0,0.0023170000000000135
