timestamp,rt_catalogue_get_mongo_categories_count,rt_catalogue_get_mongo_categories_sum,rt_catalogue_get_mongo_products_count,rt_catalogue_get_mongo_products_sum,rt_catalogue_get_mongo_productscat_count,rt_catalogue_get_mongo_productscat_sum,rt_catalogue_get_mongo_productsku_count,rt_catalogue_get_mongo_productsku_sum,rt_catalogue_get_mongo_search_count,rt_catalogue_get_mongo_search_sum
2023-03-21 02:40:02.678000+00:00,30.0,,28.0,,1.0,,115.0,,0.0,
2023-03-21 02:40:07.678000+00:00,30.0,0.0,28.0,0.0,1.0,0.0,115.0,0.0,0.0,0.0
2023-03-21 02:40:12.678000+00:00,30.0,0.0,28.0,0.0,1.0,0.0,115.0,0.0,0.0,0.0
2023-03-21 02:40:17.678000+00:00,30.0,0.0,28.0,0.0,1.0,0.0,115.0,0.0,0.0,0.0
2023-03-21 02:40:22.678000+00:00,30.0,0.0,28.0,0.0,1.0,0.0,115.0,0.0,0.0,0.0
2023-03-21 02:40:27.678000+00:00,30.0,0.0,28.0,0.0,1.0,0.0,115.0,0.0,0.0,0.0
2023-03-21 02:40:32.678000+00:00,30.0,0.0,28.0,0.0,1.0,0.0,115.0,0.0,0.0,0.0
2023-03-21 02:40:37.678000+00:00,30.0,0.0,28.0,0.0,1.0,0.0,115.0,0.0,0.0,0.0
2023-03-21 02:40:42.678000+00:00,30.0,0.0,28.0,0.0,1.0,0.0,115.0,0.0,0.0,0.0
2023-03-21 02:40:47.678000+00:00,30.0,0.0,28.0,0.0,1.0,0.0,115.0,0.0,0.0,0.0
2023-03-21 02:40:52.678000+00:00,30.0,0.0,28.0,0.0,1.0,0.0,115.0,0.0,0.0,0.0
2023-03-21 02:40:57.678000+00:00,30.0,0.0,28.0,0.0,1.0,0.0,115.0,0.0,0.0,0.0
2023-03-21 02:41:02.678000+00:00,30.0,0.0,28.0,0.0,1.0,0.0,115.0,0.0,0.0,0.0
2023-03-21 02:41:07.678000+00:00,30.0,0.0,28.0,0.0,1.0,0.0,115.0,0.0,0.0,0.0
2023-03-21 02:41:12.678000+00:00,30.0,0.0,28.0,0.0,1.0,0.0,115.0,0.0,0.0,0.0
2023-03-21 02:41:17.678000+00:00,30.0,0.0,28.0,0.0,1.0,0.0,115.0,0.0,0.0,0.0
2023-03-21 02:41:22.678000+00:00,30.0,0.0,28.0,0.0,1.0,0.0,115.0,0.0,0.0,0.0
2023-03-21 02:41:27.678000+00:00,30.0,0.0,28.0,0.0,1.0,0.0,115.0,0.0,0.0,0.0
2023-03-21 02:41:32.678000+00:00,30.0,0.0,28.0,0.0,1.0,0.0,115.0,0.0,0.0,0.0
2023-03-21 02:41:37.678000+00:00,30.0,0.0,28.0,0.0,1.0,0.0,115.0,0.0,0.0,0.0
2023-03-21 02:41:42.678000+00:00,30.0,0.0,28.0,0.0,1.0,0.0,115.0,0.0,0.0,0.0
2023-03-21 02:41:47.678000+00:00,30.0,0.0,28.0,0.0,1.0,0.0,115.0,0.0,0.0,0.0
2023-03-21 02:41:52.678000+00:00,30.0,0.0,28.0,0.0,1.0,0.0,115.0,0.0,0.0,0.0
2023-03-21 02:41:57.678000+00:00,30.0,0.0,28.0,0.0,1.0,0.0,115.0,0.0,0.0,0.0
2023-03-21 02:42:02.678000+00:00,30.0,0.0,28.0,0.0,1.0,0.0,115.0,0.0,0.0,0.0
2023-03-21 02:42:07.678000+00:00,30.0,0.0,28.0,0.0,1.0,0.0,115.0,0.0,0.0,0.0
2023-03-21 02:42:12.678000+00:00,30.0,0.0,28.0,0.0,1.0,0.0,115.0,0.0,0.0,0.0
2023-03-21 02:42:17.678000+00:00,30.0,0.0,28.0,0.0,1.0,0.0,115.0,0.0,0.0,0.0
2023-03-21 02:42:22.678000+00:00,30.0,0.0,28.0,0.0,1.0,0.0,115.0,0.0,0.0,0.0
2023-03-21 02:42:27.678000+00:00,30.0,0.0,28.0,0.0,1.0,0.0,115.0,0.0,0.0,0.0
2023-03-21 02:42:32.678000+00:00,30.0,0.0,28.0,0.0,1.0,0.0,115.0,0.0,0.0,0.0
2023-03-21 02:42:37.678000+00:00,30.0,0.0,28.0,0.0,1.0,0.0,115.0,0.0,0.0,0.0
2023-03-21 02:42:42.678000+00:00,30.0,0.0,28.0,0.0,1.0,0.0,115.0,0.0,0.0,0.0
2023-03-21 02:42:47.678000+00:00,30.0,0.0,28.0,0.0,1.0,0.0,115.0,0.0,0.0,0.0
2023-03-21 02:42:52.678000+00:00,30.0,0.0,28.0,0.0,1.0,0.0,115.0,0.0,0.0,0.0
2023-03-21 02:42:57.678000+00:00,30.0,0.0,28.0,0.0,1.0,0.0,115.0,0.0,0.0,0.0
2023-03-21 02:43:02.678000+00:00,30.0,0.0,28.0,0.0,1.0,0.0,115.0,0.0,0.0,0.0
2023-03-21 02:43:07.678000+00:00,30.0,0.0,28.0,0.0,1.0,0.0,115.0,0.0,0.0,0.0
2023-03-21 02:43:12.678000+00:00,30.0,0.0,28.0,0.0,1.0,0.0,115.0,0.0,0.0,0.0
2023-03-21 02:43:17.678000+00:00,30.0,0.0,28.0,0.0,1.0,0.0,115.0,0.0,0.0,0.0
2023-03-21 02:43:22.678000+00:00,30.0,0.0,28.0,0.0,1.0,0.0,115.0,0.0,0.0,0.0
2023-03-21 02:43:27.678000+00:00,30.0,0.0,28.0,0.0,1.0,0.0,115.0,0.0,0.0,0.0
2023-03-21 02:43:32.678000+00:00,30.0,0.0,28.0,0.0,1.0,0.0,115.0,0.0,0.0,0.0
2023-03-21 02:43:37.678000+00:00,30.0,0.0,28.0,0.0,1.0,0.0,115.0,0.0,0.0,0.0
2023-03-21 02:43:42.678000+00:00,30.0,0.0,28.0,0.0,1.0,0.0,115.0,0.0,0.0,0.0
2023-03-21 02:43:47.678000+00:00,30.0,0.0,28.0,0.0,1.0,0.0,115.0,0.0,0.0,0.0
2023-03-21 02:43:52.678000+00:00,30.0,0.0,28.0,0.0,1.0,0.0,115.0,0.0,0.0,0.0
2023-03-21 02:43:57.678000+00:00,30.0,0.0,28.0,0.0,1.0,0.0,115.0,0.0,0.0,0.0
2023-03-21 02:44:02.678000+00:00,30.0,0.0,28.0,0.0,1.0,0.0,115.0,0.0,0.0,0.0
2023-03-21 02:44:07.678000+00:00,30.0,0.0,28.0,0.0,1.0,0.0,115.0,0.0,0.0,0.0
2023-03-21 02:44:12.678000+00:00,30.0,0.0,28.0,0.0,1.0,0.0,115.0,0.0,0.0,0.0
2023-03-21 02:44:17.678000+00:00,30.0,0.0,28.0,0.0,1.0,0.0,115.0,0.0,0.0,0.0
2023-03-21 02:44:22.678000+00:00,30.0,0.0,28.0,0.0,1.0,0.0,115.0,0.0,0.0,0.0
2023-03-21 02:44:27.678000+00:00,30.0,0.0,28.0,0.0,1.0,0.0,115.0,0.0,0.0,0.0
2023-03-21 02:44:32.678000+00:00,30.0,0.0,28.0,0.0,1.0,0.0,115.0,0.0,0.0,0.0
2023-03-21 02:44:37.678000+00:00,30.0,0.0,28.0,0.0,1.0,0.0,115.0,0.0,0.0,0.0
2023-03-21 02:44:42.678000+00:00,30.0,0.0,28.0,0.0,1.0,0.0,115.0,0.0,0.0,0.0
2023-03-21 02:44:47.678000+00:00,30.0,0.0,28.0,0.0,1.0,0.0,115.0,0.0,0.0,0.0
2023-03-21 02:44:52.678000+00:00,30.0,0.0,28.0,0.0,1.0,0.0,115.0,0.0,0.0,0.0
2023-03-21 02:44:57.678000+00:00,30.0,0.0,28.0,0.0,1.0,0.0,115.0,0.0,0.0,0.0
2023-03-21 02:45:02.678000+00:00,30.0,0.0,28.0,0.0,1.0,0.0,115.0,0.0,0.0,0.0
2023-03-21 02:45:07.678000+00:00,30.0,0.0,28.0,0.0,1.0,0.0,115.0,0.0,0.0,0.0
2023-03-21 02:45:12.678000+00:00,30.0,0.0,28.0,0.0,1.0,0.0,115.0,0.0,0.0,0.0
2023-03-21 02:45:17.678000+00:00,30.0,0.0,28.0,0.0,1.0,0.0,115.0,0.0,0.0,0.0
2023-03-21 02:45:22.678000+00:00,30.0,0.0,28.0,0.0,1.0,0.0,115.0,0.0,0.0,0.0
2023-03-21 02:45:27.678000+00:00,30.0,0.0,28.0,0.0,1.0,0.0,115.0,0.0,0.0,0.0
2023-03-21 02:45:32.678000+00:00,30.0,0.0,28.0,0.0,1.0,0.0,115.0,0.0,0.0,0.0
2023-03-21 02:45:37.678000+00:00,30.0,0.0,28.0,0.0,1.0,0.0,115.0,0.0,0.0,0.0
2023-03-21 02:45:42.678000+00:00,30.0,0.0,28.0,0.0,1.0,0.0,115.0,0.0,0.0,0.0
2023-03-21 02:45:47.678000+00:00,30.0,0.0,28.0,0.0,1.0,0.0,115.0,0.0,0.0,0.0
2023-03-21 02:45:52.678000+00:00,30.0,0.0,28.0,0.0,1.0,0.0,115.0,0.0,0.0,0.0
2023-03-21 02:45:57.678000+00:00,30.0,0.0,28.0,0.0,1.0,0.0,115.0,0.0,0.0,0.0
2023-03-21 02:46:02.678000+00:00,30.0,0.0,28.0,0.0,1.0,0.0,115.0,0.0,0.0,0.0
2023-03-21 02:46:07.678000+00:00,30.0,0.0,28.0,0.0,1.0,0.0,115.0,0.0,0.0,0.0
2023-03-21 02:46:12.678000+00:00,30.0,0.0,28.0,0.0,1.0,0.0,115.0,0.0,0.0,0.0
2023-03-21 02:46:17.678000+00:00,30.0,0.0,28.0,0.0,1.0,0.0,115.0,0.0,0.0,0.0
2023-03-21 02:46:22.678000+00:00,30.0,0.0,28.0,0.0,1.0,0.0,115.0,0.0,0.0,0.0
2023-03-21 02:46:27.678000+00:00,30.0,0.0,28.0,0.0,1.0,0.0,115.0,0.0,0.0,0.0
2023-03-21 02:46:32.678000+00:00,30.0,0.0,28.0,0.0,1.0,0.0,115.0,0.0,0.0,0.0
2023-03-21 02:46:37.678000+00:00,30.0,0.0,28.0,0.0,1.0,0.0,115.0,0.0,0.0,0.0
2023-03-21 02:46:42.678000+00:00,30.0,0.0,28.0,0.0,1.0,0.0,115.0,0.0,0.0,0.0
2023-03-21 02:46:47.678000+00:00,30.0,0.0,28.0,0.0,1.0,0.0,115.0,0.0,0.0,0.0
2023-03-21 02:46:52.678000+00:00,30.0,0.0,28.0,0.0,1.0,0.0,115.0,0.0,0.0,0.0
2023-03-21 02:46:57.678000+00:00,30.0,0.0,28.0,0.0,1.0,0.0,115.0,0.0,0.0,0.0
2023-03-21 02:47:02.678000+00:00,30.0,0.0,28.0,0.0,1.0,0.0,115.0,0.0,0.0,0.0
2023-03-21 02:47:07.678000+00:00,30.0,0.0,28.0,0.0,1.0,0.0,115.0,0.0,0.0,0.0
2023-03-21 02:47:12.678000+00:00,30.0,0.0,28.0,0.0,1.0,0.0,115.0,0.0,0.0,0.0
2023-03-21 02:47:17.678000+00:00,30.0,0.0,28.0,0.0,1.0,0.0,115.0,0.0,0.0,0.0
2023-03-21 02:47:22.678000+00:00,30.0,0.0,28.0,0.0,1.0,0.0,115.0,0.0,0.0,0.0
2023-03-21 02:47:27.678000+00:00,30.0,0.0,28.0,0.0,1.0,0.0,115.0,0.0,0.0,0.0
2023-03-21 02:47:32.678000+00:00,30.0,0.0,28.0,0.0,1.0,0.0,115.0,0.0,0.0,0.0
2023-03-21 02:47:37.678000+00:00,30.0,0.0,28.0,0.0,1.0,0.0,115.0,0.0,0.0,0.0
2023-03-21 02:47:42.678000+00:00,30.0,0.0,28.0,0.0,1.0,0.0,115.0,0.0,0.0,0.0
2023-03-21 02:47:47.678000+00:00,30.0,0.0,28.0,0.0,1.0,0.0,115.0,0.0,0.0,0.0
2023-03-21 02:47:52.678000+00:00,30.0,0.0,28.0,0.0,1.0,0.0,115.0,0.0,0.0,0.0
2023-03-21 02:47:57.678000+00:00,30.0,0.0,28.0,0.0,1.0,0.0,115.0,0.0,0.0,0.0
2023-03-21 02:48:02.678000+00:00,30.0,0.0,28.0,0.0,1.0,0.0,115.0,0.0,0.0,0.0
2023-03-21 02:48:07.678000+00:00,30.0,0.0,28.0,0.0,1.0,0.0,115.0,0.0,0.0,0.0
2023-03-21 02:48:12.678000+00:00,30.0,0.0,28.0,0.0,1.0,0.0,115.0,0.0,0.0,0.0
2023-03-21 02:48:17.678000+00:00,30.0,0.0,28.0,0.0,1.0,0.0,115.0,0.0,0.0,0.0
2023-03-21 02:48:22.678000+00:00,30.0,0.0,28.0,0.0,1.0,0.0,115.0,0.0,0.0,0.0
2023-03-21 02:48:27.678000+00:00,30.0,0.0,28.0,0.0,1.0,0.0,115.0,0.0,0.0,0.0
2023-03-21 02:48:32.678000+00:00,30.0,0.0,28.0,0.0,1.0,0.0,115.0,0.0,0.0,0.0
2023-03-21 02:48:37.678000+00:00,30.0,0.0,28.0,0.0,1.0,0.0,115.0,0.0,0.0,0.0
2023-03-21 02:48:42.678000+00:00,30.0,0.0,28.0,0.0,1.0,0.0,115.0,0.0,0.0,0.0
2023-03-21 02:48:47.678000+00:00,30.0,0.0,28.0,0.0,1.0,0.0,115.0,0.0,0.0,0.0
2023-03-21 02:48:52.678000+00:00,30.0,0.0,28.0,0.0,1.0,0.0,115.0,0.0,0.0,0.0
2023-03-21 02:48:57.678000+00:00,30.0,0.0,28.0,0.0,1.0,0.0,115.0,0.0,0.0,0.0
2023-03-21 02:49:02.678000+00:00,30.0,0.0,28.0,0.0,1.0,0.0,115.0,0.0,0.0,0.0
2023-03-21 02:49:07.678000+00:00,30.0,0.0,28.0,0.0,1.0,0.0,115.0,0.0,0.0,0.0
2023-03-21 02:49:12.678000+00:00,30.0,0.0,28.0,0.0,1.0,0.0,115.0,0.0,0.0,0.0
2023-03-21 02:49:17.678000+00:00,30.0,0.0,28.0,0.0,1.0,0.0,115.0,0.0,0.0,0.0
2023-03-21 02:49:22.678000+00:00,30.0,0.0,28.0,0.0,1.0,0.0,115.0,0.0,0.0,0.0
2023-03-21 02:49:27.678000+00:00,30.0,0.0,28.0,0.0,1.0,0.0,115.0,0.0,0.0,0.0
2023-03-21 02:49:32.678000+00:00,30.0,0.0,28.0,0.0,1.0,0.0,115.0,0.0,0.0,0.0
2023-03-21 02:49:37.678000+00:00,30.0,0.0,28.0,0.0,1.0,0.0,115.0,0.0,0.0,0.0
2023-03-21 02:49:42.678000+00:00,30.0,0.0,28.0,0.0,1.0,0.0,115.0,0.0,0.0,0.0
2023-03-21 02:49:47.678000+00:00,30.0,0.0,28.0,0.0,1.0,0.0,115.0,0.0,0.0,0.0
2023-03-21 02:49:52.678000+00:00,30.0,0.0,28.0,0.0,1.0,0.0,115.0,0.0,0.0,0.0
2023-03-21 02:49:57.678000+00:00,30.0,0.0,28.0,0.0,1.0,0.0,115.0,0.0,0.0,0.0
2023-03-21 02:50:02.678000+00:00,30.0,0.0,28.0,0.0,1.0,0.0,115.0,0.0,0.0,0.0
2023-03-21 02:50:07.678000+00:00,30.0,0.0,28.0,0.0,1.0,0.0,115.0,0.0,0.0,0.0
2023-03-21 02:50:12.678000+00:00,30.0,0.0,28.0,0.0,1.0,0.0,115.0,0.0,0.0,0.0
2023-03-21 02:50:17.678000+00:00,30.0,0.0,28.0,0.0,1.0,0.0,115.0,0.0,0.0,0.0
2023-03-21 02:50:22.678000+00:00,30.0,0.0,28.0,0.0,1.0,0.0,115.0,0.0,0.0,0.0
2023-03-21 02:50:27.678000+00:00,30.0,0.0,28.0,0.0,1.0,0.0,115.0,0.0,0.0,0.0
2023-03-21 02:50:32.678000+00:00,30.0,0.0,28.0,0.0,1.0,0.0,115.0,0.0,0.0,0.0
2023-03-21 02:50:37.678000+00:00,30.0,0.0,28.0,0.0,1.0,0.0,115.0,0.0,0.0,0.0
2023-03-21 02:50:42.678000+00:00,30.0,0.0,28.0,0.0,1.0,0.0,115.0,0.0,0.0,0.0
2023-03-21 02:50:47.678000+00:00,30.0,0.0,28.0,0.0,1.0,0.0,115.0,0.0,0.0,0.0
2023-03-21 02:50:52.678000+00:00,30.0,0.0,28.0,0.0,1.0,0.0,115.0,0.0,0.0,0.0
2023-03-21 02:50:57.678000+00:00,30.0,0.0,28.0,0.0,1.0,0.0,115.0,0.0,0.0,0.0
2023-03-21 02:51:02.678000+00:00,30.0,0.0,28.0,0.0,1.0,0.0,115.0,0.0,0.0,0.0
2023-03-21 02:51:07.678000+00:00,30.0,0.0,28.0,0.0,1.0,0.0,115.0,0.0,0.0,0.0
2023-03-21 02:51:12.678000+00:00,30.0,0.0,28.0,0.0,1.0,0.0,115.0,0.0,0.0,0.0
2023-03-21 02:51:17.678000+00:00,30.0,0.0,28.0,0.0,1.0,0.0,115.0,0.0,0.0,0.0
2023-03-21 02:51:22.678000+00:00,30.0,0.0,28.0,0.0,1.0,0.0,115.0,0.0,0.0,0.0
2023-03-21 02:51:27.678000+00:00,30.0,0.0,28.0,0.0,1.0,0.0,115.0,0.0,0.0,0.0
2023-03-21 02:51:32.678000+00:00,30.0,0.0,28.0,0.0,1.0,0.0,115.0,0.0,0.0,0.0
2023-03-21 02:51:37.678000+00:00,30.0,0.0,28.0,0.0,1.0,0.0,115.0,0.0,0.0,0.0
2023-03-21 02:51:42.678000+00:00,30.0,0.0,28.0,0.0,1.0,0.0,115.0,0.0,0.0,0.0
2023-03-21 02:51:47.678000+00:00,30.0,0.0,28.0,0.0,1.0,0.0,115.0,0.0,0.0,0.0
2023-03-21 02:51:52.678000+00:00,30.0,0.0,28.0,0.0,1.0,0.0,115.0,0.0,0.0,0.0
2023-03-21 02:51:57.678000+00:00,30.0,0.0,28.0,0.0,1.0,0.0,115.0,0.0,0.0,0.0
2023-03-21 02:52:02.678000+00:00,30.0,0.0,28.0,0.0,1.0,0.0,115.0,0.0,0.0,0.0
2023-03-21 02:52:07.678000+00:00,30.0,0.0,28.0,0.0,1.0,0.0,115.0,0.0,0.0,0.0
2023-03-21 02:52:12.678000+00:00,30.0,0.0,28.0,0.0,1.0,0.0,115.0,0.0,0.0,0.0
2023-03-21 02:52:17.678000+00:00,30.0,0.0,28.0,0.0,1.0,0.0,115.0,0.0,0.0,0.0
2023-03-21 02:52:22.678000+00:00,30.0,0.0,28.0,0.0,1.0,0.0,115.0,0.0,0.0,0.0
2023-03-21 02:52:27.678000+00:00,30.0,0.0,28.0,0.0,1.0,0.0,115.0,0.0,0.0,0.0
2023-03-21 02:52:32.678000+00:00,30.0,0.0,28.0,0.0,1.0,0.0,115.0,0.0,0.0,0.0
2023-03-21 02:52:37.678000+00:00,30.0,0.0,28.0,0.0,1.0,0.0,115.0,0.0,0.0,0.0
2023-03-21 02:52:42.678000+00:00,30.0,0.0,28.0,0.0,1.0,0.0,115.0,0.0,0.0,0.0
2023-03-21 02:52:47.678000+00:00,30.0,0.0,28.0,0.0,1.0,0.0,115.0,0.0,0.0,0.0
2023-03-21 02:52:52.678000+00:00,30.0,0.0,28.0,0.0,1.0,0.0,115.0,0.0,0.0,0.0
2023-03-21 02:52:57.678000+00:00,30.0,0.0,28.0,0.0,1.0,0.0,115.0,0.0,0.0,0.0
2023-03-21 02:53:02.678000+00:00,30.0,0.0,28.0,0.0,1.0,0.0,115.0,0.0,0.0,0.0
2023-03-21 02:53:07.678000+00:00,30.0,0.0,28.0,0.0,1.0,0.0,115.0,0.0,0.0,0.0
2023-03-21 02:53:12.678000+00:00,30.0,0.0,28.0,0.0,1.0,0.0,115.0,0.0,0.0,0.0
2023-03-21 02:53:17.678000+00:00,30.0,0.0,28.0,0.0,1.0,0.0,115.0,0.0,0.0,0.0
2023-03-21 02:53:22.678000+00:00,30.0,0.0,28.0,0.0,1.0,0.0,115.0,0.0,0.0,0.0
2023-03-21 02:53:27.678000+00:00,30.0,0.0,28.0,0.0,1.0,0.0,115.0,0.0,0.0,0.0
2023-03-21 02:53:32.678000+00:00,30.0,0.0,28.0,0.0,1.0,0.0,115.0,0.0,0.0,0.0
2023-03-21 02:53:37.678000+00:00,30.0,0.0,28.0,0.0,1.0,0.0,115.0,0.0,0.0,0.0
2023-03-21 02:53:42.678000+00:00,30.0,0.0,28.0,0.0,1.0,0.0,115.0,0.0,0.0,0.0
2023-03-21 02:53:47.678000+00:00,30.0,0.0,28.0,0.0,1.0,0.0,115.0,0.0,0.0,0.0
2023-03-21 02:53:52.678000+00:00,30.0,0.0,28.0,0.0,1.0,0.0,115.0,0.0,0.0,0.0
2023-03-21 02:53:57.678000+00:00,30.0,0.0,28.0,0.0,1.0,0.0,115.0,0.0,0.0,0.0
2023-03-21 02:54:02.678000+00:00,30.0,0.0,28.0,0.0,1.0,0.0,115.0,0.0,0.0,0.0
2023-03-21 02:54:07.678000+00:00,30.0,0.0,28.0,0.0,1.0,0.0,115.0,0.0,0.0,0.0
2023-03-21 02:54:12.678000+00:00,30.0,0.0,28.0,0.0,1.0,0.0,115.0,0.0,0.0,0.0
2023-03-21 02:54:17.678000+00:00,30.0,0.0,28.0,0.0,1.0,0.0,115.0,0.0,0.0,0.0
2023-03-21 02:54:22.678000+00:00,30.0,0.0,28.0,0.0,1.0,0.0,115.0,0.0,0.0,0.0
2023-03-21 02:54:27.678000+00:00,30.0,0.0,28.0,0.0,1.0,0.0,115.0,0.0,0.0,0.0
2023-03-21 02:54:32.678000+00:00,30.0,0.0,28.0,0.0,1.0,0.0,115.0,0.0,0.0,0.0
2023-03-21 02:54:37.678000+00:00,30.0,0.0,28.0,0.0,1.0,0.0,115.0,0.0,0.0,0.0
2023-03-21 02:54:42.678000+00:00,30.0,0.0,28.0,0.0,1.0,0.0,115.0,0.0,0.0,0.0
2023-03-21 02:54:47.678000+00:00,30.0,0.0,28.0,0.0,1.0,0.0,115.0,0.0,0.0,0.0
2023-03-21 02:54:52.678000+00:00,30.0,0.0,28.0,0.0,1.0,0.0,115.0,0.0,0.0,0.0
2023-03-21 02:54:57.678000+00:00,30.0,0.0,28.0,0.0,1.0,0.0,115.0,0.0,0.0,0.0
2023-03-21 02:55:02.678000+00:00,30.0,0.0,28.0,0.0,1.0,0.0,115.0,0.0,0.0,0.0
2023-03-21 02:55:07.678000+00:00,30.0,0.0,28.0,0.0,1.0,0.0,115.0,0.0,0.0,0.0
2023-03-21 02:55:12.678000+00:00,30.0,0.0,28.0,0.0,1.0,0.0,115.0,0.0,0.0,0.0
2023-03-21 02:55:17.678000+00:00,30.0,0.0,28.0,0.0,1.0,0.0,115.0,0.0,0.0,0.0
2023-03-21 02:55:22.678000+00:00,30.0,0.0,28.0,0.0,1.0,0.0,115.0,0.0,0.0,0.0
2023-03-21 02:55:27.678000+00:00,30.0,0.0,28.0,0.0,1.0,0.0,115.0,0.0,0.0,0.0
2023-03-21 02:55:32.678000+00:00,30.0,0.0,28.0,0.0,1.0,0.0,115.0,0.0,0.0,0.0
2023-03-21 02:55:37.678000+00:00,30.0,0.0,28.0,0.0,1.0,0.0,115.0,0.0,0.0,0.0
2023-03-21 02:55:42.678000+00:00,30.0,0.0,28.0,0.0,1.0,0.0,115.0,0.0,0.0,0.0
2023-03-21 02:55:47.678000+00:00,30.0,0.0,28.0,0.0,1.0,0.0,115.0,0.0,0.0,0.0
2023-03-21 02:55:52.678000+00:00,30.0,0.0,28.0,0.0,1.0,0.0,115.0,0.0,0.0,0.0
2023-03-21 02:55:57.678000+00:00,30.0,0.0,28.0,0.0,1.0,0.0,115.0,0.0,0.0,0.0
2023-03-21 02:56:02.678000+00:00,30.0,0.0,28.0,0.0,1.0,0.0,115.0,0.0,0.0,0.0
2023-03-21 02:56:07.678000+00:00,30.0,0.0,28.0,0.0,1.0,0.0,115.0,0.0,0.0,0.0
2023-03-21 02:56:12.678000+00:00,30.0,0.0,28.0,0.0,1.0,0.0,115.0,0.0,0.0,0.0
2023-03-21 02:56:17.678000+00:00,30.0,0.0,28.0,0.0,1.0,0.0,115.0,0.0,0.0,0.0
2023-03-21 02:56:22.678000+00:00,30.0,0.0,28.0,0.0,1.0,0.0,115.0,0.0,0.0,0.0
2023-03-21 02:56:27.678000+00:00,30.0,0.0,28.0,0.0,1.0,0.0,115.0,0.0,0.0,0.0
2023-03-21 02:56:32.678000+00:00,30.0,0.0,28.0,0.0,1.0,0.0,115.0,0.0,0.0,0.0
2023-03-21 02:56:37.678000+00:00,30.0,0.0,28.0,0.0,1.0,0.0,115.0,0.0,0.0,0.0
2023-03-21 02:56:42.678000+00:00,30.0,0.0,28.0,0.0,1.0,0.0,115.0,0.0,0.0,0.0
2023-03-21 02:56:47.678000+00:00,30.0,0.0,28.0,0.0,1.0,0.0,115.0,0.0,0.0,0.0
2023-03-21 02:56:52.678000+00:00,30.0,0.0,28.0,0.0,1.0,0.0,115.0,0.0,0.0,0.0
2023-03-21 02:56:57.678000+00:00,30.0,0.0,28.0,0.0,1.0,0.0,115.0,0.0,0.0,0.0
2023-03-21 02:57:02.678000+00:00,30.0,0.0,28.0,0.0,1.0,0.0,115.0,0.0,0.0,0.0
2023-03-21 02:57:07.678000+00:00,30.0,0.0,28.0,0.0,1.0,0.0,115.0,0.0,0.0,0.0
2023-03-21 02:57:12.678000+00:00,30.0,0.0,28.0,0.0,1.0,0.0,115.0,0.0,0.0,0.0
2023-03-21 02:57:17.678000+00:00,30.0,0.0,28.0,0.0,1.0,0.0,115.0,0.0,0.0,0.0
2023-03-21 02:57:22.678000+00:00,30.0,0.0,28.0,0.0,1.0,0.0,115.0,0.0,0.0,0.0
2023-03-21 02:57:27.678000+00:00,30.0,0.0,28.0,0.0,1.0,0.0,115.0,0.0,0.0,0.0
2023-03-21 02:57:32.678000+00:00,30.0,0.0,28.0,0.0,1.0,0.0,115.0,0.0,0.0,0.0
2023-03-21 02:57:37.678000+00:00,30.0,0.0,28.0,0.0,1.0,0.0,115.0,0.0,0.0,0.0
2023-03-21 02:57:42.678000+00:00,30.0,0.0,28.0,0.0,1.0,0.0,115.0,0.0,0.0,0.0
2023-03-21 02:57:47.678000+00:00,30.0,0.0,28.0,0.0,1.0,0.0,115.0,0.0,0.0,0.0
2023-03-21 02:57:52.678000+00:00,30.0,0.0,28.0,0.0,1.0,0.0,115.0,0.0,0.0,0.0
2023-03-21 02:57:57.678000+00:00,30.0,0.0,28.0,0.0,1.0,0.0,115.0,0.0,0.0,0.0
2023-03-21 02:58:02.678000+00:00,30.0,0.0,28.0,0.0,1.0,0.0,115.0,0.0,0.0,0.0
2023-03-21 02:58:07.678000+00:00,30.0,0.0,28.0,0.0,1.0,0.0,115.0,0.0,0.0,0.0
2023-03-21 02:58:12.678000+00:00,30.0,0.0,28.0,0.0,1.0,0.0,115.0,0.0,0.0,0.0
2023-03-21 02:58:17.678000+00:00,30.0,0.0,28.0,0.0,1.0,0.0,115.0,0.0,0.0,0.0
2023-03-21 02:58:22.678000+00:00,30.0,0.0,28.0,0.0,1.0,0.0,115.0,0.0,0.0,0.0
2023-03-21 02:58:27.678000+00:00,30.0,0.0,28.0,0.0,1.0,0.0,115.0,0.0,0.0,0.0
2023-03-21 02:58:32.678000+00:00,30.0,0.0,28.0,0.0,1.0,0.0,115.0,0.0,0.0,0.0
2023-03-21 02:58:37.678000+00:00,30.0,0.0,28.0,0.0,1.0,0.0,115.0,0.0,0.0,0.0
2023-03-21 02:58:42.678000+00:00,30.0,0.0,28.0,0.0,1.0,0.0,115.0,0.0,0.0,0.0
2023-03-21 02:58:47.678000+00:00,30.0,0.0,28.0,0.0,1.0,0.0,115.0,0.0,0.0,0.0
2023-03-21 02:58:52.678000+00:00,30.0,0.0,28.0,0.0,1.0,0.0,115.0,0.0,0.0,0.0
2023-03-21 02:58:57.678000+00:00,30.0,0.0,28.0,0.0,1.0,0.0,115.0,0.0,0.0,0.0
2023-03-21 02:59:02.678000+00:00,30.0,0.0,28.0,0.0,1.0,0.0,115.0,0.0,0.0,0.0
2023-03-21 02:59:07.678000+00:00,30.0,0.0,28.0,0.0,1.0,0.0,115.0,0.0,0.0,0.0
2023-03-21 02:59:12.678000+00:00,30.0,0.0,28.0,0.0,1.0,0.0,115.0,0.0,0.0,0.0
2023-03-21 02:59:17.678000+00:00,30.0,0.0,28.0,0.0,1.0,0.0,115.0,0.0,0.0,0.0
2023-03-21 02:59:22.678000+00:00,30.0,0.0,28.0,0.0,1.0,0.0,115.0,0.0,0.0,0.0
2023-03-21 02:59:27.678000+00:00,30.0,0.0,28.0,0.0,1.0,0.0,115.0,0.0,0.0,0.0
2023-03-21 02:59:32.678000+00:00,30.0,0.0,28.0,0.0,1.0,0.0,115.0,0.0,0.0,0.0
2023-03-21 02:59:37.678000+00:00,30.0,0.0,28.0,0.0,1.0,0.0,115.0,0.0,0.0,0.0
2023-03-21 02:59:42.678000+00:00,30.0,0.0,28.0,0.0,1.0,0.0,115.0,0.0,0.0,0.0
2023-03-21 02:59:47.678000+00:00,30.0,0.0,28.0,0.0,1.0,0.0,115.0,0.0,0.0,0.0
2023-03-21 02:59:52.678000+00:00,30.0,0.0,28.0,0.0,1.0,0.0,115.0,0.0,0.0,0.0
2023-03-21 02:59:57.678000+00:00,30.0,0.0,28.0,0.0,1.0,0.0,115.0,0.0,0.0,0.0
2023-03-21 03:00:02.678000+00:00,30.0,0.0,28.0,0.0,1.0,0.0,115.0,0.0,0.0,0.0
2023-03-21 03:00:07.678000+00:00,30.0,0.0,28.0,0.0,1.0,0.0,115.0,0.0,0.0,0.0
2023-03-21 03:00:12.678000+00:00,30.0,0.0,28.0,0.0,1.0,0.0,115.0,0.0,0.0,0.0
2023-03-21 03:00:17.678000+00:00,30.0,0.0,28.0,0.0,1.0,0.0,115.0,0.0,0.0,0.0
2023-03-21 03:00:22.678000+00:00,30.0,0.0,28.0,0.0,1.0,0.0,115.0,0.0,0.0,0.0
2023-03-21 03:00:27.678000+00:00,30.0,0.0,28.0,0.0,1.0,0.0,115.0,0.0,0.0,0.0
2023-03-21 03:00:32.678000+00:00,30.0,0.0,28.0,0.0,1.0,0.0,115.0,0.0,0.0,0.0
2023-03-21 03:00:37.678000+00:00,30.0,0.0,28.0,0.0,1.0,0.0,115.0,0.0,0.0,0.0
2023-03-21 03:00:42.678000+00:00,30.0,0.0,28.0,0.0,1.0,0.0,115.0,0.0,0.0,0.0
2023-03-21 03:00:47.678000+00:00,30.0,0.0,28.0,0.0,1.0,0.0,115.0,0.0,0.0,0.0
2023-03-21 03:00:52.678000+00:00,30.0,0.0,28.0,0.0,1.0,0.0,115.0,0.0,0.0,0.0
2023-03-21 03:00:57.678000+00:00,30.0,0.0,28.0,0.0,1.0,0.0,115.0,0.0,0.0,0.0
2023-03-21 03:01:02.678000+00:00,30.0,0.0,28.0,0.0,1.0,0.0,115.0,0.0,0.0,0.0
2023-03-21 03:01:07.678000+00:00,30.0,0.0,28.0,0.0,1.0,0.0,115.0,0.0,0.0,0.0
2023-03-21 03:01:12.678000+00:00,30.0,0.0,28.0,0.0,1.0,0.0,115.0,0.0,0.0,0.0
2023-03-21 03:01:17.678000+00:00,30.0,0.0,28.0,0.0,1.0,0.0,115.0,0.0,0.0,0.0
2023-03-21 03:01:22.678000+00:00,30.0,0.0,28.0,0.0,1.0,0.0,115.0,0.0,0.0,0.0
2023-03-21 03:01:27.678000+00:00,30.0,0.0,28.0,0.0,1.0,0.0,115.0,0.0,0.0,0.0
2023-03-21 03:01:32.678000+00:00,30.0,0.0,28.0,0.0,1.0,0.0,115.0,0.0,0.0,0.0
2023-03-21 03:01:37.678000+00:00,30.0,0.0,28.0,0.0,1.0,0.0,115.0,0.0,0.0,0.0
2023-03-21 03:01:42.678000+00:00,30.0,0.0,28.0,0.0,1.0,0.0,115.0,0.0,0.0,0.0
2023-03-21 03:01:47.678000+00:00,30.0,0.0,28.0,0.0,1.0,0.0,115.0,0.0,0.0,0.0
2023-03-21 03:01:52.678000+00:00,30.0,0.0,28.0,0.0,1.0,0.0,115.0,0.0,0.0,0.0
2023-03-21 03:01:57.678000+00:00,30.0,0.0,28.0,0.0,1.0,0.0,115.0,0.0,0.0,0.0
2023-03-21 03:02:02.678000+00:00,30.0,0.0,28.0,0.0,1.0,0.0,115.0,0.0,0.0,0.0
2023-03-21 03:02:07.678000+00:00,30.0,0.0,28.0,0.0,1.0,0.0,115.0,0.0,0.0,0.0
2023-03-21 03:02:12.678000+00:00,30.0,0.0,28.0,0.0,1.0,0.0,115.0,0.0,0.0,0.0
2023-03-21 03:02:17.678000+00:00,30.0,0.0,28.0,0.0,1.0,0.0,115.0,0.0,0.0,0.0
2023-03-21 03:02:22.678000+00:00,30.0,0.0,28.0,0.0,1.0,0.0,115.0,0.0,0.0,0.0
2023-03-21 03:02:27.678000+00:00,30.0,0.0,28.0,0.0,1.0,0.0,115.0,0.0,0.0,0.0
2023-03-21 03:02:32.678000+00:00,30.0,0.0,28.0,0.0,1.0,0.0,115.0,0.0,0.0,0.0
2023-03-21 03:02:37.678000+00:00,30.0,0.0,28.0,0.0,1.0,0.0,115.0,0.0,0.0,0.0
2023-03-21 03:02:42.678000+00:00,30.0,0.0,28.0,0.0,1.0,0.0,115.0,0.0,0.0,0.0
2023-03-21 03:02:47.678000+00:00,30.0,0.0,28.0,0.0,1.0,0.0,115.0,0.0,0.0,0.0
2023-03-21 03:02:52.678000+00:00,30.0,0.0,28.0,0.0,1.0,0.0,115.0,0.0,0.0,0.0
2023-03-21 03:02:57.678000+00:00,30.0,0.0,28.0,0.0,1.0,0.0,115.0,0.0,0.0,0.0
2023-03-21 03:03:02.678000+00:00,30.0,0.0,28.0,0.0,1.0,0.0,115.0,0.0,0.0,0.0
2023-03-21 03:03:07.678000+00:00,30.0,0.0,28.0,0.0,1.0,0.0,115.0,0.0,0.0,0.0
2023-03-21 03:03:12.678000+00:00,30.0,0.0,28.0,0.0,1.0,0.0,115.0,0.0,0.0,0.0
2023-03-21 03:03:17.678000+00:00,30.0,0.0,28.0,0.0,1.0,0.0,115.0,0.0,0.0,0.0
2023-03-21 03:03:22.678000+00:00,30.0,0.0,28.0,0.0,1.0,0.0,115.0,0.0,0.0,0.0
2023-03-21 03:03:27.678000+00:00,30.0,0.0,28.0,0.0,1.0,0.0,115.0,0.0,0.0,0.0
2023-03-21 03:03:32.678000+00:00,30.0,0.0,28.0,0.0,1.0,0.0,115.0,0.0,0.0,0.0
2023-03-21 03:03:37.678000+00:00,30.0,0.0,28.0,0.0,1.0,0.0,115.0,0.0,0.0,0.0
2023-03-21 03:03:42.678000+00:00,30.0,0.0,28.0,0.0,1.0,0.0,115.0,0.0,0.0,0.0
2023-03-21 03:03:47.678000+00:00,30.0,0.0,28.0,0.0,1.0,0.0,115.0,0.0,0.0,0.0
2023-03-21 03:03:52.678000+00:00,30.0,0.0,28.0,0.0,1.0,0.0,115.0,0.0,0.0,0.0
2023-03-21 03:03:57.678000+00:00,30.0,0.0,28.0,0.0,1.0,0.0,115.0,0.0,0.0,0.0
2023-03-21 03:04:02.678000+00:00,30.0,0.0,28.0,0.0,1.0,0.0,115.0,0.0,0.0,0.0
2023-03-21 03:04:07.678000+00:00,30.0,0.0,28.0,0.0,1.0,0.0,115.0,0.0,0.0,0.0
2023-03-21 03:04:12.678000+00:00,30.0,0.0,28.0,0.0,1.0,0.0,115.0,0.0,0.0,0.0
2023-03-21 03:04:17.678000+00:00,30.0,0.0,28.0,0.0,1.0,0.0,115.0,0.0,0.0,0.0
2023-03-21 03:04:22.678000+00:00,30.0,0.0,28.0,0.0,1.0,0.0,115.0,0.0,0.0,0.0
2023-03-21 03:04:27.678000+00:00,30.0,0.0,28.0,0.0,1.0,0.0,115.0,0.0,0.0,0.0
2023-03-21 03:04:32.678000+00:00,30.0,0.0,28.0,0.0,1.0,0.0,115.0,0.0,0.0,0.0
2023-03-21 03:04:37.678000+00:00,30.0,0.0,28.0,0.0,1.0,0.0,115.0,0.0,0.0,0.0
2023-03-21 03:04:42.678000+00:00,30.0,0.0,28.0,0.0,1.0,0.0,115.0,0.0,0.0,0.0
2023-03-21 03:04:47.678000+00:00,30.0,0.0,28.0,0.0,1.0,0.0,115.0,0.0,0.0,0.0
2023-03-21 03:04:52.678000+00:00,30.0,0.0,28.0,0.0,1.0,0.0,115.0,0.0,0.0,0.0
2023-03-21 03:04:57.678000+00:00,30.0,0.0,28.0,0.0,1.0,0.0,115.0,0.0,0.0,0.0
2023-03-21 03:05:02.678000+00:00,30.0,0.0,28.0,0.0,1.0,0.0,115.0,0.0,0.0,0.0
2023-03-21 03:05:07.678000+00:00,30.0,0.0,28.0,0.0,1.0,0.0,115.0,0.0,0.0,0.0
2023-03-21 03:05:12.678000+00:00,30.0,0.0,28.0,0.0,1.0,0.0,115.0,0.0,0.0,0.0
2023-03-21 03:05:17.678000+00:00,30.0,0.0,28.0,0.0,1.0,0.0,115.0,0.0,0.0,0.0
2023-03-21 03:05:22.678000+00:00,30.0,0.0,28.0,0.0,1.0,0.0,115.0,0.0,0.0,0.0
2023-03-21 03:05:27.678000+00:00,30.0,0.0,28.0,0.0,1.0,0.0,115.0,0.0,0.0,0.0
2023-03-21 03:05:32.678000+00:00,30.0,0.0,28.0,0.0,1.0,0.0,115.0,0.0,0.0,0.0
2023-03-21 03:05:37.678000+00:00,30.0,0.0,28.0,0.0,1.0,0.0,115.0,0.0,0.0,0.0
2023-03-21 03:05:42.678000+00:00,30.0,0.0,28.0,0.0,1.0,0.0,115.0,0.0,0.0,0.0
2023-03-21 03:05:47.678000+00:00,30.0,0.0,28.0,0.0,1.0,0.0,115.0,0.0,0.0,0.0
2023-03-21 03:05:52.678000+00:00,30.0,0.0,28.0,0.0,1.0,0.0,115.0,0.0,0.0,0.0
2023-03-21 03:05:57.678000+00:00,30.0,0.0,28.0,0.0,1.0,0.0,115.0,0.0,0.0,0.0
2023-03-21 03:06:02.678000+00:00,30.0,0.0,28.0,0.0,1.0,0.0,115.0,0.0,0.0,0.0
2023-03-21 03:06:07.678000+00:00,30.0,0.0,28.0,0.0,1.0,0.0,115.0,0.0,0.0,0.0
2023-03-21 03:06:12.678000+00:00,30.0,0.0,28.0,0.0,1.0,0.0,115.0,0.0,0.0,0.0
2023-03-21 03:06:17.678000+00:00,30.0,0.0,28.0,0.0,1.0,0.0,115.0,0.0,0.0,0.0
2023-03-21 03:06:22.678000+00:00,30.0,0.0,28.0,0.0,1.0,0.0,115.0,0.0,0.0,0.0
2023-03-21 03:06:27.678000+00:00,30.0,0.0,28.0,0.0,1.0,0.0,115.0,0.0,0.0,0.0
2023-03-21 03:06:32.678000+00:00,30.0,0.0,28.0,0.0,1.0,0.0,115.0,0.0,0.0,0.0
2023-03-21 03:06:37.678000+00:00,30.0,0.0,28.0,0.0,1.0,0.0,115.0,0.0,0.0,0.0
2023-03-21 03:06:42.678000+00:00,30.0,0.0,28.0,0.0,1.0,0.0,115.0,0.0,0.0,0.0
2023-03-21 03:06:47.678000+00:00,30.0,0.0,28.0,0.0,1.0,0.0,115.0,0.0,0.0,0.0
2023-03-21 03:06:52.678000+00:00,30.0,0.0,28.0,0.0,1.0,0.0,115.0,0.0,0.0,0.0
2023-03-21 03:06:57.678000+00:00,30.0,0.0,28.0,0.0,1.0,0.0,115.0,0.0,0.0,0.0
2023-03-21 03:07:02.678000+00:00,30.0,0.0,28.0,0.0,1.0,0.0,115.0,0.0,0.0,0.0
2023-03-21 03:07:07.678000+00:00,30.0,0.0,28.0,0.0,1.0,0.0,115.0,0.0,0.0,0.0
2023-03-21 03:07:12.678000+00:00,30.0,0.0,28.0,0.0,1.0,0.0,115.0,0.0,0.0,0.0
2023-03-21 03:07:17.678000+00:00,30.0,0.0,28.0,0.0,1.0,0.0,115.0,0.0,0.0,0.0
2023-03-21 03:07:22.678000+00:00,30.0,0.0,28.0,0.0,1.0,0.0,115.0,0.0,0.0,0.0
2023-03-21 03:07:27.678000+00:00,30.0,0.0,28.0,0.0,1.0,0.0,115.0,0.0,0.0,0.0
2023-03-21 03:07:32.678000+00:00,30.0,0.0,28.0,0.0,1.0,0.0,115.0,0.0,0.0,0.0
2023-03-21 03:07:37.678000+00:00,30.0,0.0,28.0,0.0,1.0,0.0,115.0,0.0,0.0,0.0
2023-03-21 03:07:42.678000+00:00,30.0,0.0,28.0,0.0,1.0,0.0,115.0,0.0,0.0,0.0
2023-03-21 03:07:47.678000+00:00,30.0,0.0,28.0,0.0,1.0,0.0,115.0,0.0,0.0,0.0
2023-03-21 03:07:52.678000+00:00,30.0,0.0,28.0,0.0,1.0,0.0,115.0,0.0,0.0,0.0
2023-03-21 03:07:57.678000+00:00,30.0,0.0,28.0,0.0,1.0,0.0,115.0,0.0,0.0,0.0
2023-03-21 03:08:02.678000+00:00,30.0,0.0,28.0,0.0,1.0,0.0,115.0,0.0,0.0,0.0
2023-03-21 03:08:07.678000+00:00,30.0,0.0,28.0,0.0,1.0,0.0,115.0,0.0,0.0,0.0
2023-03-21 03:08:12.678000+00:00,30.0,0.0,28.0,0.0,1.0,0.0,115.0,0.0,0.0,0.0
2023-03-21 03:08:17.678000+00:00,30.0,0.0,28.0,0.0,1.0,0.0,115.0,0.0,0.0,0.0
2023-03-21 03:08:22.678000+00:00,30.0,0.0,28.0,0.0,1.0,0.0,115.0,0.0,0.0,0.0
2023-03-21 03:08:27.678000+00:00,30.0,0.0,28.0,0.0,1.0,0.0,115.0,0.0,0.0,0.0
2023-03-21 03:08:32.678000+00:00,30.0,0.0,28.0,0.0,1.0,0.0,115.0,0.0,0.0,0.0
2023-03-21 03:08:37.678000+00:00,30.0,0.0,28.0,0.0,1.0,0.0,115.0,0.0,0.0,0.0
2023-03-21 03:08:42.678000+00:00,30.0,0.0,28.0,0.0,1.0,0.0,115.0,0.0,0.0,0.0
2023-03-21 03:08:47.678000+00:00,30.0,0.0,28.0,0.0,1.0,0.0,115.0,0.0,0.0,0.0
2023-03-21 03:08:52.678000+00:00,30.0,0.0,28.0,0.0,1.0,0.0,115.0,0.0,0.0,0.0
2023-03-21 03:08:57.678000+00:00,30.0,0.0,28.0,0.0,1.0,0.0,115.0,0.0,0.0,0.0
2023-03-21 03:09:02.678000+00:00,30.0,0.0,28.0,0.0,1.0,0.0,115.0,0.0,0.0,0.0
2023-03-21 03:09:07.678000+00:00,30.0,0.0,28.0,0.0,1.0,0.0,115.0,0.0,0.0,0.0
2023-03-21 03:09:12.678000+00:00,30.0,0.0,28.0,0.0,1.0,0.0,115.0,0.0,0.0,0.0
2023-03-21 03:09:17.678000+00:00,30.0,0.0,28.0,0.0,1.0,0.0,115.0,0.0,0.0,0.0
2023-03-21 03:09:22.678000+00:00,30.0,0.0,28.0,0.0,1.0,0.0,115.0,0.0,0.0,0.0
2023-03-21 03:09:27.678000+00:00,30.0,0.0,28.0,0.0,1.0,0.0,115.0,0.0,0.0,0.0
2023-03-21 03:09:32.678000+00:00,30.0,0.0,28.0,0.0,1.0,0.0,115.0,0.0,0.0,0.0
2023-03-21 03:09:37.678000+00:00,30.0,0.0,28.0,0.0,1.0,0.0,115.0,0.0,0.0,0.0
2023-03-21 03:09:42.678000+00:00,30.0,0.0,28.0,0.0,1.0,0.0,115.0,0.0,0.0,0.0
2023-03-21 03:09:47.678000+00:00,30.0,0.0,28.0,0.0,1.0,0.0,115.0,0.0,0.0,0.0
2023-03-21 03:09:52.678000+00:00,30.0,0.0,28.0,0.0,1.0,0.0,115.0,0.0,0.0,0.0
2023-03-21 03:09:57.678000+00:00,30.0,0.0,28.0,0.0,1.0,0.0,115.0,0.0,0.0,0.0
2023-03-21 03:10:02.678000+00:00,30.0,0.0,28.0,0.0,1.0,0.0,115.0,0.0,0.0,0.0
2023-03-21 03:10:07.678000+00:00,30.0,0.0,28.0,0.0,1.0,0.0,115.0,0.0,0.0,0.0
2023-03-21 03:10:12.678000+00:00,30.0,0.0,28.0,0.0,1.0,0.0,115.0,0.0,0.0,0.0
2023-03-21 03:10:17.678000+00:00,30.0,0.0,28.0,0.0,1.0,0.0,115.0,0.0,0.0,0.0
2023-03-21 03:10:22.678000+00:00,30.0,0.0,28.0,0.0,1.0,0.0,115.0,0.0,0.0,0.0
2023-03-21 03:10:27.678000+00:00,30.0,0.0,28.0,0.0,1.0,0.0,115.0,0.0,0.0,0.0
2023-03-21 03:10:32.678000+00:00,30.0,0.0,28.0,0.0,1.0,0.0,115.0,0.0,0.0,0.0
2023-03-21 03:10:37.678000+00:00,30.0,0.0,28.0,0.0,1.0,0.0,115.0,0.0,0.0,0.0
2023-03-21 03:10:42.678000+00:00,30.0,0.0,28.0,0.0,1.0,0.0,115.0,0.0,0.0,0.0
2023-03-21 03:10:47.678000+00:00,30.0,0.0,28.0,0.0,1.0,0.0,115.0,0.0,0.0,0.0
2023-03-21 03:10:52.678000+00:00,30.0,0.0,28.0,0.0,1.0,0.0,115.0,0.0,0.0,0.0
2023-03-21 03:10:57.678000+00:00,30.0,0.0,28.0,0.0,1.0,0.0,115.0,0.0,0.0,0.0
2023-03-21 03:11:02.678000+00:00,30.0,0.0,28.0,0.0,1.0,0.0,115.0,0.0,0.0,0.0
2023-03-21 03:11:07.678000+00:00,30.0,0.0,28.0,0.0,1.0,0.0,115.0,0.0,0.0,0.0
2023-03-21 03:11:12.678000+00:00,30.0,0.0,28.0,0.0,1.0,0.0,115.0,0.0,0.0,0.0
2023-03-21 03:11:17.678000+00:00,30.0,0.0,28.0,0.0,1.0,0.0,115.0,0.0,0.0,0.0
2023-03-21 03:11:22.678000+00:00,30.0,0.0,28.0,0.0,1.0,0.0,115.0,0.0,0.0,0.0
2023-03-21 03:11:27.678000+00:00,30.0,0.0,28.0,0.0,1.0,0.0,115.0,0.0,0.0,0.0
2023-03-21 03:11:32.678000+00:00,30.0,0.0,28.0,0.0,1.0,0.0,115.0,0.0,0.0,0.0
2023-03-21 03:11:37.678000+00:00,30.0,0.0,28.0,0.0,1.0,0.0,115.0,0.0,0.0,0.0
2023-03-21 03:11:42.678000+00:00,30.0,0.0,28.0,0.0,1.0,0.0,115.0,0.0,0.0,0.0
2023-03-21 03:11:47.678000+00:00,30.0,0.0,28.0,0.0,1.0,0.0,115.0,0.0,0.0,0.0
2023-03-21 03:11:52.678000+00:00,30.0,0.0,28.0,0.0,1.0,0.0,115.0,0.0,0.0,0.0
2023-03-21 03:11:57.678000+00:00,30.0,0.0,28.0,0.0,1.0,0.0,115.0,0.0,0.0,0.0
2023-03-21 03:12:02.678000+00:00,30.0,0.0,28.0,0.0,1.0,0.0,115.0,0.0,0.0,0.0
2023-03-21 03:12:07.678000+00:00,30.0,0.0,28.0,0.0,1.0,0.0,115.0,0.0,0.0,0.0
2023-03-21 03:12:12.678000+00:00,30.0,0.0,28.0,0.0,1.0,0.0,115.0,0.0,0.0,0.0
2023-03-21 03:12:17.678000+00:00,30.0,0.0,28.0,0.0,1.0,0.0,115.0,0.0,0.0,0.0
2023-03-21 03:12:22.678000+00:00,30.0,0.0,28.0,0.0,1.0,0.0,115.0,0.0,0.0,0.0
2023-03-21 03:12:27.678000+00:00,30.0,0.0,28.0,0.0,1.0,0.0,115.0,0.0,0.0,0.0
2023-03-21 03:12:32.678000+00:00,30.0,0.0,28.0,0.0,1.0,0.0,115.0,0.0,0.0,0.0
2023-03-21 03:12:37.678000+00:00,30.0,0.0,28.0,0.0,1.0,0.0,115.0,0.0,0.0,0.0
2023-03-21 03:12:42.678000+00:00,30.0,0.0,28.0,0.0,1.0,0.0,115.0,0.0,0.0,0.0
2023-03-21 03:12:47.678000+00:00,30.0,0.0,28.0,0.0,1.0,0.0,115.0,0.0,0.0,0.0
2023-03-21 03:12:52.678000+00:00,30.0,0.0,28.0,0.0,1.0,0.0,115.0,0.0,0.0,0.0
2023-03-21 03:12:57.678000+00:00,30.0,0.0,28.0,0.0,1.0,0.0,115.0,0.0,0.0,0.0
2023-03-21 03:13:02.678000+00:00,30.0,0.0,28.0,0.0,1.0,0.0,115.0,0.0,0.0,0.0
2023-03-21 03:13:07.678000+00:00,30.0,0.0,28.0,0.0,1.0,0.0,115.0,0.0,0.0,0.0
2023-03-21 03:13:12.678000+00:00,30.0,0.0,28.0,0.0,1.0,0.0,115.0,0.0,0.0,0.0
2023-03-21 03:13:17.678000+00:00,30.0,0.0,28.0,0.0,1.0,0.0,115.0,0.0,0.0,0.0
2023-03-21 03:13:22.678000+00:00,30.0,0.0,28.0,0.0,1.0,0.0,115.0,0.0,0.0,0.0
2023-03-21 03:13:27.678000+00:00,30.0,0.0,28.0,0.0,1.0,0.0,115.0,0.0,0.0,0.0
2023-03-21 03:13:32.678000+00:00,30.0,0.0,28.0,0.0,1.0,0.0,115.0,0.0,0.0,0.0
2023-03-21 03:13:37.678000+00:00,30.0,0.0,28.0,0.0,1.0,0.0,115.0,0.0,0.0,0.0
2023-03-21 03:13:42.678000+00:00,30.0,0.0,28.0,0.0,1.0,0.0,115.0,0.0,0.0,0.0
2023-03-21 03:13:47.678000+00:00,30.0,0.0,28.0,0.0,1.0,0.0,115.0,0.0,0.0,0.0
2023-03-21 03:13:52.678000+00:00,30.0,0.0,28.0,0.0,1.0,0.0,115.0,0.0,0.0,0.0
2023-03-21 03:13:57.678000+00:00,30.0,0.0,28.0,0.0,1.0,0.0,115.0,0.0,0.0,0.0
2023-03-21 03:14:02.678000+00:00,30.0,0.0,28.0,0.0,1.0,0.0,115.0,0.0,0.0,0.0
2023-03-21 03:14:07.678000+00:00,30.0,0.0,28.0,0.0,1.0,0.0,115.0,0.0,0.0,0.0
2023-03-21 03:14:12.678000+00:00,30.0,0.0,28.0,0.0,1.0,0.0,115.0,0.0,0.0,0.0
2023-03-21 03:14:17.678000+00:00,30.0,0.0,28.0,0.0,1.0,0.0,115.0,0.0,0.0,0.0
2023-03-21 03:14:22.678000+00:00,30.0,0.0,28.0,0.0,1.0,0.0,115.0,0.0,0.0,0.0
2023-03-21 03:14:27.678000+00:00,30.0,0.0,28.0,0.0,1.0,0.0,115.0,0.0,0.0,0.0
2023-03-21 03:14:32.678000+00:00,30.0,0.0,28.0,0.0,1.0,0.0,115.0,0.0,0.0,0.0
2023-03-21 03:14:37.678000+00:00,30.0,0.0,28.0,0.0,1.0,0.0,115.0,0.0,0.0,0.0
2023-03-21 03:14:42.678000+00:00,30.0,0.0,28.0,0.0,1.0,0.0,115.0,0.0,0.0,0.0
2023-03-21 03:14:47.678000+00:00,30.0,0.0,28.0,0.0,1.0,0.0,115.0,0.0,0.0,0.0
2023-03-21 03:14:52.678000+00:00,30.0,0.0,28.0,0.0,1.0,0.0,115.0,0.0,0.0,0.0
2023-03-21 03:14:57.678000+00:00,30.0,0.0,28.0,0.0,1.0,0.0,115.0,0.0,0.0,0.0
2023-03-21 03:15:02.678000+00:00,30.0,0.0,28.0,0.0,1.0,0.0,115.0,0.0,0.0,0.0
2023-03-21 03:15:07.678000+00:00,30.0,0.0,28.0,0.0,1.0,0.0,115.0,0.0,0.0,0.0
2023-03-21 03:15:12.678000+00:00,30.0,0.0,28.0,0.0,1.0,0.0,115.0,0.0,0.0,0.0
2023-03-21 03:15:17.678000+00:00,30.0,0.0,28.0,0.0,1.0,0.0,115.0,0.0,0.0,0.0
2023-03-21 03:15:22.678000+00:00,30.0,0.0,28.0,0.0,1.0,0.0,115.0,0.0,0.0,0.0
2023-03-21 03:15:27.678000+00:00,30.0,0.0,28.0,0.0,1.0,0.0,115.0,0.0,0.0,0.0
2023-03-21 03:15:32.678000+00:00,30.0,0.0,28.0,0.0,1.0,0.0,115.0,0.0,0.0,0.0
2023-03-21 03:15:37.678000+00:00,30.0,0.0,28.0,0.0,1.0,0.0,115.0,0.0,0.0,0.0
2023-03-21 03:15:42.678000+00:00,30.0,0.0,28.0,0.0,1.0,0.0,115.0,0.0,0.0,0.0
2023-03-21 03:15:47.678000+00:00,30.0,0.0,28.0,0.0,1.0,0.0,115.0,0.0,0.0,0.0
2023-03-21 03:15:52.678000+00:00,30.0,0.0,28.0,0.0,1.0,0.0,115.0,0.0,0.0,0.0
2023-03-21 03:15:57.678000+00:00,30.0,0.0,28.0,0.0,1.0,0.0,115.0,0.0,0.0,0.0
2023-03-21 03:16:02.678000+00:00,30.0,0.0,28.0,0.0,1.0,0.0,115.0,0.0,0.0,0.0
2023-03-21 03:16:07.678000+00:00,30.0,0.0,28.0,0.0,1.0,0.0,115.0,0.0,0.0,0.0
2023-03-21 03:16:12.678000+00:00,30.0,0.0,28.0,0.0,1.0,0.0,115.0,0.0,0.0,0.0
2023-03-21 03:16:17.678000+00:00,30.0,0.0,28.0,0.0,1.0,0.0,115.0,0.0,0.0,0.0
2023-03-21 03:16:22.678000+00:00,30.0,0.0,28.0,0.0,1.0,0.0,115.0,0.0,0.0,0.0
2023-03-21 03:16:27.678000+00:00,30.0,0.0,28.0,0.0,1.0,0.0,115.0,0.0,0.0,0.0
2023-03-21 03:16:32.678000+00:00,30.0,0.0,28.0,0.0,1.0,0.0,115.0,0.0,0.0,0.0
2023-03-21 03:16:37.678000+00:00,30.0,0.0,28.0,0.0,1.0,0.0,115.0,0.0,0.0,0.0
2023-03-21 03:16:42.678000+00:00,30.0,0.0,28.0,0.0,1.0,0.0,115.0,0.0,0.0,0.0
2023-03-21 03:16:47.678000+00:00,30.0,0.0,28.0,0.0,1.0,0.0,115.0,0.0,0.0,0.0
2023-03-21 03:16:52.678000+00:00,30.0,0.0,28.0,0.0,1.0,0.0,115.0,0.0,0.0,0.0
2023-03-21 03:16:57.678000+00:00,30.0,0.0,28.0,0.0,1.0,0.0,115.0,0.0,0.0,0.0
2023-03-21 03:17:02.678000+00:00,30.0,0.0,28.0,0.0,1.0,0.0,115.0,0.0,0.0,0.0
2023-03-21 03:17:07.678000+00:00,30.0,0.0,28.0,0.0,1.0,0.0,115.0,0.0,0.0,0.0
2023-03-21 03:17:12.678000+00:00,30.0,0.0,28.0,0.0,1.0,0.0,115.0,0.0,0.0,0.0
2023-03-21 03:17:17.678000+00:00,30.0,0.0,28.0,0.0,1.0,0.0,115.0,0.0,0.0,0.0
2023-03-21 03:17:22.678000+00:00,30.0,0.0,28.0,0.0,1.0,0.0,115.0,0.0,0.0,0.0
2023-03-21 03:17:27.678000+00:00,30.0,0.0,28.0,0.0,1.0,0.0,115.0,0.0,0.0,0.0
2023-03-21 03:17:32.678000+00:00,30.0,0.0,28.0,0.0,1.0,0.0,115.0,0.0,0.0,0.0
2023-03-21 03:17:37.678000+00:00,30.0,0.0,28.0,0.0,1.0,0.0,115.0,0.0,0.0,0.0
2023-03-21 03:17:42.678000+00:00,30.0,0.0,28.0,0.0,1.0,0.0,115.0,0.0,0.0,0.0
2023-03-21 03:17:47.678000+00:00,30.0,0.0,28.0,0.0,1.0,0.0,115.0,0.0,0.0,0.0
2023-03-21 03:17:52.678000+00:00,30.0,0.0,28.0,0.0,1.0,0.0,115.0,0.0,0.0,0.0
2023-03-21 03:17:57.678000+00:00,30.0,0.0,28.0,0.0,1.0,0.0,115.0,0.0,0.0,0.0
2023-03-21 03:18:02.678000+00:00,30.0,0.0,28.0,0.0,1.0,0.0,115.0,0.0,0.0,0.0
2023-03-21 03:18:07.678000+00:00,30.0,0.0,28.0,0.0,1.0,0.0,115.0,0.0,0.0,0.0
2023-03-21 03:18:12.678000+00:00,30.0,0.0,28.0,0.0,1.0,0.0,115.0,0.0,0.0,0.0
2023-03-21 03:18:17.678000+00:00,30.0,0.0,28.0,0.0,1.0,0.0,115.0,0.0,0.0,0.0
2023-03-21 03:18:22.678000+00:00,30.0,0.0,28.0,0.0,1.0,0.0,115.0,0.0,0.0,0.0
2023-03-21 03:18:27.678000+00:00,30.0,0.0,28.0,0.0,1.0,0.0,115.0,0.0,0.0,0.0
2023-03-21 03:18:32.678000+00:00,30.0,0.0,28.0,0.0,1.0,0.0,115.0,0.0,0.0,0.0
2023-03-21 03:18:37.678000+00:00,30.0,0.0,28.0,0.0,1.0,0.0,115.0,0.0,0.0,0.0
2023-03-21 03:18:42.678000+00:00,30.0,0.0,28.0,0.0,1.0,0.0,115.0,0.0,0.0,0.0
2023-03-21 03:18:47.678000+00:00,30.0,0.0,28.0,0.0,1.0,0.0,115.0,0.0,0.0,0.0
2023-03-21 03:18:52.678000+00:00,30.0,0.0,28.0,0.0,1.0,0.0,115.0,0.0,0.0,0.0
2023-03-21 03:18:57.678000+00:00,30.0,0.0,28.0,0.0,1.0,0.0,115.0,0.0,0.0,0.0
2023-03-21 03:19:02.678000+00:00,30.0,0.0,28.0,0.0,1.0,0.0,115.0,0.0,0.0,0.0
2023-03-21 03:19:07.678000+00:00,30.0,0.0,28.0,0.0,1.0,0.0,115.0,0.0,0.0,0.0
2023-03-21 03:19:12.678000+00:00,30.0,0.0,28.0,0.0,1.0,0.0,115.0,0.0,0.0,0.0
2023-03-21 03:19:17.678000+00:00,30.0,0.0,28.0,0.0,1.0,0.0,115.0,0.0,0.0,0.0
2023-03-21 03:19:22.678000+00:00,30.0,0.0,28.0,0.0,1.0,0.0,115.0,0.0,0.0,0.0
2023-03-21 03:19:27.678000+00:00,30.0,0.0,28.0,0.0,1.0,0.0,115.0,0.0,0.0,0.0
2023-03-21 03:19:32.678000+00:00,30.0,0.0,28.0,0.0,1.0,0.0,115.0,0.0,0.0,0.0
2023-03-21 03:19:37.678000+00:00,30.0,0.0,28.0,0.0,1.0,0.0,115.0,0.0,0.0,0.0
2023-03-21 03:19:42.678000+00:00,30.0,0.0,28.0,0.0,1.0,0.0,115.0,0.0,0.0,0.0
2023-03-21 03:19:47.678000+00:00,30.0,0.0,28.0,0.0,1.0,0.0,115.0,0.0,0.0,0.0
2023-03-21 03:19:52.678000+00:00,30.0,0.0,28.0,0.0,1.0,0.0,115.0,0.0,0.0,0.0
2023-03-21 03:19:57.678000+00:00,30.0,0.0,28.0,0.0,1.0,0.0,115.0,0.0,0.0,0.0
2023-03-21 03:20:02.678000+00:00,30.0,0.0,28.0,0.0,1.0,0.0,115.0,0.0,0.0,0.0
2023-03-21 03:20:07.678000+00:00,30.0,0.0,28.0,0.0,1.0,0.0,115.0,0.0,0.0,0.0
2023-03-21 03:20:12.678000+00:00,30.0,0.0,28.0,0.0,1.0,0.0,115.0,0.0,0.0,0.0
2023-03-21 03:20:17.678000+00:00,30.0,0.0,28.0,0.0,1.0,0.0,115.0,0.0,0.0,0.0
2023-03-21 03:20:22.678000+00:00,30.0,0.0,28.0,0.0,1.0,0.0,115.0,0.0,0.0,0.0
2023-03-21 03:20:27.678000+00:00,30.0,0.0,28.0,0.0,1.0,0.0,115.0,0.0,0.0,0.0
2023-03-21 03:20:32.678000+00:00,30.0,0.0,28.0,0.0,1.0,0.0,115.0,0.0,0.0,0.0
2023-03-21 03:20:37.678000+00:00,30.0,0.0,28.0,0.0,1.0,0.0,115.0,0.0,0.0,0.0
2023-03-21 03:20:42.678000+00:00,30.0,0.0,28.0,0.0,1.0,0.0,115.0,0.0,0.0,0.0
2023-03-21 03:20:47.678000+00:00,30.0,0.0,28.0,0.0,1.0,0.0,115.0,0.0,0.0,0.0
2023-03-21 03:20:52.678000+00:00,30.0,0.0,28.0,0.0,1.0,0.0,115.0,0.0,0.0,0.0
2023-03-21 03:20:57.678000+00:00,30.0,0.0,28.0,0.0,1.0,0.0,115.0,0.0,0.0,0.0
2023-03-21 03:21:02.678000+00:00,30.0,0.0,28.0,0.0,1.0,0.0,115.0,0.0,0.0,0.0
2023-03-21 03:21:07.678000+00:00,30.0,0.0,28.0,0.0,1.0,0.0,115.0,0.0,0.0,0.0
2023-03-21 03:21:12.678000+00:00,30.0,0.0,28.0,0.0,1.0,0.0,115.0,0.0,0.0,0.0
2023-03-21 03:21:17.678000+00:00,30.0,0.0,28.0,0.0,1.0,0.0,115.0,0.0,0.0,0.0
2023-03-21 03:21:22.678000+00:00,30.0,0.0,28.0,0.0,1.0,0.0,115.0,0.0,0.0,0.0
2023-03-21 03:21:27.678000+00:00,30.0,0.0,28.0,0.0,1.0,0.0,115.0,0.0,0.0,0.0
2023-03-21 03:21:32.678000+00:00,30.0,0.0,28.0,0.0,1.0,0.0,115.0,0.0,0.0,0.0
2023-03-21 03:21:37.678000+00:00,30.0,0.0,28.0,0.0,1.0,0.0,115.0,0.0,0.0,0.0
2023-03-21 03:21:42.678000+00:00,30.0,0.0,28.0,0.0,1.0,0.0,115.0,0.0,0.0,0.0
2023-03-21 03:21:47.678000+00:00,30.0,0.0,28.0,0.0,1.0,0.0,115.0,0.0,0.0,0.0
2023-03-21 03:21:52.678000+00:00,30.0,0.0,28.0,0.0,1.0,0.0,115.0,0.0,0.0,0.0
2023-03-21 03:21:57.678000+00:00,30.0,0.0,28.0,0.0,1.0,0.0,115.0,0.0,0.0,0.0
2023-03-21 03:22:02.678000+00:00,30.0,0.0,28.0,0.0,1.0,0.0,115.0,0.0,0.0,0.0
2023-03-21 03:22:07.678000+00:00,30.0,0.0,28.0,0.0,1.0,0.0,115.0,0.0,0.0,0.0
2023-03-21 03:22:12.678000+00:00,30.0,0.0,28.0,0.0,1.0,0.0,115.0,0.0,0.0,0.0
2023-03-21 03:22:17.678000+00:00,30.0,0.0,28.0,0.0,1.0,0.0,115.0,0.0,0.0,0.0
2023-03-21 03:22:22.678000+00:00,30.0,0.0,28.0,0.0,1.0,0.0,115.0,0.0,0.0,0.0
2023-03-21 03:22:27.678000+00:00,30.0,0.0,28.0,0.0,1.0,0.0,115.0,0.0,0.0,0.0
2023-03-21 03:22:32.678000+00:00,30.0,0.0,28.0,0.0,1.0,0.0,115.0,0.0,0.0,0.0
2023-03-21 03:22:37.678000+00:00,30.0,0.0,28.0,0.0,1.0,0.0,115.0,0.0,0.0,0.0
2023-03-21 03:22:42.678000+00:00,30.0,0.0,28.0,0.0,1.0,0.0,115.0,0.0,0.0,0.0
2023-03-21 03:22:47.678000+00:00,30.0,0.0,28.0,0.0,1.0,0.0,115.0,0.0,0.0,0.0
2023-03-21 03:22:52.678000+00:00,30.0,0.0,28.0,0.0,1.0,0.0,115.0,0.0,0.0,0.0
2023-03-21 03:22:57.678000+00:00,30.0,0.0,28.0,0.0,1.0,0.0,115.0,0.0,0.0,0.0
2023-03-21 03:23:02.678000+00:00,30.0,0.0,28.0,0.0,1.0,0.0,115.0,0.0,0.0,0.0
2023-03-21 03:23:07.678000+00:00,30.0,0.0,28.0,0.0,1.0,0.0,115.0,0.0,0.0,0.0
2023-03-21 03:23:12.678000+00:00,30.0,0.0,28.0,0.0,1.0,0.0,115.0,0.0,0.0,0.0
2023-03-21 03:23:17.678000+00:00,30.0,0.0,28.0,0.0,1.0,0.0,115.0,0.0,0.0,0.0
2023-03-21 03:23:22.678000+00:00,30.0,0.0,28.0,0.0,1.0,0.0,115.0,0.0,0.0,0.0
2023-03-21 03:23:27.678000+00:00,30.0,0.0,28.0,0.0,1.0,0.0,115.0,0.0,0.0,0.0
2023-03-21 03:23:32.678000+00:00,30.0,0.0,28.0,0.0,1.0,0.0,115.0,0.0,0.0,0.0
2023-03-21 03:23:37.678000+00:00,30.0,0.0,28.0,0.0,1.0,0.0,115.0,0.0,0.0,0.0
2023-03-21 03:23:42.678000+00:00,30.0,0.0,28.0,0.0,1.0,0.0,115.0,0.0,0.0,0.0
2023-03-21 03:23:47.678000+00:00,30.0,0.0,28.0,0.0,1.0,0.0,115.0,0.0,0.0,0.0
2023-03-21 03:23:52.678000+00:00,30.0,0.0,28.0,0.0,1.0,0.0,115.0,0.0,0.0,0.0
2023-03-21 03:23:57.678000+00:00,30.0,0.0,28.0,0.0,1.0,0.0,115.0,0.0,0.0,0.0
2023-03-21 03:24:02.678000+00:00,30.0,0.0,28.0,0.0,1.0,0.0,115.0,0.0,0.0,0.0
2023-03-21 03:24:07.678000+00:00,30.0,0.0,28.0,0.0,1.0,0.0,115.0,0.0,0.0,0.0
2023-03-21 03:24:12.678000+00:00,30.0,0.0,28.0,0.0,1.0,0.0,115.0,0.0,0.0,0.0
2023-03-21 03:24:17.678000+00:00,30.0,0.0,28.0,0.0,1.0,0.0,115.0,0.0,0.0,0.0
2023-03-21 03:24:22.678000+00:00,30.0,0.0,28.0,0.0,1.0,0.0,115.0,0.0,0.0,0.0
2023-03-21 03:24:27.678000+00:00,30.0,0.0,28.0,0.0,1.0,0.0,115.0,0.0,0.0,0.0
2023-03-21 03:24:32.678000+00:00,30.0,0.0,28.0,0.0,1.0,0.0,115.0,0.0,0.0,0.0
2023-03-21 03:24:37.678000+00:00,30.0,0.0,28.0,0.0,1.0,0.0,115.0,0.0,0.0,0.0
2023-03-21 03:24:42.678000+00:00,30.0,0.0,28.0,0.0,1.0,0.0,115.0,0.0,0.0,0.0
2023-03-21 03:24:47.678000+00:00,30.0,0.0,28.0,0.0,1.0,0.0,115.0,0.0,0.0,0.0
2023-03-21 03:24:52.678000+00:00,30.0,0.0,28.0,0.0,1.0,0.0,115.0,0.0,0.0,0.0
2023-03-21 03:24:57.678000+00:00,30.0,0.0,28.0,0.0,1.0,0.0,115.0,0.0,0.0,0.0
2023-03-21 03:25:02.678000+00:00,30.0,0.0,28.0,0.0,1.0,0.0,115.0,0.0,0.0,0.0
2023-03-21 03:25:07.678000+00:00,30.0,0.0,28.0,0.0,1.0,0.0,115.0,0.0,0.0,0.0
2023-03-21 03:25:12.678000+00:00,30.0,0.0,28.0,0.0,1.0,0.0,115.0,0.0,0.0,0.0
2023-03-21 03:25:17.678000+00:00,30.0,0.0,28.0,0.0,1.0,0.0,115.0,0.0,0.0,0.0
2023-03-21 03:25:22.678000+00:00,30.0,0.0,28.0,0.0,1.0,0.0,115.0,0.0,0.0,0.0
2023-03-21 03:25:27.678000+00:00,30.0,0.0,28.0,0.0,1.0,0.0,115.0,0.0,0.0,0.0
2023-03-21 03:25:32.678000+00:00,30.0,0.0,28.0,0.0,1.0,0.0,115.0,0.0,0.0,0.0
2023-03-21 03:25:37.678000+00:00,30.0,0.0,28.0,0.0,1.0,0.0,115.0,0.0,0.0,0.0
2023-03-21 03:25:42.678000+00:00,30.0,0.0,28.0,0.0,1.0,0.0,115.0,0.0,0.0,0.0
2023-03-21 03:25:47.678000+00:00,30.0,0.0,28.0,0.0,1.0,0.0,115.0,0.0,0.0,0.0
2023-03-21 03:25:52.678000+00:00,30.0,0.0,28.0,0.0,1.0,0.0,115.0,0.0,0.0,0.0
2023-03-21 03:25:57.678000+00:00,30.0,0.0,28.0,0.0,1.0,0.0,115.0,0.0,0.0,0.0
2023-03-21 03:26:02.678000+00:00,30.0,0.0,28.0,0.0,1.0,0.0,115.0,0.0,0.0,0.0
2023-03-21 03:26:07.678000+00:00,30.0,0.0,28.0,0.0,1.0,0.0,115.0,0.0,0.0,0.0
2023-03-21 03:26:12.678000+00:00,30.0,0.0,28.0,0.0,1.0,0.0,115.0,0.0,0.0,0.0
2023-03-21 03:26:17.678000+00:00,30.0,0.0,28.0,0.0,1.0,0.0,115.0,0.0,0.0,0.0
2023-03-21 03:26:22.678000+00:00,30.0,0.0,28.0,0.0,1.0,0.0,115.0,0.0,0.0,0.0
2023-03-21 03:26:27.678000+00:00,30.0,0.0,28.0,0.0,1.0,0.0,115.0,0.0,0.0,0.0
2023-03-21 03:26:32.678000+00:00,30.0,0.0,28.0,0.0,1.0,0.0,115.0,0.0,0.0,0.0
2023-03-21 03:26:37.678000+00:00,30.0,0.0,28.0,0.0,1.0,0.0,115.0,0.0,0.0,0.0
2023-03-21 03:26:42.678000+00:00,30.0,0.0,28.0,0.0,1.0,0.0,115.0,0.0,0.0,0.0
2023-03-21 03:26:47.678000+00:00,30.0,0.0,28.0,0.0,1.0,0.0,115.0,0.0,0.0,0.0
2023-03-21 03:26:52.678000+00:00,30.0,0.0,28.0,0.0,1.0,0.0,115.0,0.0,0.0,0.0
2023-03-21 03:26:57.678000+00:00,30.0,0.0,28.0,0.0,1.0,0.0,115.0,0.0,0.0,0.0
2023-03-21 03:27:02.678000+00:00,30.0,0.0,28.0,0.0,1.0,0.0,115.0,0.0,0.0,0.0
2023-03-21 03:27:07.678000+00:00,30.0,0.0,28.0,0.0,1.0,0.0,115.0,0.0,0.0,0.0
2023-03-21 03:27:12.678000+00:00,30.0,0.0,28.0,0.0,1.0,0.0,115.0,0.0,0.0,0.0
2023-03-21 03:27:17.678000+00:00,30.0,0.0,28.0,0.0,1.0,0.0,115.0,0.0,0.0,0.0
2023-03-21 03:27:22.678000+00:00,30.0,0.0,28.0,0.0,1.0,0.0,115.0,0.0,0.0,0.0
2023-03-21 03:27:27.678000+00:00,30.0,0.0,28.0,0.0,1.0,0.0,115.0,0.0,0.0,0.0
2023-03-21 03:27:32.678000+00:00,30.0,0.0,28.0,0.0,1.0,0.0,115.0,0.0,0.0,0.0
2023-03-21 03:27:37.678000+00:00,30.0,0.0,28.0,0.0,1.0,0.0,115.0,0.0,0.0,0.0
2023-03-21 03:27:42.678000+00:00,30.0,0.0,28.0,0.0,1.0,0.0,115.0,0.0,0.0,0.0
2023-03-21 03:27:47.678000+00:00,30.0,0.0,28.0,0.0,1.0,0.0,115.0,0.0,0.0,0.0
2023-03-21 03:27:52.678000+00:00,30.0,0.0,28.0,0.0,1.0,0.0,115.0,0.0,0.0,0.0
2023-03-21 03:27:57.678000+00:00,30.0,0.0,28.0,0.0,1.0,0.0,115.0,0.0,0.0,0.0
2023-03-21 03:28:02.678000+00:00,30.0,0.0,28.0,0.0,1.0,0.0,115.0,0.0,0.0,0.0
2023-03-21 03:28:07.678000+00:00,30.0,0.0,28.0,0.0,1.0,0.0,115.0,0.0,0.0,0.0
2023-03-21 03:28:12.678000+00:00,30.0,0.0,28.0,0.0,1.0,0.0,115.0,0.0,0.0,0.0
2023-03-21 03:28:17.678000+00:00,30.0,0.0,28.0,0.0,1.0,0.0,115.0,0.0,0.0,0.0
2023-03-21 03:28:22.678000+00:00,30.0,0.0,28.0,0.0,1.0,0.0,115.0,0.0,0.0,0.0
2023-03-21 03:28:27.678000+00:00,30.0,0.0,28.0,0.0,1.0,0.0,115.0,0.0,0.0,0.0
2023-03-21 03:28:32.678000+00:00,30.0,0.0,28.0,0.0,1.0,0.0,115.0,0.0,0.0,0.0
2023-03-21 03:28:37.678000+00:00,30.0,0.0,28.0,0.0,1.0,0.0,115.0,0.0,0.0,0.0
2023-03-21 03:28:42.678000+00:00,30.0,0.0,28.0,0.0,1.0,0.0,115.0,0.0,0.0,0.0
2023-03-21 03:28:47.678000+00:00,30.0,0.0,28.0,0.0,1.0,0.0,115.0,0.0,0.0,0.0
2023-03-21 03:28:52.678000+00:00,30.0,0.0,28.0,0.0,1.0,0.0,115.0,0.0,0.0,0.0
2023-03-21 03:28:57.678000+00:00,30.0,0.0,28.0,0.0,1.0,0.0,115.0,0.0,0.0,0.0
2023-03-21 03:29:02.678000+00:00,30.0,0.0,28.0,0.0,1.0,0.0,115.0,0.0,0.0,0.0
2023-03-21 03:29:07.678000+00:00,30.0,0.0,28.0,0.0,1.0,0.0,115.0,0.0,0.0,0.0
2023-03-21 03:29:12.678000+00:00,30.0,0.0,28.0,0.0,1.0,0.0,115.0,0.0,0.0,0.0
2023-03-21 03:29:17.678000+00:00,30.0,0.0,28.0,0.0,1.0,0.0,115.0,0.0,0.0,0.0
2023-03-21 03:29:22.678000+00:00,30.0,0.0,28.0,0.0,1.0,0.0,115.0,0.0,0.0,0.0
2023-03-21 03:29:27.678000+00:00,30.0,0.0,28.0,0.0,1.0,0.0,115.0,0.0,0.0,0.0
2023-03-21 03:29:32.678000+00:00,30.0,0.0,28.0,0.0,1.0,0.0,115.0,0.0,0.0,0.0
2023-03-21 03:29:37.678000+00:00,30.0,0.0,28.0,0.0,1.0,0.0,115.0,0.0,0.0,0.0
2023-03-21 03:29:42.678000+00:00,30.0,0.0,28.0,0.0,1.0,0.0,115.0,0.0,0.0,0.0
2023-03-21 03:29:47.678000+00:00,30.0,0.0,28.0,0.0,1.0,0.0,115.0,0.0,0.0,0.0
2023-03-21 03:29:52.678000+00:00,30.0,0.0,28.0,0.0,1.0,0.0,115.0,0.0,0.0,0.0
2023-03-21 03:29:57.678000+00:00,30.0,0.0,28.0,0.0,1.0,0.0,115.0,0.0,0.0,0.0
2023-03-21 03:30:02.678000+00:00,30.0,0.0,28.0,0.0,1.0,0.0,115.0,0.0,0.0,0.0
2023-03-21 03:30:07.678000+00:00,30.0,0.0,28.0,0.0,1.0,0.0,115.0,0.0,0.0,0.0
2023-03-21 03:30:12.678000+00:00,30.0,0.0,28.0,0.0,1.0,0.0,115.0,0.0,0.0,0.0
2023-03-21 03:30:17.678000+00:00,30.0,0.0,28.0,0.0,1.0,0.0,115.0,0.0,0.0,0.0
2023-03-21 03:30:22.678000+00:00,30.0,0.0,28.0,0.0,1.0,0.0,115.0,0.0,0.0,0.0
2023-03-21 03:30:27.678000+00:00,30.0,0.0,28.0,0.0,1.0,0.0,115.0,0.0,0.0,0.0
2023-03-21 03:30:32.678000+00:00,30.0,0.0,28.0,0.0,1.0,0.0,115.0,0.0,0.0,0.0
2023-03-21 03:30:37.678000+00:00,30.0,0.0,28.0,0.0,1.0,0.0,115.0,0.0,0.0,0.0
2023-03-21 03:30:42.678000+00:00,30.0,0.0,28.0,0.0,1.0,0.0,115.0,0.0,0.0,0.0
2023-03-21 03:30:47.678000+00:00,30.0,0.0,28.0,0.0,1.0,0.0,115.0,0.0,0.0,0.0
2023-03-21 03:30:52.678000+00:00,30.0,0.0,28.0,0.0,1.0,0.0,115.0,0.0,0.0,0.0
2023-03-21 03:30:57.678000+00:00,30.0,0.0,28.0,0.0,1.0,0.0,115.0,0.0,0.0,0.0
2023-03-21 03:31:02.678000+00:00,30.0,0.0,28.0,0.0,1.0,0.0,115.0,0.0,0.0,0.0
2023-03-21 03:31:07.678000+00:00,30.0,0.0,28.0,0.0,1.0,0.0,115.0,0.0,0.0,0.0
2023-03-21 03:31:12.678000+00:00,30.0,0.0,28.0,0.0,1.0,0.0,115.0,0.0,0.0,0.0
2023-03-21 03:31:17.678000+00:00,30.0,0.0,28.0,0.0,1.0,0.0,115.0,0.0,0.0,0.0
2023-03-21 03:31:22.678000+00:00,30.0,0.0,28.0,0.0,1.0,0.0,115.0,0.0,0.0,0.0
2023-03-21 03:31:27.678000+00:00,30.0,0.0,28.0,0.0,1.0,0.0,115.0,0.0,0.0,0.0
2023-03-21 03:31:32.678000+00:00,30.0,0.0,28.0,0.0,1.0,0.0,115.0,0.0,0.0,0.0
2023-03-21 03:31:37.678000+00:00,30.0,0.0,28.0,0.0,1.0,0.0,115.0,0.0,0.0,0.0
2023-03-21 03:31:42.678000+00:00,30.0,0.0,28.0,0.0,1.0,0.0,115.0,0.0,0.0,0.0
2023-03-21 03:31:47.678000+00:00,30.0,0.0,28.0,0.0,1.0,0.0,115.0,0.0,0.0,0.0
2023-03-21 03:31:52.678000+00:00,30.0,0.0,28.0,0.0,1.0,0.0,115.0,0.0,0.0,0.0
2023-03-21 03:31:57.678000+00:00,30.0,0.0,28.0,0.0,1.0,0.0,115.0,0.0,0.0,0.0
2023-03-21 03:32:02.678000+00:00,30.0,0.0,28.0,0.0,1.0,0.0,115.0,0.0,0.0,0.0
2023-03-21 03:32:07.678000+00:00,30.0,0.0,28.0,0.0,1.0,0.0,115.0,0.0,0.0,0.0
2023-03-21 03:32:12.678000+00:00,30.0,0.0,28.0,0.0,1.0,0.0,115.0,0.0,0.0,0.0
2023-03-21 03:32:17.678000+00:00,30.0,0.0,28.0,0.0,1.0,0.0,115.0,0.0,0.0,0.0
2023-03-21 03:32:22.678000+00:00,30.0,0.0,28.0,0.0,1.0,0.0,115.0,0.0,0.0,0.0
2023-03-21 03:32:27.678000+00:00,30.0,0.0,28.0,0.0,1.0,0.0,115.0,0.0,0.0,0.0
2023-03-21 03:32:32.678000+00:00,30.0,0.0,28.0,0.0,1.0,0.0,115.0,0.0,0.0,0.0
2023-03-21 03:32:37.678000+00:00,30.0,0.0,28.0,0.0,1.0,0.0,115.0,0.0,0.0,0.0
2023-03-21 03:32:42.678000+00:00,30.0,0.0,28.0,0.0,1.0,0.0,115.0,0.0,0.0,0.0
2023-03-21 03:32:47.678000+00:00,30.0,0.0,28.0,0.0,1.0,0.0,115.0,0.0,0.0,0.0
2023-03-21 03:32:52.678000+00:00,30.0,0.0,28.0,0.0,1.0,0.0,115.0,0.0,0.0,0.0
2023-03-21 03:32:57.678000+00:00,30.0,0.0,28.0,0.0,1.0,0.0,115.0,0.0,0.0,0.0
2023-03-21 03:33:02.678000+00:00,30.0,0.0,28.0,0.0,1.0,0.0,115.0,0.0,0.0,0.0
2023-03-21 03:33:07.678000+00:00,30.0,0.0,28.0,0.0,1.0,0.0,115.0,0.0,0.0,0.0
2023-03-21 03:33:12.678000+00:00,30.0,0.0,28.0,0.0,1.0,0.0,115.0,0.0,0.0,0.0
2023-03-21 03:33:17.678000+00:00,30.0,0.0,28.0,0.0,1.0,0.0,115.0,0.0,0.0,0.0
2023-03-21 03:33:22.678000+00:00,30.0,0.0,28.0,0.0,1.0,0.0,115.0,0.0,0.0,0.0
2023-03-21 03:33:27.678000+00:00,30.0,0.0,28.0,0.0,1.0,0.0,115.0,0.0,0.0,0.0
2023-03-21 03:33:32.678000+00:00,30.0,0.0,28.0,0.0,1.0,0.0,115.0,0.0,0.0,0.0
2023-03-21 03:33:37.678000+00:00,30.0,0.0,28.0,0.0,1.0,0.0,115.0,0.0,0.0,0.0
2023-03-21 03:33:42.678000+00:00,30.0,0.0,28.0,0.0,1.0,0.0,115.0,0.0,0.0,0.0
2023-03-21 03:33:47.678000+00:00,30.0,0.0,28.0,0.0,1.0,0.0,115.0,0.0,0.0,0.0
2023-03-21 03:33:52.678000+00:00,30.0,0.0,28.0,0.0,1.0,0.0,115.0,0.0,0.0,0.0
2023-03-21 03:33:57.678000+00:00,30.0,0.0,28.0,0.0,1.0,0.0,115.0,0.0,0.0,0.0
2023-03-21 03:34:02.678000+00:00,30.0,0.0,28.0,0.0,1.0,0.0,115.0,0.0,0.0,0.0
2023-03-21 03:34:07.678000+00:00,30.0,0.0,28.0,0.0,1.0,0.0,115.0,0.0,0.0,0.0
2023-03-21 03:34:12.678000+00:00,30.0,0.0,28.0,0.0,1.0,0.0,115.0,0.0,0.0,0.0
2023-03-21 03:34:17.678000+00:00,30.0,0.0,28.0,0.0,1.0,0.0,115.0,0.0,0.0,0.0
2023-03-21 03:34:22.678000+00:00,30.0,0.0,28.0,0.0,1.0,0.0,115.0,0.0,0.0,0.0
2023-03-21 03:34:27.678000+00:00,30.0,0.0,28.0,0.0,1.0,0.0,115.0,0.0,0.0,0.0
2023-03-21 03:34:32.678000+00:00,30.0,0.0,28.0,0.0,1.0,0.0,115.0,0.0,0.0,0.0
2023-03-21 03:34:37.678000+00:00,30.0,0.0,28.0,0.0,1.0,0.0,115.0,0.0,0.0,0.0
2023-03-21 03:34:42.678000+00:00,30.0,0.0,28.0,0.0,1.0,0.0,115.0,0.0,0.0,0.0
2023-03-21 03:34:47.678000+00:00,30.0,0.0,28.0,0.0,1.0,0.0,115.0,0.0,0.0,0.0
2023-03-21 03:34:52.678000+00:00,30.0,0.0,28.0,0.0,1.0,0.0,115.0,0.0,0.0,0.0
2023-03-21 03:34:57.678000+00:00,30.0,0.0,28.0,0.0,1.0,0.0,115.0,0.0,0.0,0.0
2023-03-21 03:35:02.678000+00:00,30.0,0.0,28.0,0.0,1.0,0.0,115.0,0.0,0.0,0.0
2023-03-21 03:35:07.678000+00:00,30.0,0.0,28.0,0.0,1.0,0.0,115.0,0.0,0.0,0.0
2023-03-21 03:35:12.678000+00:00,30.0,0.0,28.0,0.0,1.0,0.0,115.0,0.0,0.0,0.0
2023-03-21 03:35:17.678000+00:00,30.0,0.0,28.0,0.0,1.0,0.0,115.0,0.0,0.0,0.0
2023-03-21 03:35:22.678000+00:00,30.0,0.0,28.0,0.0,1.0,0.0,115.0,0.0,0.0,0.0
2023-03-21 03:35:27.678000+00:00,30.0,0.0,28.0,0.0,1.0,0.0,115.0,0.0,0.0,0.0
2023-03-21 03:35:32.678000+00:00,30.0,0.0,28.0,0.0,1.0,0.0,115.0,0.0,0.0,0.0
2023-03-21 03:35:37.678000+00:00,30.0,0.0,28.0,0.0,1.0,0.0,115.0,0.0,0.0,0.0
2023-03-21 03:35:42.678000+00:00,30.0,0.0,28.0,0.0,1.0,0.0,115.0,0.0,0.0,0.0
2023-03-21 03:35:47.678000+00:00,30.0,0.0,28.0,0.0,1.0,0.0,115.0,0.0,0.0,0.0
2023-03-21 03:35:52.678000+00:00,30.0,0.0,28.0,0.0,1.0,0.0,115.0,0.0,0.0,0.0
2023-03-21 03:35:57.678000+00:00,30.0,0.0,28.0,0.0,1.0,0.0,115.0,0.0,0.0,0.0
2023-03-21 03:36:02.678000+00:00,30.0,0.0,28.0,0.0,1.0,0.0,115.0,0.0,0.0,0.0
2023-03-21 03:36:07.678000+00:00,30.0,0.0,28.0,0.0,1.0,0.0,115.0,0.0,0.0,0.0
2023-03-21 03:36:12.678000+00:00,30.0,0.0,28.0,0.0,1.0,0.0,115.0,0.0,0.0,0.0
2023-03-21 03:36:17.678000+00:00,30.0,0.0,28.0,0.0,1.0,0.0,115.0,0.0,0.0,0.0
2023-03-21 03:36:22.678000+00:00,30.0,0.0,28.0,0.0,1.0,0.0,115.0,0.0,0.0,0.0
2023-03-21 03:36:27.678000+00:00,30.0,0.0,28.0,0.0,1.0,0.0,115.0,0.0,0.0,0.0
2023-03-21 03:36:32.678000+00:00,30.0,0.0,28.0,0.0,1.0,0.0,115.0,0.0,0.0,0.0
2023-03-21 03:36:37.678000+00:00,30.0,0.0,28.0,0.0,1.0,0.0,115.0,0.0,0.0,0.0
2023-03-21 03:36:42.678000+00:00,30.0,0.0,28.0,0.0,1.0,0.0,115.0,0.0,0.0,0.0
2023-03-21 03:36:47.678000+00:00,30.0,0.0,28.0,0.0,1.0,0.0,115.0,0.0,0.0,0.0
2023-03-21 03:36:52.678000+00:00,30.0,0.0,28.0,0.0,1.0,0.0,115.0,0.0,0.0,0.0
2023-03-21 03:36:57.678000+00:00,30.0,0.0,28.0,0.0,1.0,0.0,115.0,0.0,0.0,0.0
2023-03-21 03:37:02.678000+00:00,30.0,0.0,28.0,0.0,1.0,0.0,115.0,0.0,0.0,0.0
2023-03-21 03:37:07.678000+00:00,30.0,0.0,28.0,0.0,1.0,0.0,115.0,0.0,0.0,0.0
2023-03-21 03:37:12.678000+00:00,30.0,0.0,28.0,0.0,1.0,0.0,115.0,0.0,0.0,0.0
2023-03-21 03:37:17.678000+00:00,30.0,0.0,28.0,0.0,1.0,0.0,115.0,0.0,0.0,0.0
2023-03-21 03:37:22.678000+00:00,30.0,0.0,28.0,0.0,1.0,0.0,115.0,0.0,0.0,0.0
2023-03-21 03:37:27.678000+00:00,30.0,0.0,28.0,0.0,1.0,0.0,115.0,0.0,0.0,0.0
2023-03-21 03:37:32.678000+00:00,30.0,0.0,28.0,0.0,1.0,0.0,115.0,0.0,0.0,0.0
2023-03-21 03:37:37.678000+00:00,30.0,0.0,28.0,0.0,1.0,0.0,115.0,0.0,0.0,0.0
2023-03-21 03:37:42.678000+00:00,30.0,0.0,28.0,0.0,1.0,0.0,115.0,0.0,0.0,0.0
2023-03-21 03:37:47.678000+00:00,30.0,0.0,28.0,0.0,1.0,0.0,115.0,0.0,0.0,0.0
2023-03-21 03:37:52.678000+00:00,30.0,0.0,28.0,0.0,1.0,0.0,115.0,0.0,0.0,0.0
2023-03-21 03:37:57.678000+00:00,30.0,0.0,28.0,0.0,1.0,0.0,115.0,0.0,0.0,0.0
2023-03-21 03:38:02.678000+00:00,30.0,0.0,28.0,0.0,1.0,0.0,115.0,0.0,0.0,0.0
2023-03-21 03:38:07.678000+00:00,30.0,0.0,28.0,0.0,1.0,0.0,115.0,0.0,0.0,0.0
2023-03-21 03:38:12.678000+00:00,30.0,0.0,28.0,0.0,1.0,0.0,115.0,0.0,0.0,0.0
2023-03-21 03:38:17.678000+00:00,30.0,0.0,28.0,0.0,1.0,0.0,115.0,0.0,0.0,0.0
2023-03-21 03:38:22.678000+00:00,30.0,0.0,28.0,0.0,1.0,0.0,115.0,0.0,0.0,0.0
2023-03-21 03:38:27.678000+00:00,30.0,0.0,28.0,0.0,1.0,0.0,115.0,0.0,0.0,0.0
2023-03-21 03:38:32.678000+00:00,30.0,0.0,28.0,0.0,1.0,0.0,115.0,0.0,0.0,0.0
2023-03-21 03:38:37.678000+00:00,30.0,0.0,28.0,0.0,1.0,0.0,115.0,0.0,0.0,0.0
2023-03-21 03:38:42.678000+00:00,30.0,0.0,28.0,0.0,1.0,0.0,115.0,0.0,0.0,0.0
2023-03-21 03:38:47.678000+00:00,30.0,0.0,28.0,0.0,1.0,0.0,115.0,0.0,0.0,0.0
2023-03-21 03:38:52.678000+00:00,30.0,0.0,28.0,0.0,1.0,0.0,115.0,0.0,0.0,0.0
2023-03-21 03:38:57.678000+00:00,30.0,0.0,28.0,0.0,1.0,0.0,115.0,0.0,0.0,0.0
2023-03-21 03:39:02.678000+00:00,30.0,0.0,28.0,0.0,1.0,0.0,115.0,0.0,0.0,0.0
2023-03-21 03:39:07.678000+00:00,30.0,0.0,28.0,0.0,1.0,0.0,115.0,0.0,0.0,0.0
2023-03-21 03:39:12.678000+00:00,30.0,0.0,28.0,0.0,1.0,0.0,115.0,0.0,0.0,0.0
2023-03-21 03:39:17.678000+00:00,30.0,0.0,28.0,0.0,1.0,0.0,115.0,0.0,0.0,0.0
2023-03-21 03:39:22.678000+00:00,30.0,0.0,28.0,0.0,1.0,0.0,115.0,0.0,0.0,0.0
2023-03-21 03:39:27.678000+00:00,30.0,0.0,28.0,0.0,1.0,0.0,115.0,0.0,0.0,0.0
2023-03-21 03:39:32.678000+00:00,30.0,0.0,28.0,0.0,1.0,0.0,115.0,0.0,0.0,0.0
2023-03-21 03:39:37.678000+00:00,30.0,0.0,28.0,0.0,1.0,0.0,115.0,0.0,0.0,0.0
2023-03-21 03:39:42.678000+00:00,30.0,0.0,28.0,0.0,1.0,0.0,115.0,0.0,0.0,0.0
2023-03-21 03:39:47.678000+00:00,30.0,0.0,28.0,0.0,1.0,0.0,115.0,0.0,0.0,0.0
2023-03-21 03:39:52.678000+00:00,30.0,0.0,28.0,0.0,1.0,0.0,115.0,0.0,0.0,0.0
2023-03-21 03:39:57.678000+00:00,30.0,0.0,28.0,0.0,1.0,0.0,115.0,0.0,0.0,0.0
2023-03-21 03:40:02.678000+00:00,30.0,0.0,28.0,0.0,1.0,0.0,115.0,0.0,0.0,0.0
2023-03-21 03:40:07.678000+00:00,30.0,0.0,28.0,0.0,1.0,0.0,115.0,0.0,0.0,0.0
2023-03-21 03:40:12.678000+00:00,30.0,0.0,28.0,0.0,1.0,0.0,115.0,0.0,0.0,0.0
2023-03-21 03:40:17.678000+00:00,30.0,0.0,28.0,0.0,1.0,0.0,115.0,0.0,0.0,0.0
2023-03-21 03:40:22.678000+00:00,30.0,0.0,28.0,0.0,1.0,0.0,115.0,0.0,0.0,0.0
2023-03-21 03:40:27.678000+00:00,30.0,0.0,28.0,0.0,1.0,0.0,115.0,0.0,0.0,0.0
2023-03-21 03:40:32.678000+00:00,30.0,0.0,28.0,0.0,1.0,0.0,115.0,0.0,0.0,0.0
2023-03-21 03:40:37.678000+00:00,30.0,0.0,28.0,0.0,1.0,0.0,115.0,0.0,0.0,0.0
2023-03-21 03:40:42.678000+00:00,30.0,0.0,28.0,0.0,1.0,0.0,115.0,0.0,0.0,0.0
2023-03-21 03:40:47.678000+00:00,30.0,0.0,28.0,0.0,1.0,0.0,115.0,0.0,0.0,0.0
2023-03-21 03:40:52.678000+00:00,30.0,0.0,28.0,0.0,1.0,0.0,115.0,0.0,0.0,0.0
2023-03-21 03:40:57.678000+00:00,30.0,0.0,28.0,0.0,1.0,0.0,115.0,0.0,0.0,0.0
2023-03-21 03:41:02.678000+00:00,30.0,0.0,28.0,0.0,1.0,0.0,115.0,0.0,0.0,0.0
2023-03-21 03:41:07.678000+00:00,30.0,0.0,28.0,0.0,1.0,0.0,115.0,0.0,0.0,0.0
2023-03-21 03:41:12.678000+00:00,30.0,0.0,28.0,0.0,1.0,0.0,115.0,0.0,0.0,0.0
2023-03-21 03:41:17.678000+00:00,30.0,0.0,28.0,0.0,1.0,0.0,115.0,0.0,0.0,0.0
2023-03-21 03:41:22.678000+00:00,30.0,0.0,28.0,0.0,1.0,0.0,115.0,0.0,0.0,0.0
2023-03-21 03:41:27.678000+00:00,30.0,0.0,28.0,0.0,1.0,0.0,115.0,0.0,0.0,0.0
2023-03-21 03:41:32.678000+00:00,30.0,0.0,28.0,0.0,1.0,0.0,115.0,0.0,0.0,0.0
2023-03-21 03:41:37.678000+00:00,30.0,0.0,28.0,0.0,1.0,0.0,115.0,0.0,0.0,0.0
2023-03-21 03:41:42.678000+00:00,30.0,0.0,28.0,0.0,1.0,0.0,115.0,0.0,0.0,0.0
2023-03-21 03:41:47.678000+00:00,30.0,0.0,28.0,0.0,1.0,0.0,115.0,0.0,0.0,0.0
2023-03-21 03:41:52.678000+00:00,30.0,0.0,28.0,0.0,1.0,0.0,115.0,0.0,0.0,0.0
2023-03-21 03:41:57.678000+00:00,30.0,0.0,28.0,0.0,1.0,0.0,115.0,0.0,0.0,0.0
2023-03-21 03:42:02.678000+00:00,30.0,0.0,28.0,0.0,1.0,0.0,115.0,0.0,0.0,0.0
2023-03-21 03:42:07.678000+00:00,30.0,0.0,28.0,0.0,1.0,0.0,115.0,0.0,0.0,0.0
2023-03-21 03:42:12.678000+00:00,30.0,0.0,28.0,0.0,1.0,0.0,115.0,0.0,0.0,0.0
2023-03-21 03:42:17.678000+00:00,30.0,0.0,28.0,0.0,1.0,0.0,115.0,0.0,0.0,0.0
2023-03-21 03:42:22.678000+00:00,30.0,0.0,28.0,0.0,1.0,0.0,115.0,0.0,0.0,0.0
2023-03-21 03:42:27.678000+00:00,30.0,0.0,28.0,0.0,1.0,0.0,115.0,0.0,0.0,0.0
2023-03-21 03:42:32.678000+00:00,30.0,0.0,28.0,0.0,1.0,0.0,115.0,0.0,0.0,0.0
2023-03-21 03:42:37.678000+00:00,30.0,0.0,28.0,0.0,1.0,0.0,115.0,0.0,0.0,0.0
2023-03-21 03:42:42.678000+00:00,30.0,0.0,28.0,0.0,1.0,0.0,115.0,0.0,0.0,0.0
2023-03-21 03:42:47.678000+00:00,30.0,0.0,28.0,0.0,1.0,0.0,115.0,0.0,0.0,0.0
2023-03-21 03:42:52.678000+00:00,30.0,0.0,28.0,0.0,1.0,0.0,115.0,0.0,0.0,0.0
2023-03-21 03:42:57.678000+00:00,30.0,0.0,28.0,0.0,1.0,0.0,115.0,0.0,0.0,0.0
2023-03-21 03:43:02.678000+00:00,30.0,0.0,28.0,0.0,1.0,0.0,115.0,0.0,0.0,0.0
2023-03-21 03:43:07.678000+00:00,30.0,0.0,28.0,0.0,1.0,0.0,115.0,0.0,0.0,0.0
2023-03-21 03:43:12.678000+00:00,30.0,0.0,28.0,0.0,1.0,0.0,115.0,0.0,0.0,0.0
2023-03-21 03:43:17.678000+00:00,30.0,0.0,28.0,0.0,1.0,0.0,115.0,0.0,0.0,0.0
2023-03-21 03:43:22.678000+00:00,30.0,0.0,28.0,0.0,1.0,0.0,115.0,0.0,0.0,0.0
2023-03-21 03:43:27.678000+00:00,30.0,0.0,28.0,0.0,1.0,0.0,115.0,0.0,0.0,0.0
2023-03-21 03:43:32.678000+00:00,30.0,0.0,28.0,0.0,1.0,0.0,115.0,0.0,0.0,0.0
2023-03-21 03:43:37.678000+00:00,30.0,0.0,28.0,0.0,1.0,0.0,115.0,0.0,0.0,0.0
2023-03-21 03:43:42.678000+00:00,30.0,0.0,28.0,0.0,1.0,0.0,115.0,0.0,0.0,0.0
2023-03-21 03:43:47.678000+00:00,30.0,0.0,28.0,0.0,1.0,0.0,115.0,0.0,0.0,0.0
2023-03-21 03:43:52.678000+00:00,30.0,0.0,28.0,0.0,1.0,0.0,115.0,0.0,0.0,0.0
2023-03-21 03:43:57.678000+00:00,30.0,0.0,28.0,0.0,1.0,0.0,115.0,0.0,0.0,0.0
2023-03-21 03:44:02.678000+00:00,30.0,0.0,28.0,0.0,1.0,0.0,115.0,0.0,0.0,0.0
2023-03-21 03:44:07.678000+00:00,30.0,0.0,28.0,0.0,1.0,0.0,115.0,0.0,0.0,0.0
2023-03-21 03:44:12.678000+00:00,30.0,0.0,28.0,0.0,1.0,0.0,115.0,0.0,0.0,0.0
2023-03-21 03:44:17.678000+00:00,30.0,0.0,28.0,0.0,1.0,0.0,115.0,0.0,0.0,0.0
2023-03-21 03:44:22.678000+00:00,30.0,0.0,28.0,0.0,1.0,0.0,115.0,0.0,0.0,0.0
2023-03-21 03:44:27.678000+00:00,30.0,0.0,28.0,0.0,1.0,0.0,115.0,0.0,0.0,0.0
2023-03-21 03:44:32.678000+00:00,30.0,0.0,28.0,0.0,1.0,0.0,115.0,0.0,0.0,0.0
2023-03-21 03:44:37.678000+00:00,30.0,0.0,28.0,0.0,1.0,0.0,115.0,0.0,0.0,0.0
2023-03-21 03:44:42.678000+00:00,30.0,0.0,28.0,0.0,1.0,0.0,115.0,0.0,0.0,0.0
2023-03-21 03:44:47.678000+00:00,30.0,0.0,28.0,0.0,1.0,0.0,115.0,0.0,0.0,0.0
2023-03-21 03:44:52.678000+00:00,30.0,0.0,28.0,0.0,1.0,0.0,115.0,0.0,0.0,0.0
2023-03-21 03:44:57.678000+00:00,30.0,0.0,28.0,0.0,1.0,0.0,115.0,0.0,0.0,0.0
2023-03-21 03:45:02.678000+00:00,30.0,0.0,28.0,0.0,1.0,0.0,115.0,0.0,0.0,0.0
2023-03-21 03:45:07.678000+00:00,30.0,0.0,28.0,0.0,1.0,0.0,115.0,0.0,0.0,0.0
2023-03-21 03:45:12.678000+00:00,30.0,0.0,28.0,0.0,1.0,0.0,115.0,0.0,0.0,0.0
2023-03-21 03:45:17.678000+00:00,30.0,0.0,28.0,0.0,1.0,0.0,115.0,0.0,0.0,0.0
2023-03-21 03:45:22.678000+00:00,30.0,0.0,28.0,0.0,1.0,0.0,115.0,0.0,0.0,0.0
2023-03-21 03:45:27.678000+00:00,30.0,0.0,28.0,0.0,1.0,0.0,115.0,0.0,0.0,0.0
2023-03-21 03:45:32.678000+00:00,30.0,0.0,28.0,0.0,1.0,0.0,115.0,0.0,0.0,0.0
2023-03-21 03:45:37.678000+00:00,30.0,0.0,28.0,0.0,1.0,0.0,115.0,0.0,0.0,0.0
2023-03-21 03:45:42.678000+00:00,30.0,0.0,28.0,0.0,1.0,0.0,115.0,0.0,0.0,0.0
2023-03-21 03:45:47.678000+00:00,30.0,0.0,28.0,0.0,1.0,0.0,115.0,0.0,0.0,0.0
2023-03-21 03:45:52.678000+00:00,30.0,0.0,28.0,0.0,1.0,0.0,115.0,0.0,0.0,0.0
2023-03-21 03:45:57.678000+00:00,30.0,0.0,28.0,0.0,1.0,0.0,115.0,0.0,0.0,0.0
2023-03-21 03:46:02.678000+00:00,30.0,0.0,28.0,0.0,1.0,0.0,115.0,0.0,0.0,0.0
2023-03-21 03:46:07.678000+00:00,30.0,0.0,28.0,0.0,1.0,0.0,115.0,0.0,0.0,0.0
2023-03-21 03:46:12.678000+00:00,30.0,0.0,28.0,0.0,1.0,0.0,115.0,0.0,0.0,0.0
2023-03-21 03:46:17.678000+00:00,30.0,0.0,28.0,0.0,1.0,0.0,115.0,0.0,0.0,0.0
2023-03-21 03:46:22.678000+00:00,30.0,0.0,28.0,0.0,1.0,0.0,115.0,0.0,0.0,0.0
2023-03-21 03:46:27.678000+00:00,30.0,0.0,28.0,0.0,1.0,0.0,115.0,0.0,0.0,0.0
2023-03-21 03:46:32.678000+00:00,30.0,0.0,28.0,0.0,1.0,0.0,115.0,0.0,0.0,0.0
2023-03-21 03:46:37.678000+00:00,30.0,0.0,28.0,0.0,1.0,0.0,115.0,0.0,0.0,0.0
2023-03-21 03:46:42.678000+00:00,30.0,0.0,28.0,0.0,1.0,0.0,115.0,0.0,0.0,0.0
2023-03-21 03:46:47.678000+00:00,30.0,0.0,28.0,0.0,1.0,0.0,115.0,0.0,0.0,0.0
2023-03-21 03:46:52.678000+00:00,30.0,0.0,28.0,0.0,1.0,0.0,115.0,0.0,0.0,0.0
2023-03-21 03:46:57.678000+00:00,30.0,0.0,28.0,0.0,1.0,0.0,115.0,0.0,0.0,0.0
2023-03-21 03:47:02.678000+00:00,30.0,0.0,28.0,0.0,1.0,0.0,115.0,0.0,0.0,0.0
2023-03-21 03:47:07.678000+00:00,30.0,0.0,28.0,0.0,1.0,0.0,115.0,0.0,0.0,0.0
2023-03-21 03:47:12.678000+00:00,30.0,0.0,28.0,0.0,1.0,0.0,115.0,0.0,0.0,0.0
2023-03-21 03:47:17.678000+00:00,30.0,0.0,28.0,0.0,1.0,0.0,115.0,0.0,0.0,0.0
2023-03-21 03:47:22.678000+00:00,30.0,0.0,28.0,0.0,1.0,0.0,115.0,0.0,0.0,0.0
2023-03-21 03:47:27.678000+00:00,30.0,0.0,28.0,0.0,1.0,0.0,115.0,0.0,0.0,0.0
2023-03-21 03:47:32.678000+00:00,30.0,0.0,28.0,0.0,1.0,0.0,115.0,0.0,0.0,0.0
2023-03-21 03:47:37.678000+00:00,30.0,0.0,28.0,0.0,1.0,0.0,115.0,0.0,0.0,0.0
2023-03-21 03:47:42.678000+00:00,30.0,0.0,28.0,0.0,1.0,0.0,115.0,0.0,0.0,0.0
2023-03-21 03:47:47.678000+00:00,30.0,0.0,28.0,0.0,1.0,0.0,115.0,0.0,0.0,0.0
2023-03-21 03:47:52.678000+00:00,30.0,0.0,28.0,0.0,1.0,0.0,115.0,0.0,0.0,0.0
2023-03-21 03:47:57.678000+00:00,30.0,0.0,28.0,0.0,1.0,0.0,115.0,0.0,0.0,0.0
2023-03-21 03:48:02.678000+00:00,30.0,0.0,28.0,0.0,1.0,0.0,115.0,0.0,0.0,0.0
2023-03-21 03:48:07.678000+00:00,30.0,0.0,28.0,0.0,1.0,0.0,115.0,0.0,0.0,0.0
2023-03-21 03:48:12.678000+00:00,30.0,0.0,28.0,0.0,1.0,0.0,115.0,0.0,0.0,0.0
2023-03-21 03:48:17.678000+00:00,30.0,0.0,28.0,0.0,1.0,0.0,115.0,0.0,0.0,0.0
2023-03-21 03:48:22.678000+00:00,30.0,0.0,28.0,0.0,1.0,0.0,115.0,0.0,0.0,0.0
2023-03-21 03:48:27.678000+00:00,30.0,0.0,28.0,0.0,1.0,0.0,115.0,0.0,0.0,0.0
2023-03-21 03:48:32.678000+00:00,30.0,0.0,28.0,0.0,1.0,0.0,115.0,0.0,0.0,0.0
2023-03-21 03:48:37.678000+00:00,30.0,0.0,28.0,0.0,1.0,0.0,115.0,0.0,0.0,0.0
2023-03-21 03:48:42.678000+00:00,30.0,0.0,28.0,0.0,1.0,0.0,115.0,0.0,0.0,0.0
2023-03-21 03:48:47.678000+00:00,30.0,0.0,28.0,0.0,1.0,0.0,115.0,0.0,0.0,0.0
2023-03-21 03:48:52.678000+00:00,30.0,0.0,28.0,0.0,1.0,0.0,115.0,0.0,0.0,0.0
2023-03-21 03:48:57.678000+00:00,30.0,0.0,28.0,0.0,1.0,0.0,115.0,0.0,0.0,0.0
2023-03-21 03:49:02.678000+00:00,30.0,0.0,28.0,0.0,1.0,0.0,115.0,0.0,0.0,0.0
2023-03-21 03:49:07.678000+00:00,30.0,0.0,28.0,0.0,1.0,0.0,115.0,0.0,0.0,0.0
2023-03-21 03:49:12.678000+00:00,30.0,0.0,28.0,0.0,1.0,0.0,115.0,0.0,0.0,0.0
2023-03-21 03:49:17.678000+00:00,30.0,0.0,28.0,0.0,1.0,0.0,115.0,0.0,0.0,0.0
2023-03-21 03:49:22.678000+00:00,30.0,0.0,28.0,0.0,1.0,0.0,115.0,0.0,0.0,0.0
2023-03-21 03:49:27.678000+00:00,30.0,0.0,28.0,0.0,1.0,0.0,115.0,0.0,0.0,0.0
2023-03-21 03:49:32.678000+00:00,30.0,0.0,28.0,0.0,1.0,0.0,115.0,0.0,0.0,0.0
2023-03-21 03:49:37.678000+00:00,30.0,0.0,28.0,0.0,1.0,0.0,115.0,0.0,0.0,0.0
2023-03-21 03:49:42.678000+00:00,30.0,0.0,28.0,0.0,1.0,0.0,115.0,0.0,0.0,0.0
2023-03-21 03:49:47.678000+00:00,30.0,0.0,28.0,0.0,1.0,0.0,115.0,0.0,0.0,0.0
2023-03-21 03:49:52.678000+00:00,30.0,0.0,28.0,0.0,1.0,0.0,115.0,0.0,0.0,0.0
2023-03-21 03:49:57.678000+00:00,30.0,0.0,28.0,0.0,1.0,0.0,115.0,0.0,0.0,0.0
2023-03-21 03:50:02.678000+00:00,30.0,0.0,28.0,0.0,1.0,0.0,115.0,0.0,0.0,0.0
2023-03-21 03:50:07.678000+00:00,30.0,0.0,28.0,0.0,1.0,0.0,115.0,0.0,0.0,0.0
2023-03-21 03:50:12.678000+00:00,30.0,0.0,28.0,0.0,1.0,0.0,115.0,0.0,0.0,0.0
2023-03-21 03:50:17.678000+00:00,30.0,0.0,28.0,0.0,1.0,0.0,115.0,0.0,0.0,0.0
2023-03-21 03:50:22.678000+00:00,30.0,0.0,28.0,0.0,1.0,0.0,115.0,0.0,0.0,0.0
2023-03-21 03:50:27.678000+00:00,30.0,0.0,28.0,0.0,1.0,0.0,115.0,0.0,0.0,0.0
2023-03-21 03:50:32.678000+00:00,30.0,0.0,28.0,0.0,1.0,0.0,115.0,0.0,0.0,0.0
2023-03-21 03:50:37.678000+00:00,30.0,0.0,28.0,0.0,1.0,0.0,115.0,0.0,0.0,0.0
2023-03-21 03:50:42.678000+00:00,30.0,0.0,28.0,0.0,1.0,0.0,115.0,0.0,0.0,0.0
2023-03-21 03:50:47.678000+00:00,30.0,0.0,28.0,0.0,1.0,0.0,115.0,0.0,0.0,0.0
2023-03-21 03:50:52.678000+00:00,30.0,0.0,28.0,0.0,1.0,0.0,115.0,0.0,0.0,0.0
2023-03-21 03:50:57.678000+00:00,30.0,0.0,28.0,0.0,1.0,0.0,115.0,0.0,0.0,0.0
2023-03-21 03:51:02.678000+00:00,30.0,0.0,28.0,0.0,1.0,0.0,115.0,0.0,0.0,0.0
2023-03-21 03:51:07.678000+00:00,30.0,0.0,28.0,0.0,1.0,0.0,115.0,0.0,0.0,0.0
2023-03-21 03:51:12.678000+00:00,30.0,0.0,28.0,0.0,1.0,0.0,115.0,0.0,0.0,0.0
2023-03-21 03:51:17.678000+00:00,30.0,0.0,28.0,0.0,1.0,0.0,115.0,0.0,0.0,0.0
2023-03-21 03:51:22.678000+00:00,30.0,0.0,28.0,0.0,1.0,0.0,115.0,0.0,0.0,0.0
2023-03-21 03:51:27.678000+00:00,30.0,0.0,28.0,0.0,1.0,0.0,115.0,0.0,0.0,0.0
2023-03-21 03:51:32.678000+00:00,30.0,0.0,28.0,0.0,1.0,0.0,115.0,0.0,0.0,0.0
2023-03-21 03:51:37.678000+00:00,30.0,0.0,28.0,0.0,1.0,0.0,115.0,0.0,0.0,0.0
2023-03-21 03:51:42.678000+00:00,30.0,0.0,28.0,0.0,1.0,0.0,115.0,0.0,0.0,0.0
2023-03-21 03:51:47.678000+00:00,30.0,0.0,28.0,0.0,1.0,0.0,115.0,0.0,0.0,0.0
2023-03-21 03:51:52.678000+00:00,30.0,0.0,28.0,0.0,1.0,0.0,115.0,0.0,0.0,0.0
2023-03-21 03:51:57.678000+00:00,30.0,0.0,28.0,0.0,1.0,0.0,115.0,0.0,0.0,0.0
2023-03-21 03:52:02.678000+00:00,30.0,0.0,28.0,0.0,1.0,0.0,115.0,0.0,0.0,0.0
2023-03-21 03:52:07.678000+00:00,30.0,0.0,28.0,0.0,1.0,0.0,115.0,0.0,0.0,0.0
2023-03-21 03:52:12.678000+00:00,30.0,0.0,28.0,0.0,1.0,0.0,115.0,0.0,0.0,0.0
2023-03-21 03:52:17.678000+00:00,30.0,0.0,28.0,0.0,1.0,0.0,115.0,0.0,0.0,0.0
2023-03-21 03:52:22.678000+00:00,30.0,0.0,28.0,0.0,1.0,0.0,115.0,0.0,0.0,0.0
2023-03-21 03:52:27.678000+00:00,30.0,0.0,28.0,0.0,1.0,0.0,115.0,0.0,0.0,0.0
2023-03-21 03:52:32.678000+00:00,30.0,0.0,28.0,0.0,1.0,0.0,115.0,0.0,0.0,0.0
2023-03-21 03:52:37.678000+00:00,30.0,0.0,28.0,0.0,1.0,0.0,115.0,0.0,0.0,0.0
2023-03-21 03:52:42.678000+00:00,30.0,0.0,28.0,0.0,1.0,0.0,115.0,0.0,0.0,0.0
2023-03-21 03:52:47.678000+00:00,30.0,0.0,28.0,0.0,1.0,0.0,115.0,0.0,0.0,0.0
2023-03-21 03:52:52.678000+00:00,30.0,0.0,28.0,0.0,1.0,0.0,115.0,0.0,0.0,0.0
2023-03-21 03:52:57.678000+00:00,30.0,0.0,28.0,0.0,1.0,0.0,115.0,0.0,0.0,0.0
2023-03-21 03:53:02.678000+00:00,30.0,0.0,28.0,0.0,1.0,0.0,115.0,0.0,0.0,0.0
2023-03-21 03:53:07.678000+00:00,30.0,0.0,28.0,0.0,1.0,0.0,115.0,0.0,0.0,0.0
2023-03-21 03:53:12.678000+00:00,30.0,0.0,28.0,0.0,1.0,0.0,115.0,0.0,0.0,0.0
2023-03-21 03:53:17.678000+00:00,30.0,0.0,28.0,0.0,1.0,0.0,115.0,0.0,0.0,0.0
2023-03-21 03:53:22.678000+00:00,30.0,0.0,28.0,0.0,1.0,0.0,115.0,0.0,0.0,0.0
2023-03-21 03:53:27.678000+00:00,30.0,0.0,28.0,0.0,1.0,0.0,115.0,0.0,0.0,0.0
2023-03-21 03:53:32.678000+00:00,30.0,0.0,28.0,0.0,1.0,0.0,115.0,0.0,0.0,0.0
2023-03-21 03:53:37.678000+00:00,30.0,0.0,28.0,0.0,1.0,0.0,115.0,0.0,0.0,0.0
2023-03-21 03:53:42.678000+00:00,30.0,0.0,28.0,0.0,1.0,0.0,115.0,0.0,0.0,0.0
2023-03-21 03:53:47.678000+00:00,30.0,0.0,28.0,0.0,1.0,0.0,115.0,0.0,0.0,0.0
2023-03-21 03:53:52.678000+00:00,30.0,0.0,28.0,0.0,1.0,0.0,115.0,0.0,0.0,0.0
2023-03-21 03:53:57.678000+00:00,30.0,0.0,28.0,0.0,1.0,0.0,115.0,0.0,0.0,0.0
2023-03-21 03:54:02.678000+00:00,30.0,0.0,28.0,0.0,1.0,0.0,115.0,0.0,0.0,0.0
2023-03-21 03:54:07.678000+00:00,30.0,0.0,28.0,0.0,1.0,0.0,115.0,0.0,0.0,0.0
2023-03-21 03:54:12.678000+00:00,30.0,0.0,28.0,0.0,1.0,0.0,115.0,0.0,0.0,0.0
2023-03-21 03:54:17.678000+00:00,30.0,0.0,28.0,0.0,1.0,0.0,115.0,0.0,0.0,0.0
2023-03-21 03:54:22.678000+00:00,30.0,0.0,28.0,0.0,1.0,0.0,115.0,0.0,0.0,0.0
2023-03-21 03:54:27.678000+00:00,30.0,0.0,28.0,0.0,1.0,0.0,115.0,0.0,0.0,0.0
2023-03-21 03:54:32.678000+00:00,30.0,0.0,28.0,0.0,1.0,0.0,115.0,0.0,0.0,0.0
2023-03-21 03:54:37.678000+00:00,30.0,0.0,28.0,0.0,1.0,0.0,115.0,0.0,0.0,0.0
2023-03-21 03:54:42.678000+00:00,30.0,0.0,28.0,0.0,1.0,0.0,115.0,0.0,0.0,0.0
2023-03-21 03:54:47.678000+00:00,30.0,0.0,28.0,0.0,1.0,0.0,115.0,0.0,0.0,0.0
2023-03-21 03:54:52.678000+00:00,30.0,0.0,28.0,0.0,1.0,0.0,115.0,0.0,0.0,0.0
2023-03-21 03:54:57.678000+00:00,30.0,0.0,28.0,0.0,1.0,0.0,115.0,0.0,0.0,0.0
2023-03-21 03:55:02.678000+00:00,30.0,0.0,28.0,0.0,1.0,0.0,115.0,0.0,0.0,0.0
2023-03-21 03:55:07.678000+00:00,30.0,0.0,28.0,0.0,1.0,0.0,115.0,0.0,0.0,0.0
2023-03-21 03:55:12.678000+00:00,30.0,0.0,28.0,0.0,1.0,0.0,115.0,0.0,0.0,0.0
2023-03-21 03:55:17.678000+00:00,30.0,0.0,28.0,0.0,1.0,0.0,115.0,0.0,0.0,0.0
2023-03-21 03:55:22.678000+00:00,30.0,0.0,28.0,0.0,1.0,0.0,115.0,0.0,0.0,0.0
2023-03-21 03:55:27.678000+00:00,30.0,0.0,28.0,0.0,1.0,0.0,115.0,0.0,0.0,0.0
2023-03-21 03:55:32.678000+00:00,30.0,0.0,28.0,0.0,1.0,0.0,115.0,0.0,0.0,0.0
2023-03-21 03:55:37.678000+00:00,30.0,0.0,28.0,0.0,1.0,0.0,115.0,0.0,0.0,0.0
2023-03-21 03:55:42.678000+00:00,30.0,0.0,28.0,0.0,1.0,0.0,115.0,0.0,0.0,0.0
2023-03-21 03:55:47.678000+00:00,30.0,0.0,28.0,0.0,1.0,0.0,115.0,0.0,0.0,0.0
2023-03-21 03:55:52.678000+00:00,30.0,0.0,28.0,0.0,1.0,0.0,115.0,0.0,0.0,0.0
2023-03-21 03:55:57.678000+00:00,30.0,0.0,28.0,0.0,1.0,0.0,115.0,0.0,0.0,0.0
2023-03-21 03:56:02.678000+00:00,30.0,0.0,28.0,0.0,1.0,0.0,115.0,0.0,0.0,0.0
2023-03-21 03:56:07.678000+00:00,30.0,0.0,28.0,0.0,1.0,0.0,115.0,0.0,0.0,0.0
2023-03-21 03:56:12.678000+00:00,30.0,0.0,28.0,0.0,1.0,0.0,115.0,0.0,0.0,0.0
2023-03-21 03:56:17.678000+00:00,30.0,0.0,28.0,0.0,1.0,0.0,115.0,0.0,0.0,0.0
2023-03-21 03:56:22.678000+00:00,30.0,0.0,28.0,0.0,1.0,0.0,115.0,0.0,0.0,0.0
2023-03-21 03:56:27.678000+00:00,30.0,0.0,28.0,0.0,1.0,0.0,115.0,0.0,0.0,0.0
2023-03-21 03:56:32.678000+00:00,30.0,0.0,28.0,0.0,1.0,0.0,115.0,0.0,0.0,0.0
2023-03-21 03:56:37.678000+00:00,30.0,0.0,28.0,0.0,1.0,0.0,115.0,0.0,0.0,0.0
2023-03-21 03:56:42.678000+00:00,30.0,0.0,28.0,0.0,1.0,0.0,115.0,0.0,0.0,0.0
2023-03-21 03:56:47.678000+00:00,30.0,0.0,28.0,0.0,1.0,0.0,115.0,0.0,0.0,0.0
2023-03-21 03:56:52.678000+00:00,30.0,0.0,28.0,0.0,1.0,0.0,115.0,0.0,0.0,0.0
2023-03-21 03:56:57.678000+00:00,30.0,0.0,28.0,0.0,1.0,0.0,115.0,0.0,0.0,0.0
2023-03-21 03:57:02.678000+00:00,30.0,0.0,28.0,0.0,1.0,0.0,115.0,0.0,0.0,0.0
2023-03-21 03:57:07.678000+00:00,30.0,0.0,28.0,0.0,1.0,0.0,115.0,0.0,0.0,0.0
2023-03-21 03:57:12.678000+00:00,30.0,0.0,28.0,0.0,1.0,0.0,115.0,0.0,0.0,0.0
2023-03-21 03:57:17.678000+00:00,30.0,0.0,28.0,0.0,1.0,0.0,115.0,0.0,0.0,0.0
2023-03-21 03:57:22.678000+00:00,30.0,0.0,28.0,0.0,1.0,0.0,115.0,0.0,0.0,0.0
2023-03-21 03:57:27.678000+00:00,30.0,0.0,28.0,0.0,1.0,0.0,115.0,0.0,0.0,0.0
2023-03-21 03:57:32.678000+00:00,30.0,0.0,28.0,0.0,1.0,0.0,115.0,0.0,0.0,0.0
2023-03-21 03:57:37.678000+00:00,30.0,0.0,28.0,0.0,1.0,0.0,115.0,0.0,0.0,0.0
2023-03-21 03:57:42.678000+00:00,30.0,0.0,28.0,0.0,1.0,0.0,115.0,0.0,0.0,0.0
2023-03-21 03:57:47.678000+00:00,30.0,0.0,28.0,0.0,1.0,0.0,115.0,0.0,0.0,0.0
2023-03-21 03:57:52.678000+00:00,30.0,0.0,28.0,0.0,1.0,0.0,115.0,0.0,0.0,0.0
2023-03-21 03:57:57.678000+00:00,30.0,0.0,28.0,0.0,1.0,0.0,115.0,0.0,0.0,0.0
2023-03-21 03:58:02.678000+00:00,30.0,0.0,28.0,0.0,1.0,0.0,115.0,0.0,0.0,0.0
2023-03-21 03:58:07.678000+00:00,30.0,0.0,28.0,0.0,1.0,0.0,115.0,0.0,0.0,0.0
2023-03-21 03:58:12.678000+00:00,30.0,0.0,28.0,0.0,1.0,0.0,115.0,0.0,0.0,0.0
2023-03-21 03:58:17.678000+00:00,30.0,0.0,28.0,0.0,1.0,0.0,115.0,0.0,0.0,0.0
2023-03-21 03:58:22.678000+00:00,30.0,0.0,28.0,0.0,1.0,0.0,115.0,0.0,0.0,0.0
2023-03-21 03:58:27.678000+00:00,30.0,0.0,28.0,0.0,1.0,0.0,115.0,0.0,0.0,0.0
2023-03-21 03:58:32.678000+00:00,30.0,0.0,28.0,0.0,1.0,0.0,115.0,0.0,0.0,0.0
2023-03-21 03:58:37.678000+00:00,30.0,0.0,28.0,0.0,1.0,0.0,115.0,0.0,0.0,0.0
2023-03-21 03:58:42.678000+00:00,30.0,0.0,28.0,0.0,1.0,0.0,115.0,0.0,0.0,0.0
2023-03-21 03:58:47.678000+00:00,30.0,0.0,28.0,0.0,1.0,0.0,115.0,0.0,0.0,0.0
2023-03-21 03:58:52.678000+00:00,30.0,0.0,28.0,0.0,1.0,0.0,115.0,0.0,0.0,0.0
2023-03-21 03:58:57.678000+00:00,30.0,0.0,28.0,0.0,1.0,0.0,115.0,0.0,0.0,0.0
2023-03-21 03:59:02.678000+00:00,30.0,0.0,28.0,0.0,1.0,0.0,115.0,0.0,0.0,0.0
2023-03-21 03:59:07.678000+00:00,30.0,0.0,28.0,0.0,1.0,0.0,115.0,0.0,0.0,0.0
2023-03-21 03:59:12.678000+00:00,30.0,0.0,28.0,0.0,1.0,0.0,115.0,0.0,0.0,0.0
2023-03-21 03:59:17.678000+00:00,30.0,0.0,28.0,0.0,1.0,0.0,115.0,0.0,0.0,0.0
2023-03-21 03:59:22.678000+00:00,30.0,0.0,28.0,0.0,1.0,0.0,115.0,0.0,0.0,0.0
2023-03-21 03:59:27.678000+00:00,30.0,0.0,28.0,0.0,1.0,0.0,115.0,0.0,0.0,0.0
2023-03-21 03:59:32.678000+00:00,30.0,0.0,28.0,0.0,1.0,0.0,115.0,0.0,0.0,0.0
2023-03-21 03:59:37.678000+00:00,30.0,0.0,28.0,0.0,1.0,0.0,115.0,0.0,0.0,0.0
2023-03-21 03:59:42.678000+00:00,30.0,0.0,28.0,0.0,1.0,0.0,115.0,0.0,0.0,0.0
2023-03-21 03:59:47.678000+00:00,30.0,0.0,28.0,0.0,1.0,0.0,115.0,0.0,0.0,0.0
2023-03-21 03:59:52.678000+00:00,30.0,0.0,28.0,0.0,1.0,0.0,115.0,0.0,0.0,0.0
2023-03-21 03:59:57.678000+00:00,30.0,0.0,28.0,0.0,1.0,0.0,115.0,0.0,0.0,0.0
2023-03-21 04:00:02.678000+00:00,30.0,0.0,28.0,0.0,1.0,0.0,115.0,0.0,0.0,0.0
2023-03-21 04:00:07.678000+00:00,30.0,0.0,28.0,0.0,1.0,0.0,115.0,0.0,0.0,0.0
2023-03-21 04:00:12.678000+00:00,30.0,0.0,28.0,0.0,1.0,0.0,115.0,0.0,0.0,0.0
2023-03-21 04:00:17.678000+00:00,30.0,0.0,28.0,0.0,1.0,0.0,115.0,0.0,0.0,0.0
2023-03-21 04:00:22.678000+00:00,30.0,0.0,28.0,0.0,1.0,0.0,115.0,0.0,0.0,0.0
2023-03-21 04:00:27.678000+00:00,30.0,0.0,28.0,0.0,1.0,0.0,115.0,0.0,0.0,0.0
2023-03-21 04:00:32.678000+00:00,30.0,0.0,28.0,0.0,1.0,0.0,115.0,0.0,0.0,0.0
2023-03-21 04:00:37.678000+00:00,30.0,0.0,28.0,0.0,1.0,0.0,115.0,0.0,0.0,0.0
2023-03-21 04:00:42.678000+00:00,30.0,0.0,28.0,0.0,1.0,0.0,115.0,0.0,0.0,0.0
2023-03-21 04:00:47.678000+00:00,30.0,0.0,28.0,0.0,1.0,0.0,115.0,0.0,0.0,0.0
2023-03-21 04:00:52.678000+00:00,30.0,0.0,28.0,0.0,1.0,0.0,115.0,0.0,0.0,0.0
2023-03-21 04:00:57.678000+00:00,30.0,0.0,28.0,0.0,1.0,0.0,115.0,0.0,0.0,0.0
2023-03-21 04:01:02.678000+00:00,30.0,0.0,28.0,0.0,1.0,0.0,115.0,0.0,0.0,0.0
2023-03-21 04:01:07.678000+00:00,30.0,0.0,28.0,0.0,1.0,0.0,115.0,0.0,0.0,0.0
2023-03-21 04:01:12.678000+00:00,30.0,0.0,28.0,0.0,1.0,0.0,115.0,0.0,0.0,0.0
2023-03-21 04:01:17.678000+00:00,30.0,0.0,28.0,0.0,1.0,0.0,115.0,0.0,0.0,0.0
2023-03-21 04:01:22.678000+00:00,30.0,0.0,28.0,0.0,1.0,0.0,115.0,0.0,0.0,0.0
2023-03-21 04:01:27.678000+00:00,30.0,0.0,28.0,0.0,1.0,0.0,115.0,0.0,0.0,0.0
2023-03-21 04:01:32.678000+00:00,30.0,0.0,28.0,0.0,1.0,0.0,115.0,0.0,0.0,0.0
2023-03-21 04:01:37.678000+00:00,30.0,0.0,28.0,0.0,1.0,0.0,115.0,0.0,0.0,0.0
2023-03-21 04:01:42.678000+00:00,30.0,0.0,28.0,0.0,1.0,0.0,115.0,0.0,0.0,0.0
2023-03-21 04:01:47.678000+00:00,30.0,0.0,28.0,0.0,1.0,0.0,115.0,0.0,0.0,0.0
2023-03-21 04:01:52.678000+00:00,30.0,0.0,28.0,0.0,1.0,0.0,115.0,0.0,0.0,0.0
2023-03-21 04:01:57.678000+00:00,30.0,0.0,28.0,0.0,1.0,0.0,115.0,0.0,0.0,0.0
2023-03-21 04:02:02.678000+00:00,30.0,0.0,28.0,0.0,1.0,0.0,115.0,0.0,0.0,0.0
2023-03-21 04:02:07.678000+00:00,30.0,0.0,28.0,0.0,1.0,0.0,115.0,0.0,0.0,0.0
2023-03-21 04:02:12.678000+00:00,30.0,0.0,28.0,0.0,1.0,0.0,115.0,0.0,0.0,0.0
2023-03-21 04:02:17.678000+00:00,30.0,0.0,28.0,0.0,1.0,0.0,115.0,0.0,0.0,0.0
2023-03-21 04:02:22.678000+00:00,30.0,0.0,28.0,0.0,1.0,0.0,115.0,0.0,0.0,0.0
2023-03-21 04:02:27.678000+00:00,30.0,0.0,28.0,0.0,1.0,0.0,115.0,0.0,0.0,0.0
2023-03-21 04:02:32.678000+00:00,30.0,0.0,28.0,0.0,1.0,0.0,115.0,0.0,0.0,0.0
2023-03-21 04:02:37.678000+00:00,30.0,0.0,28.0,0.0,1.0,0.0,115.0,0.0,0.0,0.0
2023-03-21 04:02:42.678000+00:00,30.0,0.0,28.0,0.0,1.0,0.0,115.0,0.0,0.0,0.0
2023-03-21 04:02:47.678000+00:00,30.0,0.0,28.0,0.0,1.0,0.0,115.0,0.0,0.0,0.0
2023-03-21 04:02:52.678000+00:00,30.0,0.0,28.0,0.0,1.0,0.0,115.0,0.0,0.0,0.0
2023-03-21 04:02:57.678000+00:00,30.0,0.0,28.0,0.0,1.0,0.0,115.0,0.0,0.0,0.0
2023-03-21 04:03:02.678000+00:00,30.0,0.0,28.0,0.0,1.0,0.0,115.0,0.0,0.0,0.0
2023-03-21 04:03:07.678000+00:00,30.0,0.0,28.0,0.0,1.0,0.0,115.0,0.0,0.0,0.0
2023-03-21 04:03:12.678000+00:00,30.0,0.0,28.0,0.0,1.0,0.0,115.0,0.0,0.0,0.0
2023-03-21 04:03:17.678000+00:00,30.0,0.0,28.0,0.0,1.0,0.0,115.0,0.0,0.0,0.0
2023-03-21 04:03:22.678000+00:00,30.0,0.0,28.0,0.0,1.0,0.0,115.0,0.0,0.0,0.0
2023-03-21 04:03:27.678000+00:00,30.0,0.0,28.0,0.0,1.0,0.0,115.0,0.0,0.0,0.0
2023-03-21 04:03:32.678000+00:00,30.0,0.0,28.0,0.0,1.0,0.0,115.0,0.0,0.0,0.0
2023-03-21 04:03:37.678000+00:00,30.0,0.0,28.0,0.0,1.0,0.0,115.0,0.0,0.0,0.0
2023-03-21 04:03:42.678000+00:00,30.0,0.0,28.0,0.0,1.0,0.0,115.0,0.0,0.0,0.0
2023-03-21 04:03:47.678000+00:00,30.0,0.0,28.0,0.0,1.0,0.0,115.0,0.0,0.0,0.0
2023-03-21 04:03:52.678000+00:00,30.0,0.0,28.0,0.0,1.0,0.0,115.0,0.0,0.0,0.0
2023-03-21 04:03:57.678000+00:00,30.0,0.0,28.0,0.0,1.0,0.0,115.0,0.0,0.0,0.0
2023-03-21 04:04:02.678000+00:00,30.0,0.0,28.0,0.0,1.0,0.0,115.0,0.0,0.0,0.0
2023-03-21 04:04:07.678000+00:00,30.0,0.0,28.0,0.0,1.0,0.0,115.0,0.0,0.0,0.0
2023-03-21 04:04:12.678000+00:00,30.0,0.0,28.0,0.0,1.0,0.0,115.0,0.0,0.0,0.0
2023-03-21 04:04:17.678000+00:00,30.0,0.0,28.0,0.0,1.0,0.0,115.0,0.0,0.0,0.0
2023-03-21 04:04:22.678000+00:00,30.0,0.0,28.0,0.0,1.0,0.0,115.0,0.0,0.0,0.0
2023-03-21 04:04:27.678000+00:00,30.0,0.0,28.0,0.0,1.0,0.0,115.0,0.0,0.0,0.0
2023-03-21 04:04:32.678000+00:00,30.0,0.0,28.0,0.0,1.0,0.0,115.0,0.0,0.0,0.0
2023-03-21 04:04:37.678000+00:00,30.0,0.0,28.0,0.0,1.0,0.0,115.0,0.0,0.0,0.0
2023-03-21 04:04:42.678000+00:00,30.0,0.0,28.0,0.0,1.0,0.0,115.0,0.0,0.0,0.0
2023-03-21 04:04:47.678000+00:00,30.0,0.0,28.0,0.0,1.0,0.0,115.0,0.0,0.0,0.0
2023-03-21 04:04:52.678000+00:00,30.0,0.0,28.0,0.0,1.0,0.0,115.0,0.0,0.0,0.0
2023-03-21 04:04:57.678000+00:00,30.0,0.0,28.0,0.0,1.0,0.0,115.0,0.0,0.0,0.0
2023-03-21 04:05:02.678000+00:00,30.0,0.0,28.0,0.0,1.0,0.0,115.0,0.0,0.0,0.0
2023-03-21 04:05:07.678000+00:00,30.0,0.0,28.0,0.0,1.0,0.0,115.0,0.0,0.0,0.0
2023-03-21 04:05:12.678000+00:00,30.0,0.0,28.0,0.0,1.0,0.0,115.0,0.0,0.0,0.0
2023-03-21 04:05:17.678000+00:00,30.0,0.0,28.0,0.0,1.0,0.0,115.0,0.0,0.0,0.0
2023-03-21 04:05:22.678000+00:00,30.0,0.0,28.0,0.0,1.0,0.0,115.0,0.0,0.0,0.0
2023-03-21 04:05:27.678000+00:00,30.0,0.0,28.0,0.0,1.0,0.0,115.0,0.0,0.0,0.0
2023-03-21 04:05:32.678000+00:00,30.0,0.0,28.0,0.0,1.0,0.0,115.0,0.0,0.0,0.0
2023-03-21 04:05:37.678000+00:00,30.0,0.0,28.0,0.0,1.0,0.0,115.0,0.0,0.0,0.0
2023-03-21 04:05:42.678000+00:00,30.0,0.0,28.0,0.0,1.0,0.0,115.0,0.0,0.0,0.0
2023-03-21 04:05:47.678000+00:00,30.0,0.0,28.0,0.0,1.0,0.0,115.0,0.0,0.0,0.0
2023-03-21 04:05:52.678000+00:00,30.0,0.0,28.0,0.0,1.0,0.0,115.0,0.0,0.0,0.0
2023-03-21 04:05:57.678000+00:00,30.0,0.0,28.0,0.0,1.0,0.0,115.0,0.0,0.0,0.0
2023-03-21 04:06:02.678000+00:00,30.0,0.0,28.0,0.0,1.0,0.0,115.0,0.0,0.0,0.0
2023-03-21 04:06:07.678000+00:00,30.0,0.0,28.0,0.0,1.0,0.0,115.0,0.0,0.0,0.0
2023-03-21 04:06:12.678000+00:00,30.0,0.0,28.0,0.0,1.0,0.0,115.0,0.0,0.0,0.0
2023-03-21 04:06:17.678000+00:00,30.0,0.0,28.0,0.0,1.0,0.0,115.0,0.0,0.0,0.0
2023-03-21 04:06:22.678000+00:00,30.0,0.0,28.0,0.0,1.0,0.0,115.0,0.0,0.0,0.0
2023-03-21 04:06:27.678000+00:00,30.0,0.0,28.0,0.0,1.0,0.0,115.0,0.0,0.0,0.0
2023-03-21 04:06:32.678000+00:00,30.0,0.0,28.0,0.0,1.0,0.0,115.0,0.0,0.0,0.0
2023-03-21 04:06:37.678000+00:00,30.0,0.0,28.0,0.0,1.0,0.0,115.0,0.0,0.0,0.0
2023-03-21 04:06:42.678000+00:00,30.0,0.0,28.0,0.0,1.0,0.0,115.0,0.0,0.0,0.0
2023-03-21 04:06:47.678000+00:00,30.0,0.0,28.0,0.0,1.0,0.0,115.0,0.0,0.0,0.0
2023-03-21 04:06:52.678000+00:00,30.0,0.0,28.0,0.0,1.0,0.0,115.0,0.0,0.0,0.0
2023-03-21 04:06:57.678000+00:00,30.0,0.0,28.0,0.0,1.0,0.0,115.0,0.0,0.0,0.0
2023-03-21 04:07:02.678000+00:00,30.0,0.0,28.0,0.0,1.0,0.0,115.0,0.0,0.0,0.0
2023-03-21 04:07:07.678000+00:00,30.0,0.0,28.0,0.0,1.0,0.0,115.0,0.0,0.0,0.0
2023-03-21 04:07:12.678000+00:00,30.0,0.0,28.0,0.0,1.0,0.0,115.0,0.0,0.0,0.0
2023-03-21 04:07:17.678000+00:00,30.0,0.0,28.0,0.0,1.0,0.0,115.0,0.0,0.0,0.0
2023-03-21 04:07:22.678000+00:00,30.0,0.0,28.0,0.0,1.0,0.0,115.0,0.0,0.0,0.0
2023-03-21 04:07:27.678000+00:00,30.0,0.0,28.0,0.0,1.0,0.0,115.0,0.0,0.0,0.0
2023-03-21 04:07:32.678000+00:00,30.0,0.0,28.0,0.0,1.0,0.0,115.0,0.0,0.0,0.0
2023-03-21 04:07:37.678000+00:00,30.0,0.0,28.0,0.0,1.0,0.0,115.0,0.0,0.0,0.0
2023-03-21 04:07:42.678000+00:00,30.0,0.0,28.0,0.0,1.0,0.0,115.0,0.0,0.0,0.0
2023-03-21 04:07:47.678000+00:00,30.0,0.0,28.0,0.0,1.0,0.0,115.0,0.0,0.0,0.0
2023-03-21 04:07:52.678000+00:00,30.0,0.0,28.0,0.0,1.0,0.0,115.0,0.0,0.0,0.0
2023-03-21 04:07:57.678000+00:00,30.0,0.0,28.0,0.0,1.0,0.0,115.0,0.0,0.0,0.0
2023-03-21 04:08:02.678000+00:00,30.0,0.0,28.0,0.0,1.0,0.0,115.0,0.0,0.0,0.0
2023-03-21 04:08:07.678000+00:00,30.0,0.0,28.0,0.0,1.0,0.0,115.0,0.0,0.0,0.0
2023-03-21 04:08:12.678000+00:00,30.0,0.0,28.0,0.0,1.0,0.0,115.0,0.0,0.0,0.0
2023-03-21 04:08:17.678000+00:00,30.0,0.0,28.0,0.0,1.0,0.0,115.0,0.0,0.0,0.0
2023-03-21 04:08:22.678000+00:00,30.0,0.0,28.0,0.0,1.0,0.0,115.0,0.0,0.0,0.0
2023-03-21 04:08:27.678000+00:00,30.0,0.0,28.0,0.0,1.0,0.0,115.0,0.0,0.0,0.0
2023-03-21 04:08:32.678000+00:00,30.0,0.0,28.0,0.0,1.0,0.0,115.0,0.0,0.0,0.0
2023-03-21 04:08:37.678000+00:00,30.0,0.0,28.0,0.0,1.0,0.0,115.0,0.0,0.0,0.0
2023-03-21 04:08:42.678000+00:00,30.0,0.0,28.0,0.0,1.0,0.0,115.0,0.0,0.0,0.0
2023-03-21 04:08:47.678000+00:00,30.0,0.0,28.0,0.0,1.0,0.0,115.0,0.0,0.0,0.0
2023-03-21 04:08:52.678000+00:00,30.0,0.0,28.0,0.0,1.0,0.0,115.0,0.0,0.0,0.0
2023-03-21 04:08:57.678000+00:00,30.0,0.0,28.0,0.0,1.0,0.0,115.0,0.0,0.0,0.0
2023-03-21 04:09:02.678000+00:00,30.0,0.0,28.0,0.0,1.0,0.0,115.0,0.0,0.0,0.0
2023-03-21 04:09:07.678000+00:00,30.0,0.0,28.0,0.0,1.0,0.0,115.0,0.0,0.0,0.0
2023-03-21 04:09:12.678000+00:00,30.0,0.0,28.0,0.0,1.0,0.0,115.0,0.0,0.0,0.0
2023-03-21 04:09:17.678000+00:00,30.0,0.0,28.0,0.0,1.0,0.0,115.0,0.0,0.0,0.0
2023-03-21 04:09:22.678000+00:00,30.0,0.0,28.0,0.0,1.0,0.0,115.0,0.0,0.0,0.0
2023-03-21 04:09:27.678000+00:00,30.0,0.0,28.0,0.0,1.0,0.0,115.0,0.0,0.0,0.0
2023-03-21 04:09:32.678000+00:00,30.0,0.0,28.0,0.0,1.0,0.0,115.0,0.0,0.0,0.0
2023-03-21 04:09:37.678000+00:00,30.0,0.0,28.0,0.0,1.0,0.0,115.0,0.0,0.0,0.0
2023-03-21 04:09:42.678000+00:00,30.0,0.0,28.0,0.0,1.0,0.0,115.0,0.0,0.0,0.0
2023-03-21 04:09:47.678000+00:00,30.0,0.0,28.0,0.0,1.0,0.0,115.0,0.0,0.0,0.0
2023-03-21 04:09:52.678000+00:00,30.0,0.0,28.0,0.0,1.0,0.0,115.0,0.0,0.0,0.0
2023-03-21 04:09:57.678000+00:00,30.0,0.0,28.0,0.0,1.0,0.0,115.0,0.0,0.0,0.0
2023-03-21 04:10:02.678000+00:00,30.0,0.0,28.0,0.0,1.0,0.0,115.0,0.0,0.0,0.0
2023-03-21 04:10:07.678000+00:00,30.0,0.0,28.0,0.0,1.0,0.0,115.0,0.0,0.0,0.0
2023-03-21 04:10:12.678000+00:00,30.0,0.0,28.0,0.0,1.0,0.0,115.0,0.0,0.0,0.0
2023-03-21 04:10:17.678000+00:00,30.0,0.0,28.0,0.0,1.0,0.0,115.0,0.0,0.0,0.0
2023-03-21 04:10:22.678000+00:00,30.0,0.0,28.0,0.0,1.0,0.0,115.0,0.0,0.0,0.0
2023-03-21 04:10:27.678000+00:00,30.0,0.0,28.0,0.0,1.0,0.0,115.0,0.0,0.0,0.0
2023-03-21 04:10:32.678000+00:00,30.0,0.0,28.0,0.0,1.0,0.0,115.0,0.0,0.0,0.0
2023-03-21 04:10:37.678000+00:00,30.0,0.0,28.0,0.0,1.0,0.0,115.0,0.0,0.0,0.0
2023-03-21 04:10:42.678000+00:00,30.0,0.0,28.0,0.0,1.0,0.0,115.0,0.0,0.0,0.0
2023-03-21 04:10:47.678000+00:00,30.0,0.0,28.0,0.0,1.0,0.0,115.0,0.0,0.0,0.0
2023-03-21 04:10:52.678000+00:00,30.0,0.0,28.0,0.0,1.0,0.0,115.0,0.0,0.0,0.0
2023-03-21 04:10:57.678000+00:00,30.0,0.0,28.0,0.0,1.0,0.0,115.0,0.0,0.0,0.0
2023-03-21 04:11:02.678000+00:00,30.0,0.0,28.0,0.0,1.0,0.0,115.0,0.0,0.0,0.0
2023-03-21 04:11:07.678000+00:00,30.0,0.0,28.0,0.0,1.0,0.0,115.0,0.0,0.0,0.0
2023-03-21 04:11:12.678000+00:00,30.0,0.0,28.0,0.0,1.0,0.0,115.0,0.0,0.0,0.0
2023-03-21 04:11:17.678000+00:00,30.0,0.0,28.0,0.0,1.0,0.0,115.0,0.0,0.0,0.0
2023-03-21 04:11:22.678000+00:00,30.0,0.0,28.0,0.0,1.0,0.0,115.0,0.0,0.0,0.0
2023-03-21 04:11:27.678000+00:00,30.0,0.0,28.0,0.0,1.0,0.0,115.0,0.0,0.0,0.0
2023-03-21 04:11:32.678000+00:00,30.0,0.0,28.0,0.0,1.0,0.0,115.0,0.0,0.0,0.0
2023-03-21 04:11:37.678000+00:00,30.0,0.0,28.0,0.0,1.0,0.0,115.0,0.0,0.0,0.0
2023-03-21 04:11:42.678000+00:00,30.0,0.0,28.0,0.0,1.0,0.0,115.0,0.0,0.0,0.0
2023-03-21 04:11:47.678000+00:00,30.0,0.0,28.0,0.0,1.0,0.0,115.0,0.0,0.0,0.0
2023-03-21 04:11:52.678000+00:00,30.0,0.0,28.0,0.0,1.0,0.0,115.0,0.0,0.0,0.0
2023-03-21 04:11:57.678000+00:00,30.0,0.0,28.0,0.0,1.0,0.0,115.0,0.0,0.0,0.0
2023-03-21 04:12:02.678000+00:00,30.0,0.0,28.0,0.0,1.0,0.0,115.0,0.0,0.0,0.0
2023-03-21 04:12:07.678000+00:00,30.0,0.0,28.0,0.0,1.0,0.0,115.0,0.0,0.0,0.0
2023-03-21 04:12:12.678000+00:00,30.0,0.0,28.0,0.0,1.0,0.0,115.0,0.0,0.0,0.0
2023-03-21 04:12:17.678000+00:00,30.0,0.0,28.0,0.0,1.0,0.0,115.0,0.0,0.0,0.0
2023-03-21 04:12:22.678000+00:00,30.0,0.0,28.0,0.0,1.0,0.0,115.0,0.0,0.0,0.0
2023-03-21 04:12:27.678000+00:00,30.0,0.0,28.0,0.0,1.0,0.0,115.0,0.0,0.0,0.0
2023-03-21 04:12:32.678000+00:00,30.0,0.0,28.0,0.0,1.0,0.0,115.0,0.0,0.0,0.0
2023-03-21 04:12:37.678000+00:00,30.0,0.0,28.0,0.0,1.0,0.0,115.0,0.0,0.0,0.0
2023-03-21 04:12:42.678000+00:00,30.0,0.0,28.0,0.0,1.0,0.0,115.0,0.0,0.0,0.0
2023-03-21 04:12:47.678000+00:00,30.0,0.0,28.0,0.0,1.0,0.0,115.0,0.0,0.0,0.0
2023-03-21 04:12:52.678000+00:00,30.0,0.0,28.0,0.0,1.0,0.0,115.0,0.0,0.0,0.0
2023-03-21 04:12:57.678000+00:00,30.0,0.0,28.0,0.0,1.0,0.0,115.0,0.0,0.0,0.0
2023-03-21 04:13:02.678000+00:00,30.0,0.0,28.0,0.0,1.0,0.0,115.0,0.0,0.0,0.0
2023-03-21 04:13:07.678000+00:00,30.0,0.0,28.0,0.0,1.0,0.0,115.0,0.0,0.0,0.0
2023-03-21 04:13:12.678000+00:00,30.0,0.0,28.0,0.0,1.0,0.0,115.0,0.0,0.0,0.0
2023-03-21 04:13:17.678000+00:00,30.0,0.0,28.0,0.0,1.0,0.0,115.0,0.0,0.0,0.0
2023-03-21 04:13:22.678000+00:00,30.0,0.0,28.0,0.0,1.0,0.0,115.0,0.0,0.0,0.0
2023-03-21 04:13:27.678000+00:00,30.0,0.0,28.0,0.0,1.0,0.0,115.0,0.0,0.0,0.0
2023-03-21 04:13:32.678000+00:00,30.0,0.0,28.0,0.0,1.0,0.0,115.0,0.0,0.0,0.0
2023-03-21 04:13:37.678000+00:00,30.0,0.0,28.0,0.0,1.0,0.0,115.0,0.0,0.0,0.0
2023-03-21 04:13:42.678000+00:00,30.0,0.0,28.0,0.0,1.0,0.0,115.0,0.0,0.0,0.0
2023-03-21 04:13:47.678000+00:00,30.0,0.0,28.0,0.0,1.0,0.0,115.0,0.0,0.0,0.0
2023-03-21 04:13:52.678000+00:00,30.0,0.0,28.0,0.0,1.0,0.0,115.0,0.0,0.0,0.0
2023-03-21 04:13:57.678000+00:00,30.0,0.0,28.0,0.0,1.0,0.0,115.0,0.0,0.0,0.0
2023-03-21 04:14:02.678000+00:00,30.0,0.0,28.0,0.0,1.0,0.0,115.0,0.0,0.0,0.0
2023-03-21 04:14:07.678000+00:00,30.0,0.0,28.0,0.0,1.0,0.0,115.0,0.0,0.0,0.0
2023-03-21 04:14:12.678000+00:00,30.0,0.0,28.0,0.0,1.0,0.0,115.0,0.0,0.0,0.0
2023-03-21 04:14:17.678000+00:00,30.0,0.0,28.0,0.0,1.0,0.0,115.0,0.0,0.0,0.0
2023-03-21 04:14:22.678000+00:00,30.0,0.0,28.0,0.0,1.0,0.0,115.0,0.0,0.0,0.0
2023-03-21 04:14:27.678000+00:00,30.0,0.0,28.0,0.0,1.0,0.0,115.0,0.0,0.0,0.0
2023-03-21 04:14:32.678000+00:00,30.0,0.0,28.0,0.0,1.0,0.0,115.0,0.0,0.0,0.0
2023-03-21 04:14:37.678000+00:00,30.0,0.0,28.0,0.0,1.0,0.0,115.0,0.0,0.0,0.0
2023-03-21 04:14:42.678000+00:00,30.0,0.0,28.0,0.0,1.0,0.0,115.0,0.0,0.0,0.0
2023-03-21 04:14:47.678000+00:00,30.0,0.0,28.0,0.0,1.0,0.0,115.0,0.0,0.0,0.0
2023-03-21 04:14:52.678000+00:00,30.0,0.0,28.0,0.0,1.0,0.0,115.0,0.0,0.0,0.0
2023-03-21 04:14:57.678000+00:00,30.0,0.0,28.0,0.0,1.0,0.0,115.0,0.0,0.0,0.0
2023-03-21 04:15:02.678000+00:00,30.0,0.0,28.0,0.0,1.0,0.0,115.0,0.0,0.0,0.0
2023-03-21 04:15:07.678000+00:00,30.0,0.0,28.0,0.0,1.0,0.0,115.0,0.0,0.0,0.0
2023-03-21 04:15:12.678000+00:00,30.0,0.0,28.0,0.0,1.0,0.0,115.0,0.0,0.0,0.0
2023-03-21 04:15:17.678000+00:00,30.0,0.0,28.0,0.0,1.0,0.0,115.0,0.0,0.0,0.0
2023-03-21 04:15:22.678000+00:00,30.0,0.0,28.0,0.0,1.0,0.0,115.0,0.0,0.0,0.0
2023-03-21 04:15:27.678000+00:00,30.0,0.0,28.0,0.0,1.0,0.0,115.0,0.0,0.0,0.0
2023-03-21 04:15:32.678000+00:00,30.0,0.0,28.0,0.0,1.0,0.0,115.0,0.0,0.0,0.0
2023-03-21 04:15:37.678000+00:00,30.0,0.0,28.0,0.0,1.0,0.0,115.0,0.0,0.0,0.0
2023-03-21 04:15:42.678000+00:00,30.0,0.0,28.0,0.0,1.0,0.0,115.0,0.0,0.0,0.0
2023-03-21 04:15:47.678000+00:00,30.0,0.0,28.0,0.0,1.0,0.0,115.0,0.0,0.0,0.0
2023-03-21 04:15:52.678000+00:00,30.0,0.0,28.0,0.0,1.0,0.0,115.0,0.0,0.0,0.0
2023-03-21 04:15:57.678000+00:00,30.0,0.0,28.0,0.0,1.0,0.0,115.0,0.0,0.0,0.0
2023-03-21 04:16:02.678000+00:00,30.0,0.0,28.0,0.0,1.0,0.0,115.0,0.0,0.0,0.0
2023-03-21 04:16:07.678000+00:00,30.0,0.0,28.0,0.0,1.0,0.0,115.0,0.0,0.0,0.0
2023-03-21 04:16:12.678000+00:00,30.0,0.0,28.0,0.0,1.0,0.0,115.0,0.0,0.0,0.0
2023-03-21 04:16:17.678000+00:00,30.0,0.0,28.0,0.0,1.0,0.0,115.0,0.0,0.0,0.0
2023-03-21 04:16:22.678000+00:00,30.0,0.0,28.0,0.0,1.0,0.0,115.0,0.0,0.0,0.0
2023-03-21 04:16:27.678000+00:00,30.0,0.0,28.0,0.0,1.0,0.0,115.0,0.0,0.0,0.0
2023-03-21 04:16:32.678000+00:00,30.0,0.0,28.0,0.0,1.0,0.0,115.0,0.0,0.0,0.0
2023-03-21 04:16:37.678000+00:00,30.0,0.0,28.0,0.0,1.0,0.0,115.0,0.0,0.0,0.0
2023-03-21 04:16:42.678000+00:00,30.0,0.0,28.0,0.0,1.0,0.0,115.0,0.0,0.0,0.0
2023-03-21 04:16:47.678000+00:00,30.0,0.0,28.0,0.0,1.0,0.0,115.0,0.0,0.0,0.0
2023-03-21 04:16:52.678000+00:00,30.0,0.0,28.0,0.0,1.0,0.0,115.0,0.0,0.0,0.0
2023-03-21 04:16:57.678000+00:00,30.0,0.0,28.0,0.0,1.0,0.0,115.0,0.0,0.0,0.0
2023-03-21 04:17:02.678000+00:00,30.0,0.0,28.0,0.0,1.0,0.0,115.0,0.0,0.0,0.0
2023-03-21 04:17:07.678000+00:00,30.0,0.0,28.0,0.0,1.0,0.0,115.0,0.0,0.0,0.0
2023-03-21 04:17:12.678000+00:00,30.0,0.0,28.0,0.0,1.0,0.0,115.0,0.0,0.0,0.0
2023-03-21 04:17:17.678000+00:00,30.0,0.0,28.0,0.0,1.0,0.0,115.0,0.0,0.0,0.0
2023-03-21 04:17:22.678000+00:00,30.0,0.0,28.0,0.0,1.0,0.0,115.0,0.0,0.0,0.0
2023-03-21 04:17:27.678000+00:00,30.0,0.0,28.0,0.0,1.0,0.0,115.0,0.0,0.0,0.0
2023-03-21 04:17:32.678000+00:00,30.0,0.0,28.0,0.0,1.0,0.0,115.0,0.0,0.0,0.0
2023-03-21 04:17:37.678000+00:00,30.0,0.0,28.0,0.0,1.0,0.0,115.0,0.0,0.0,0.0
2023-03-21 04:17:42.678000+00:00,30.0,0.0,28.0,0.0,1.0,0.0,115.0,0.0,0.0,0.0
2023-03-21 04:17:47.678000+00:00,30.0,0.0,28.0,0.0,1.0,0.0,115.0,0.0,0.0,0.0
2023-03-21 04:17:52.678000+00:00,30.0,0.0,28.0,0.0,1.0,0.0,115.0,0.0,0.0,0.0
2023-03-21 04:17:57.678000+00:00,30.0,0.0,28.0,0.0,1.0,0.0,115.0,0.0,0.0,0.0
2023-03-21 04:18:02.678000+00:00,30.0,0.0,28.0,0.0,1.0,0.0,115.0,0.0,0.0,0.0
2023-03-21 04:18:07.678000+00:00,30.0,0.0,28.0,0.0,1.0,0.0,115.0,0.0,0.0,0.0
2023-03-21 04:18:12.678000+00:00,30.0,0.0,28.0,0.0,1.0,0.0,115.0,0.0,0.0,0.0
2023-03-21 04:18:17.678000+00:00,30.0,0.0,28.0,0.0,1.0,0.0,115.0,0.0,0.0,0.0
2023-03-21 04:18:22.678000+00:00,30.0,0.0,28.0,0.0,1.0,0.0,115.0,0.0,0.0,0.0
2023-03-21 04:18:27.678000+00:00,30.0,0.0,28.0,0.0,1.0,0.0,115.0,0.0,0.0,0.0
2023-03-21 04:18:32.678000+00:00,30.0,0.0,28.0,0.0,1.0,0.0,115.0,0.0,0.0,0.0
2023-03-21 04:18:37.678000+00:00,30.0,0.0,28.0,0.0,1.0,0.0,115.0,0.0,0.0,0.0
2023-03-21 04:18:42.678000+00:00,30.0,0.0,28.0,0.0,1.0,0.0,115.0,0.0,0.0,0.0
2023-03-21 04:18:47.678000+00:00,30.0,0.0,28.0,0.0,1.0,0.0,115.0,0.0,0.0,0.0
2023-03-21 04:18:52.678000+00:00,30.0,0.0,28.0,0.0,1.0,0.0,115.0,0.0,0.0,0.0
2023-03-21 04:18:57.678000+00:00,30.0,0.0,28.0,0.0,1.0,0.0,115.0,0.0,0.0,0.0
2023-03-21 04:19:02.678000+00:00,30.0,0.0,28.0,0.0,1.0,0.0,115.0,0.0,0.0,0.0
2023-03-21 04:19:07.678000+00:00,30.0,0.0,28.0,0.0,1.0,0.0,115.0,0.0,0.0,0.0
2023-03-21 04:19:12.678000+00:00,30.0,0.0,28.0,0.0,1.0,0.0,115.0,0.0,0.0,0.0
2023-03-21 04:19:17.678000+00:00,30.0,0.0,28.0,0.0,1.0,0.0,115.0,0.0,0.0,0.0
2023-03-21 04:19:22.678000+00:00,30.0,0.0,28.0,0.0,1.0,0.0,115.0,0.0,0.0,0.0
2023-03-21 04:19:27.678000+00:00,30.0,0.0,28.0,0.0,1.0,0.0,115.0,0.0,0.0,0.0
2023-03-21 04:19:32.678000+00:00,30.0,0.0,28.0,0.0,1.0,0.0,115.0,0.0,0.0,0.0
2023-03-21 04:19:37.678000+00:00,30.0,0.0,28.0,0.0,1.0,0.0,115.0,0.0,0.0,0.0
2023-03-21 04:19:42.678000+00:00,30.0,0.0,28.0,0.0,1.0,0.0,115.0,0.0,0.0,0.0
2023-03-21 04:19:47.678000+00:00,30.0,0.0,28.0,0.0,1.0,0.0,115.0,0.0,0.0,0.0
2023-03-21 04:19:52.678000+00:00,30.0,0.0,28.0,0.0,1.0,0.0,115.0,0.0,0.0,0.0
2023-03-21 04:19:57.678000+00:00,30.0,0.0,28.0,0.0,1.0,0.0,115.0,0.0,0.0,0.0
2023-03-21 04:20:02.678000+00:00,30.0,0.0,28.0,0.0,1.0,0.0,115.0,0.0,0.0,0.0
2023-03-21 04:20:07.678000+00:00,30.0,0.0,28.0,0.0,1.0,0.0,115.0,0.0,0.0,0.0
2023-03-21 04:20:12.678000+00:00,30.0,0.0,28.0,0.0,1.0,0.0,115.0,0.0,0.0,0.0
2023-03-21 04:20:17.678000+00:00,30.0,0.0,28.0,0.0,1.0,0.0,115.0,0.0,0.0,0.0
2023-03-21 04:20:22.678000+00:00,30.0,0.0,28.0,0.0,1.0,0.0,115.0,0.0,0.0,0.0
2023-03-21 04:20:27.678000+00:00,30.0,0.0,28.0,0.0,1.0,0.0,115.0,0.0,0.0,0.0
2023-03-21 04:20:32.678000+00:00,30.0,0.0,28.0,0.0,1.0,0.0,115.0,0.0,0.0,0.0
2023-03-21 04:20:37.678000+00:00,30.0,0.0,28.0,0.0,1.0,0.0,115.0,0.0,0.0,0.0
2023-03-21 04:20:42.678000+00:00,30.0,0.0,28.0,0.0,1.0,0.0,115.0,0.0,0.0,0.0
2023-03-21 04:20:47.678000+00:00,30.0,0.0,28.0,0.0,1.0,0.0,115.0,0.0,0.0,0.0
2023-03-21 04:20:52.678000+00:00,30.0,0.0,28.0,0.0,1.0,0.0,115.0,0.0,0.0,0.0
2023-03-21 04:20:57.678000+00:00,30.0,0.0,28.0,0.0,1.0,0.0,115.0,0.0,0.0,0.0
2023-03-21 04:21:02.678000+00:00,30.0,0.0,28.0,0.0,1.0,0.0,115.0,0.0,0.0,0.0
2023-03-21 04:21:07.678000+00:00,30.0,0.0,28.0,0.0,1.0,0.0,115.0,0.0,0.0,0.0
2023-03-21 04:21:12.678000+00:00,30.0,0.0,28.0,0.0,1.0,0.0,115.0,0.0,0.0,0.0
2023-03-21 04:21:17.678000+00:00,30.0,0.0,28.0,0.0,1.0,0.0,115.0,0.0,0.0,0.0
2023-03-21 04:21:22.678000+00:00,30.0,0.0,28.0,0.0,1.0,0.0,115.0,0.0,0.0,0.0
2023-03-21 04:21:27.678000+00:00,30.0,0.0,28.0,0.0,1.0,0.0,115.0,0.0,0.0,0.0
2023-03-21 04:21:32.678000+00:00,30.0,0.0,28.0,0.0,1.0,0.0,115.0,0.0,0.0,0.0
2023-03-21 04:21:37.678000+00:00,30.0,0.0,28.0,0.0,1.0,0.0,115.0,0.0,0.0,0.0
2023-03-21 04:21:42.678000+00:00,30.0,0.0,28.0,0.0,1.0,0.0,115.0,0.0,0.0,0.0
2023-03-21 04:21:47.678000+00:00,30.0,0.0,28.0,0.0,1.0,0.0,115.0,0.0,0.0,0.0
2023-03-21 04:21:52.678000+00:00,30.0,0.0,28.0,0.0,1.0,0.0,115.0,0.0,0.0,0.0
2023-03-21 04:21:57.678000+00:00,30.0,0.0,28.0,0.0,1.0,0.0,115.0,0.0,0.0,0.0
2023-03-21 04:22:02.678000+00:00,30.0,0.0,28.0,0.0,1.0,0.0,115.0,0.0,0.0,0.0
2023-03-21 04:22:07.678000+00:00,30.0,0.0,28.0,0.0,1.0,0.0,115.0,0.0,0.0,0.0
2023-03-21 04:22:12.678000+00:00,30.0,0.0,28.0,0.0,1.0,0.0,115.0,0.0,0.0,0.0
2023-03-21 04:22:17.678000+00:00,30.0,0.0,28.0,0.0,1.0,0.0,115.0,0.0,0.0,0.0
2023-03-21 04:22:22.678000+00:00,30.0,0.0,28.0,0.0,1.0,0.0,115.0,0.0,0.0,0.0
2023-03-21 04:22:27.678000+00:00,30.0,0.0,28.0,0.0,1.0,0.0,115.0,0.0,0.0,0.0
2023-03-21 04:22:32.678000+00:00,30.0,0.0,28.0,0.0,1.0,0.0,115.0,0.0,0.0,0.0
2023-03-21 04:22:37.678000+00:00,30.0,0.0,28.0,0.0,1.0,0.0,115.0,0.0,0.0,0.0
2023-03-21 04:22:42.678000+00:00,30.0,0.0,28.0,0.0,1.0,0.0,115.0,0.0,0.0,0.0
2023-03-21 04:22:47.678000+00:00,30.0,0.0,28.0,0.0,1.0,0.0,115.0,0.0,0.0,0.0
2023-03-21 04:22:52.678000+00:00,30.0,0.0,28.0,0.0,1.0,0.0,115.0,0.0,0.0,0.0
2023-03-21 04:22:57.678000+00:00,30.0,0.0,28.0,0.0,1.0,0.0,115.0,0.0,0.0,0.0
2023-03-21 04:23:02.678000+00:00,30.0,0.0,28.0,0.0,1.0,0.0,115.0,0.0,0.0,0.0
2023-03-21 04:23:07.678000+00:00,30.0,0.0,28.0,0.0,1.0,0.0,115.0,0.0,0.0,0.0
2023-03-21 04:23:12.678000+00:00,30.0,0.0,28.0,0.0,1.0,0.0,115.0,0.0,0.0,0.0
2023-03-21 04:23:17.678000+00:00,30.0,0.0,28.0,0.0,1.0,0.0,115.0,0.0,0.0,0.0
2023-03-21 04:23:22.678000+00:00,30.0,0.0,28.0,0.0,1.0,0.0,115.0,0.0,0.0,0.0
2023-03-21 04:23:27.678000+00:00,30.0,0.0,28.0,0.0,1.0,0.0,115.0,0.0,0.0,0.0
2023-03-21 04:23:32.678000+00:00,30.0,0.0,28.0,0.0,1.0,0.0,115.0,0.0,0.0,0.0
2023-03-21 04:23:37.678000+00:00,30.0,0.0,28.0,0.0,1.0,0.0,115.0,0.0,0.0,0.0
2023-03-21 04:23:42.678000+00:00,30.0,0.0,28.0,0.0,1.0,0.0,115.0,0.0,0.0,0.0
2023-03-21 04:23:47.678000+00:00,30.0,0.0,28.0,0.0,1.0,0.0,115.0,0.0,0.0,0.0
2023-03-21 04:23:52.678000+00:00,30.0,0.0,28.0,0.0,1.0,0.0,115.0,0.0,0.0,0.0
2023-03-21 04:23:57.678000+00:00,30.0,0.0,28.0,0.0,1.0,0.0,115.0,0.0,0.0,0.0
2023-03-21 04:24:02.678000+00:00,30.0,0.0,28.0,0.0,1.0,0.0,115.0,0.0,0.0,0.0
2023-03-21 04:24:07.678000+00:00,30.0,0.0,28.0,0.0,1.0,0.0,115.0,0.0,0.0,0.0
2023-03-21 04:24:12.678000+00:00,30.0,0.0,28.0,0.0,1.0,0.0,115.0,0.0,0.0,0.0
2023-03-21 04:24:17.678000+00:00,30.0,0.0,28.0,0.0,1.0,0.0,115.0,0.0,0.0,0.0
2023-03-21 04:24:22.678000+00:00,30.0,0.0,28.0,0.0,1.0,0.0,115.0,0.0,0.0,0.0
2023-03-21 04:24:27.678000+00:00,30.0,0.0,28.0,0.0,1.0,0.0,115.0,0.0,0.0,0.0
2023-03-21 04:24:32.678000+00:00,30.0,0.0,28.0,0.0,1.0,0.0,115.0,0.0,0.0,0.0
2023-03-21 04:24:37.678000+00:00,30.0,0.0,28.0,0.0,1.0,0.0,115.0,0.0,0.0,0.0
2023-03-21 04:24:42.678000+00:00,30.0,0.0,28.0,0.0,1.0,0.0,115.0,0.0,0.0,0.0
2023-03-21 04:24:47.678000+00:00,30.0,0.0,28.0,0.0,1.0,0.0,115.0,0.0,0.0,0.0
2023-03-21 04:24:52.678000+00:00,30.0,0.0,28.0,0.0,1.0,0.0,115.0,0.0,0.0,0.0
2023-03-21 04:24:57.678000+00:00,30.0,0.0,28.0,0.0,1.0,0.0,115.0,0.0,0.0,0.0
