timestamp,rt_cart_delete_redis_count,rt_cart_delete_redis_sum,rt_cart_get_redis_count,rt_cart_get_redis_sum,rt_cart_post_redis_count,rt_cart_post_redis_sum
2023-03-21 02:40:00.408000+00:00,8.0,,111.0,,82.0,
2023-03-21 02:40:05.408000+00:00,8.0,0.0,111.0,0.0,82.0,0.0
2023-03-21 02:40:10.408000+00:00,8.0,0.0,111.0,0.0,82.0,0.0
2023-03-21 02:40:15.408000+00:00,8.0,0.0,111.0,0.0,82.0,0.0
2023-03-21 02:40:20.408000+00:00,8.0,0.0,111.0,0.0,82.0,0.0
2023-03-21 02:40:25.408000+00:00,8.0,0.0,111.0,0.0,82.0,0.0
2023-03-21 02:40:30.408000+00:00,8.0,0.0,111.0,0.0,82.0,0.0
2023-03-21 02:40:35.408000+00:00,8.0,0.0,111.0,0.0,82.0,0.0
2023-03-21 02:40:40.408000+00:00,8.0,0.0,111.0,0.0,82.0,0.0
2023-03-21 02:40:45.408000+00:00,8.0,0.0,111.0,0.0,82.0,0.0
2023-03-21 02:40:50.408000+00:00,8.0,0.0,111.0,0.0,82.0,0.0
2023-03-21 02:40:55.408000+00:00,8.0,0.0,111.0,0.0,82.0,0.0
2023-03-21 02:41:00.408000+00:00,8.0,0.0,111.0,0.0,82.0,0.0
2023-03-21 02:41:05.408000+00:00,8.0,0.0,111.0,0.0,82.0,0.0
2023-03-21 02:41:10.408000+00:00,8.0,0.0,111.0,0.0,82.0,0.0
2023-03-21 02:41:15.408000+00:00,8.0,0.0,111.0,0.0,82.0,0.0
2023-03-21 02:41:20.408000+00:00,8.0,0.0,111.0,0.0,82.0,0.0
2023-03-21 02:41:25.408000+00:00,8.0,0.0,111.0,0.0,82.0,0.0
2023-03-21 02:41:30.408000+00:00,8.0,0.0,111.0,0.0,82.0,0.0
2023-03-21 02:41:35.408000+00:00,8.0,0.0,111.0,0.0,82.0,0.0
2023-03-21 02:41:40.408000+00:00,8.0,0.0,111.0,0.0,82.0,0.0
2023-03-21 02:41:45.408000+00:00,8.0,0.0,111.0,0.0,82.0,0.0
2023-03-21 02:41:50.408000+00:00,8.0,0.0,111.0,0.0,82.0,0.0
2023-03-21 02:41:55.408000+00:00,8.0,0.0,111.0,0.0,82.0,0.0
2023-03-21 02:42:00.408000+00:00,8.0,0.0,111.0,0.0,82.0,0.0
2023-03-21 02:42:05.408000+00:00,8.0,0.0,111.0,0.0,82.0,0.0
2023-03-21 02:42:10.408000+00:00,8.0,0.0,111.0,0.0,82.0,0.0
2023-03-21 02:42:15.408000+00:00,8.0,0.0,111.0,0.0,82.0,0.0
2023-03-21 02:42:20.408000+00:00,8.0,0.0,111.0,0.0,82.0,0.0
2023-03-21 02:42:25.408000+00:00,8.0,0.0,111.0,0.0,82.0,0.0
2023-03-21 02:42:30.408000+00:00,8.0,0.0,111.0,0.0,82.0,0.0
2023-03-21 02:42:35.408000+00:00,8.0,0.0,111.0,0.0,82.0,0.0
2023-03-21 02:42:40.408000+00:00,8.0,0.0,111.0,0.0,82.0,0.0
2023-03-21 02:42:45.408000+00:00,8.0,0.0,111.0,0.0,82.0,0.0
2023-03-21 02:42:50.408000+00:00,8.0,0.0,111.0,0.0,82.0,0.0
2023-03-21 02:42:55.408000+00:00,8.0,0.0,111.0,0.0,82.0,0.0
2023-03-21 02:43:00.408000+00:00,8.0,0.0,111.0,0.0,82.0,0.0
2023-03-21 02:43:05.408000+00:00,8.0,0.0,111.0,0.0,82.0,0.0
2023-03-21 02:43:10.408000+00:00,8.0,0.0,111.0,0.0,82.0,0.0
2023-03-21 02:43:15.408000+00:00,8.0,0.0,111.0,0.0,82.0,0.0
2023-03-21 02:43:20.408000+00:00,8.0,0.0,111.0,0.0,82.0,0.0
2023-03-21 02:43:25.408000+00:00,8.0,0.0,111.0,0.0,82.0,0.0
2023-03-21 02:43:30.408000+00:00,8.0,0.0,111.0,0.0,82.0,0.0
2023-03-21 02:43:35.408000+00:00,8.0,0.0,111.0,0.0,82.0,0.0
2023-03-21 02:43:40.408000+00:00,8.0,0.0,111.0,0.0,82.0,0.0
2023-03-21 02:43:45.408000+00:00,8.0,0.0,111.0,0.0,82.0,0.0
2023-03-21 02:43:50.408000+00:00,8.0,0.0,111.0,0.0,82.0,0.0
2023-03-21 02:43:55.408000+00:00,8.0,0.0,111.0,0.0,82.0,0.0
2023-03-21 02:44:00.408000+00:00,8.0,0.0,111.0,0.0,82.0,0.0
2023-03-21 02:44:05.408000+00:00,8.0,0.0,111.0,0.0,82.0,0.0
2023-03-21 02:44:10.408000+00:00,8.0,0.0,111.0,0.0,82.0,0.0
2023-03-21 02:44:15.408000+00:00,8.0,0.0,111.0,0.0,82.0,0.0
2023-03-21 02:44:20.408000+00:00,8.0,0.0,111.0,0.0,82.0,0.0
2023-03-21 02:44:25.408000+00:00,8.0,0.0,111.0,0.0,82.0,0.0
2023-03-21 02:44:30.408000+00:00,8.0,0.0,111.0,0.0,82.0,0.0
2023-03-21 02:44:35.408000+00:00,8.0,0.0,111.0,0.0,82.0,0.0
2023-03-21 02:44:40.408000+00:00,8.0,0.0,111.0,0.0,82.0,0.0
2023-03-21 02:44:45.408000+00:00,8.0,0.0,111.0,0.0,82.0,0.0
2023-03-21 02:44:50.408000+00:00,8.0,0.0,111.0,0.0,82.0,0.0
2023-03-21 02:44:55.408000+00:00,8.0,0.0,111.0,0.0,82.0,0.0
2023-03-21 02:45:00.408000+00:00,8.0,0.0,111.0,0.0,82.0,0.0
2023-03-21 02:45:05.408000+00:00,8.0,0.0,111.0,0.0,82.0,0.0
2023-03-21 02:45:10.408000+00:00,8.0,0.0,111.0,0.0,82.0,0.0
2023-03-21 02:45:15.408000+00:00,8.0,0.0,111.0,0.0,82.0,0.0
2023-03-21 02:45:20.408000+00:00,8.0,0.0,111.0,0.0,82.0,0.0
2023-03-21 02:45:25.408000+00:00,8.0,0.0,111.0,0.0,82.0,0.0
2023-03-21 02:45:30.408000+00:00,8.0,0.0,111.0,0.0,82.0,0.0
2023-03-21 02:45:35.408000+00:00,8.0,0.0,111.0,0.0,82.0,0.0
2023-03-21 02:45:40.408000+00:00,8.0,0.0,111.0,0.0,82.0,0.0
2023-03-21 02:45:45.408000+00:00,8.0,0.0,111.0,0.0,82.0,0.0
2023-03-21 02:45:50.408000+00:00,8.0,0.0,111.0,0.0,82.0,0.0
2023-03-21 02:45:55.408000+00:00,8.0,0.0,111.0,0.0,82.0,0.0
2023-03-21 02:46:00.408000+00:00,8.0,0.0,111.0,0.0,82.0,0.0
2023-03-21 02:46:05.408000+00:00,8.0,0.0,111.0,0.0,82.0,0.0
2023-03-21 02:46:10.408000+00:00,8.0,0.0,111.0,0.0,82.0,0.0
2023-03-21 02:46:15.408000+00:00,8.0,0.0,111.0,0.0,82.0,0.0
2023-03-21 02:46:20.408000+00:00,8.0,0.0,111.0,0.0,82.0,0.0
2023-03-21 02:46:25.408000+00:00,8.0,0.0,111.0,0.0,82.0,0.0
2023-03-21 02:46:30.408000+00:00,8.0,0.0,111.0,0.0,82.0,0.0
2023-03-21 02:46:35.408000+00:00,8.0,0.0,111.0,0.0,82.0,0.0
2023-03-21 02:46:40.408000+00:00,8.0,0.0,111.0,0.0,82.0,0.0
2023-03-21 02:46:45.408000+00:00,8.0,0.0,111.0,0.0,82.0,0.0
2023-03-21 02:46:50.408000+00:00,8.0,0.0,111.0,0.0,82.0,0.0
2023-03-21 02:46:55.408000+00:00,8.0,0.0,111.0,0.0,82.0,0.0
2023-03-21 02:47:00.408000+00:00,8.0,0.0,111.0,0.0,82.0,0.0
2023-03-21 02:47:05.408000+00:00,8.0,0.0,111.0,0.0,82.0,0.0
2023-03-21 02:47:10.408000+00:00,8.0,0.0,111.0,0.0,82.0,0.0
2023-03-21 02:47:15.408000+00:00,8.0,0.0,111.0,0.0,82.0,0.0
2023-03-21 02:47:20.408000+00:00,8.0,0.0,111.0,0.0,82.0,0.0
2023-03-21 02:47:25.408000+00:00,8.0,0.0,111.0,0.0,82.0,0.0
2023-03-21 02:47:30.408000+00:00,8.0,0.0,111.0,0.0,82.0,0.0
2023-03-21 02:47:35.408000+00:00,8.0,0.0,111.0,0.0,82.0,0.0
2023-03-21 02:47:40.408000+00:00,8.0,0.0,111.0,0.0,82.0,0.0
2023-03-21 02:47:45.408000+00:00,8.0,0.0,111.0,0.0,82.0,0.0
2023-03-21 02:47:50.408000+00:00,8.0,0.0,111.0,0.0,82.0,0.0
2023-03-21 02:47:55.408000+00:00,8.0,0.0,111.0,0.0,82.0,0.0
2023-03-21 02:48:00.408000+00:00,8.0,0.0,111.0,0.0,82.0,0.0
2023-03-21 02:48:05.408000+00:00,8.0,0.0,111.0,0.0,82.0,0.0
2023-03-21 02:48:10.408000+00:00,8.0,0.0,111.0,0.0,82.0,0.0
2023-03-21 02:48:15.408000+00:00,8.0,0.0,111.0,0.0,82.0,0.0
2023-03-21 02:48:20.408000+00:00,8.0,0.0,111.0,0.0,82.0,0.0
2023-03-21 02:48:25.408000+00:00,8.0,0.0,111.0,0.0,82.0,0.0
2023-03-21 02:48:30.411000+00:00,8.0,0.0,111.0,0.0,82.0,0.0
2023-03-21 02:48:35.408000+00:00,8.0,0.0,111.0,0.0,82.0,0.0
2023-03-21 02:48:40.408000+00:00,8.0,0.0,111.0,0.0,82.0,0.0
2023-03-21 02:48:45.408000+00:00,8.0,0.0,111.0,0.0,82.0,0.0
2023-03-21 02:48:50.408000+00:00,8.0,0.0,111.0,0.0,82.0,0.0
2023-03-21 02:48:55.408000+00:00,8.0,0.0,111.0,0.0,82.0,0.0
2023-03-21 02:49:00.408000+00:00,8.0,0.0,111.0,0.0,82.0,0.0
2023-03-21 02:49:05.408000+00:00,8.0,0.0,111.0,0.0,82.0,0.0
2023-03-21 02:49:10.408000+00:00,8.0,0.0,111.0,0.0,82.0,0.0
2023-03-21 02:49:15.408000+00:00,8.0,0.0,111.0,0.0,82.0,0.0
2023-03-21 02:49:20.408000+00:00,8.0,0.0,111.0,0.0,82.0,0.0
2023-03-21 02:49:25.408000+00:00,8.0,0.0,111.0,0.0,82.0,0.0
2023-03-21 02:49:30.408000+00:00,8.0,0.0,111.0,0.0,82.0,0.0
2023-03-21 02:49:35.408000+00:00,8.0,0.0,111.0,0.0,82.0,0.0
2023-03-21 02:49:40.408000+00:00,8.0,0.0,111.0,0.0,82.0,0.0
2023-03-21 02:49:45.408000+00:00,8.0,0.0,111.0,0.0,82.0,0.0
2023-03-21 02:49:50.408000+00:00,8.0,0.0,111.0,0.0,82.0,0.0
2023-03-21 02:49:55.408000+00:00,8.0,0.0,111.0,0.0,82.0,0.0
2023-03-21 02:50:00.408000+00:00,8.0,0.0,111.0,0.0,82.0,0.0
2023-03-21 02:50:05.408000+00:00,8.0,0.0,111.0,0.0,82.0,0.0
2023-03-21 02:50:10.408000+00:00,8.0,0.0,111.0,0.0,82.0,0.0
2023-03-21 02:50:15.408000+00:00,8.0,0.0,111.0,0.0,82.0,0.0
2023-03-21 02:50:20.408000+00:00,8.0,0.0,111.0,0.0,82.0,0.0
2023-03-21 02:50:25.408000+00:00,8.0,0.0,111.0,0.0,82.0,0.0
2023-03-21 02:50:30.408000+00:00,8.0,0.0,111.0,0.0,82.0,0.0
2023-03-21 02:50:35.408000+00:00,8.0,0.0,111.0,0.0,82.0,0.0
2023-03-21 02:50:40.408000+00:00,8.0,0.0,111.0,0.0,82.0,0.0
2023-03-21 02:50:45.408000+00:00,8.0,0.0,111.0,0.0,82.0,0.0
2023-03-21 02:50:50.408000+00:00,8.0,0.0,111.0,0.0,82.0,0.0
2023-03-21 02:50:55.408000+00:00,8.0,0.0,111.0,0.0,82.0,0.0
2023-03-21 02:51:00.408000+00:00,8.0,0.0,111.0,0.0,82.0,0.0
2023-03-21 02:51:05.408000+00:00,8.0,0.0,111.0,0.0,82.0,0.0
2023-03-21 02:51:10.408000+00:00,8.0,0.0,111.0,0.0,82.0,0.0
2023-03-21 02:51:15.408000+00:00,8.0,0.0,111.0,0.0,82.0,0.0
2023-03-21 02:51:20.408000+00:00,8.0,0.0,111.0,0.0,82.0,0.0
2023-03-21 02:51:25.408000+00:00,8.0,0.0,111.0,0.0,82.0,0.0
2023-03-21 02:51:30.408000+00:00,8.0,0.0,111.0,0.0,82.0,0.0
2023-03-21 02:51:35.408000+00:00,8.0,0.0,111.0,0.0,82.0,0.0
2023-03-21 02:51:40.408000+00:00,8.0,0.0,111.0,0.0,82.0,0.0
2023-03-21 02:51:45.408000+00:00,8.0,0.0,111.0,0.0,82.0,0.0
2023-03-21 02:51:50.408000+00:00,8.0,0.0,111.0,0.0,82.0,0.0
2023-03-21 02:51:55.408000+00:00,8.0,0.0,111.0,0.0,82.0,0.0
2023-03-21 02:52:00.408000+00:00,8.0,0.0,111.0,0.0,82.0,0.0
2023-03-21 02:52:05.408000+00:00,8.0,0.0,111.0,0.0,82.0,0.0
2023-03-21 02:52:10.408000+00:00,8.0,0.0,111.0,0.0,82.0,0.0
2023-03-21 02:52:15.408000+00:00,8.0,0.0,111.0,0.0,82.0,0.0
2023-03-21 02:52:20.408000+00:00,8.0,0.0,111.0,0.0,82.0,0.0
2023-03-21 02:52:25.408000+00:00,8.0,0.0,111.0,0.0,82.0,0.0
2023-03-21 02:52:30.408000+00:00,8.0,0.0,111.0,0.0,82.0,0.0
2023-03-21 02:52:35.408000+00:00,8.0,0.0,111.0,0.0,82.0,0.0
2023-03-21 02:52:40.408000+00:00,8.0,0.0,111.0,0.0,82.0,0.0
2023-03-21 02:52:45.408000+00:00,8.0,0.0,111.0,0.0,82.0,0.0
2023-03-21 02:52:50.408000+00:00,8.0,0.0,111.0,0.0,82.0,0.0
2023-03-21 02:52:55.408000+00:00,8.0,0.0,111.0,0.0,82.0,0.0
2023-03-21 02:53:00.408000+00:00,8.0,0.0,111.0,0.0,82.0,0.0
2023-03-21 02:53:05.408000+00:00,8.0,0.0,111.0,0.0,82.0,0.0
2023-03-21 02:53:10.408000+00:00,8.0,0.0,111.0,0.0,82.0,0.0
2023-03-21 02:53:15.408000+00:00,8.0,0.0,111.0,0.0,82.0,0.0
2023-03-21 02:53:20.408000+00:00,8.0,0.0,111.0,0.0,82.0,0.0
2023-03-21 02:53:25.408000+00:00,8.0,0.0,111.0,0.0,82.0,0.0
2023-03-21 02:53:30.408000+00:00,8.0,0.0,111.0,0.0,82.0,0.0
2023-03-21 02:53:35.408000+00:00,8.0,0.0,111.0,0.0,82.0,0.0
2023-03-21 02:53:40.408000+00:00,8.0,0.0,111.0,0.0,82.0,0.0
2023-03-21 02:53:45.408000+00:00,8.0,0.0,111.0,0.0,82.0,0.0
2023-03-21 02:53:50.408000+00:00,8.0,0.0,111.0,0.0,82.0,0.0
2023-03-21 02:53:55.408000+00:00,8.0,0.0,111.0,0.0,82.0,0.0
2023-03-21 02:54:00.408000+00:00,8.0,0.0,111.0,0.0,82.0,0.0
2023-03-21 02:54:05.408000+00:00,8.0,0.0,111.0,0.0,82.0,0.0
2023-03-21 02:54:10.408000+00:00,8.0,0.0,111.0,0.0,82.0,0.0
2023-03-21 02:54:15.408000+00:00,8.0,0.0,111.0,0.0,82.0,0.0
2023-03-21 02:54:20.408000+00:00,8.0,0.0,111.0,0.0,82.0,0.0
2023-03-21 02:54:25.408000+00:00,8.0,0.0,111.0,0.0,82.0,0.0
2023-03-21 02:54:30.408000+00:00,8.0,0.0,111.0,0.0,82.0,0.0
2023-03-21 02:54:35.408000+00:00,8.0,0.0,111.0,0.0,82.0,0.0
2023-03-21 02:54:40.408000+00:00,8.0,0.0,111.0,0.0,82.0,0.0
2023-03-21 02:54:45.408000+00:00,8.0,0.0,111.0,0.0,82.0,0.0
2023-03-21 02:54:50.408000+00:00,8.0,0.0,111.0,0.0,82.0,0.0
2023-03-21 02:54:55.408000+00:00,8.0,0.0,111.0,0.0,82.0,0.0
2023-03-21 02:55:00.408000+00:00,8.0,0.0,111.0,0.0,82.0,0.0
2023-03-21 02:55:05.408000+00:00,8.0,0.0,111.0,0.0,82.0,0.0
2023-03-21 02:55:10.408000+00:00,8.0,0.0,111.0,0.0,82.0,0.0
2023-03-21 02:55:15.408000+00:00,8.0,0.0,111.0,0.0,82.0,0.0
2023-03-21 02:55:20.408000+00:00,8.0,0.0,111.0,0.0,82.0,0.0
2023-03-21 02:55:25.408000+00:00,8.0,0.0,111.0,0.0,82.0,0.0
2023-03-21 02:55:30.408000+00:00,8.0,0.0,111.0,0.0,82.0,0.0
2023-03-21 02:55:35.408000+00:00,8.0,0.0,111.0,0.0,82.0,0.0
2023-03-21 02:55:40.408000+00:00,8.0,0.0,111.0,0.0,82.0,0.0
2023-03-21 02:55:45.408000+00:00,8.0,0.0,111.0,0.0,82.0,0.0
2023-03-21 02:55:50.408000+00:00,8.0,0.0,111.0,0.0,82.0,0.0
2023-03-21 02:55:55.408000+00:00,8.0,0.0,111.0,0.0,82.0,0.0
2023-03-21 02:56:00.408000+00:00,8.0,0.0,111.0,0.0,82.0,0.0
2023-03-21 02:56:05.408000+00:00,8.0,0.0,111.0,0.0,82.0,0.0
2023-03-21 02:56:10.408000+00:00,8.0,0.0,111.0,0.0,82.0,0.0
2023-03-21 02:56:15.408000+00:00,8.0,0.0,111.0,0.0,82.0,0.0
2023-03-21 02:56:20.408000+00:00,8.0,0.0,111.0,0.0,82.0,0.0
2023-03-21 02:56:25.408000+00:00,8.0,0.0,111.0,0.0,82.0,0.0
2023-03-21 02:56:30.408000+00:00,8.0,0.0,111.0,0.0,82.0,0.0
2023-03-21 02:56:35.408000+00:00,8.0,0.0,111.0,0.0,82.0,0.0
2023-03-21 02:56:40.408000+00:00,8.0,0.0,111.0,0.0,82.0,0.0
2023-03-21 02:56:45.408000+00:00,8.0,0.0,111.0,0.0,82.0,0.0
2023-03-21 02:56:50.408000+00:00,8.0,0.0,111.0,0.0,82.0,0.0
2023-03-21 02:56:55.408000+00:00,8.0,0.0,111.0,0.0,82.0,0.0
2023-03-21 02:57:00.408000+00:00,8.0,0.0,111.0,0.0,82.0,0.0
2023-03-21 02:57:05.408000+00:00,8.0,0.0,111.0,0.0,82.0,0.0
2023-03-21 02:57:10.408000+00:00,8.0,0.0,111.0,0.0,82.0,0.0
2023-03-21 02:57:15.408000+00:00,8.0,0.0,111.0,0.0,82.0,0.0
2023-03-21 02:57:20.408000+00:00,8.0,0.0,111.0,0.0,82.0,0.0
2023-03-21 02:57:25.408000+00:00,8.0,0.0,111.0,0.0,82.0,0.0
2023-03-21 02:57:30.408000+00:00,8.0,0.0,111.0,0.0,82.0,0.0
2023-03-21 02:57:35.408000+00:00,8.0,0.0,111.0,0.0,82.0,0.0
2023-03-21 02:57:40.408000+00:00,8.0,0.0,111.0,0.0,82.0,0.0
2023-03-21 02:57:45.408000+00:00,8.0,0.0,111.0,0.0,82.0,0.0
2023-03-21 02:57:50.408000+00:00,8.0,0.0,111.0,0.0,82.0,0.0
2023-03-21 02:57:55.408000+00:00,8.0,0.0,111.0,0.0,82.0,0.0
2023-03-21 02:58:00.408000+00:00,8.0,0.0,111.0,0.0,82.0,0.0
2023-03-21 02:58:05.408000+00:00,8.0,0.0,111.0,0.0,82.0,0.0
2023-03-21 02:58:10.408000+00:00,8.0,0.0,111.0,0.0,82.0,0.0
2023-03-21 02:58:15.408000+00:00,8.0,0.0,111.0,0.0,82.0,0.0
2023-03-21 02:58:20.408000+00:00,8.0,0.0,111.0,0.0,82.0,0.0
2023-03-21 02:58:25.408000+00:00,8.0,0.0,111.0,0.0,82.0,0.0
2023-03-21 02:58:30.408000+00:00,8.0,0.0,111.0,0.0,82.0,0.0
2023-03-21 02:58:35.408000+00:00,8.0,0.0,111.0,0.0,82.0,0.0
2023-03-21 02:58:40.408000+00:00,8.0,0.0,111.0,0.0,82.0,0.0
2023-03-21 02:58:45.408000+00:00,8.0,0.0,111.0,0.0,82.0,0.0
2023-03-21 02:58:50.408000+00:00,8.0,0.0,111.0,0.0,82.0,0.0
2023-03-21 02:58:55.408000+00:00,8.0,0.0,111.0,0.0,82.0,0.0
2023-03-21 02:59:00.408000+00:00,8.0,0.0,111.0,0.0,82.0,0.0
2023-03-21 02:59:05.408000+00:00,8.0,0.0,111.0,0.0,82.0,0.0
2023-03-21 02:59:10.408000+00:00,8.0,0.0,111.0,0.0,82.0,0.0
2023-03-21 02:59:15.408000+00:00,8.0,0.0,111.0,0.0,82.0,0.0
2023-03-21 02:59:20.408000+00:00,8.0,0.0,111.0,0.0,82.0,0.0
2023-03-21 02:59:25.408000+00:00,8.0,0.0,111.0,0.0,82.0,0.0
2023-03-21 02:59:30.408000+00:00,8.0,0.0,111.0,0.0,82.0,0.0
2023-03-21 02:59:35.408000+00:00,8.0,0.0,111.0,0.0,82.0,0.0
2023-03-21 02:59:40.408000+00:00,8.0,0.0,111.0,0.0,82.0,0.0
2023-03-21 02:59:45.408000+00:00,8.0,0.0,111.0,0.0,82.0,0.0
2023-03-21 02:59:50.408000+00:00,8.0,0.0,111.0,0.0,82.0,0.0
2023-03-21 02:59:55.408000+00:00,8.0,0.0,111.0,0.0,82.0,0.0
2023-03-21 03:00:00.408000+00:00,8.0,0.0,111.0,0.0,82.0,0.0
2023-03-21 03:00:05.408000+00:00,8.0,0.0,111.0,0.0,82.0,0.0
2023-03-21 03:00:10.408000+00:00,8.0,0.0,111.0,0.0,82.0,0.0
2023-03-21 03:00:15.408000+00:00,8.0,0.0,111.0,0.0,82.0,0.0
2023-03-21 03:00:20.408000+00:00,8.0,0.0,111.0,0.0,82.0,0.0
2023-03-21 03:00:25.408000+00:00,8.0,0.0,111.0,0.0,82.0,0.0
2023-03-21 03:00:30.408000+00:00,8.0,0.0,111.0,0.0,82.0,0.0
2023-03-21 03:00:35.408000+00:00,8.0,0.0,111.0,0.0,82.0,0.0
2023-03-21 03:00:40.408000+00:00,8.0,0.0,111.0,0.0,82.0,0.0
2023-03-21 03:00:45.408000+00:00,8.0,0.0,111.0,0.0,82.0,0.0
2023-03-21 03:00:50.408000+00:00,8.0,0.0,111.0,0.0,82.0,0.0
2023-03-21 03:00:55.408000+00:00,8.0,0.0,111.0,0.0,82.0,0.0
2023-03-21 03:01:00.408000+00:00,8.0,0.0,111.0,0.0,82.0,0.0
2023-03-21 03:01:05.408000+00:00,8.0,0.0,111.0,0.0,82.0,0.0
2023-03-21 03:01:10.408000+00:00,8.0,0.0,111.0,0.0,82.0,0.0
2023-03-21 03:01:15.408000+00:00,8.0,0.0,111.0,0.0,82.0,0.0
2023-03-21 03:01:20.408000+00:00,8.0,0.0,111.0,0.0,82.0,0.0
2023-03-21 03:01:25.408000+00:00,8.0,0.0,111.0,0.0,82.0,0.0
2023-03-21 03:01:30.408000+00:00,8.0,0.0,111.0,0.0,82.0,0.0
2023-03-21 03:01:35.408000+00:00,8.0,0.0,111.0,0.0,82.0,0.0
2023-03-21 03:01:40.408000+00:00,8.0,0.0,111.0,0.0,82.0,0.0
2023-03-21 03:01:45.408000+00:00,8.0,0.0,111.0,0.0,82.0,0.0
2023-03-21 03:01:50.408000+00:00,8.0,0.0,111.0,0.0,82.0,0.0
2023-03-21 03:01:55.408000+00:00,8.0,0.0,111.0,0.0,82.0,0.0
2023-03-21 03:02:00.408000+00:00,8.0,0.0,111.0,0.0,82.0,0.0
2023-03-21 03:02:05.408000+00:00,8.0,0.0,111.0,0.0,82.0,0.0
2023-03-21 03:02:10.408000+00:00,8.0,0.0,111.0,0.0,82.0,0.0
2023-03-21 03:02:15.408000+00:00,8.0,0.0,111.0,0.0,82.0,0.0
2023-03-21 03:02:20.408000+00:00,8.0,0.0,111.0,0.0,82.0,0.0
2023-03-21 03:02:25.408000+00:00,8.0,0.0,111.0,0.0,82.0,0.0
2023-03-21 03:02:30.408000+00:00,8.0,0.0,111.0,0.0,82.0,0.0
2023-03-21 03:02:35.408000+00:00,8.0,0.0,111.0,0.0,82.0,0.0
2023-03-21 03:02:40.408000+00:00,8.0,0.0,111.0,0.0,82.0,0.0
2023-03-21 03:02:45.408000+00:00,8.0,0.0,111.0,0.0,82.0,0.0
2023-03-21 03:02:50.408000+00:00,8.0,0.0,111.0,0.0,82.0,0.0
2023-03-21 03:02:55.408000+00:00,8.0,0.0,111.0,0.0,82.0,0.0
2023-03-21 03:03:00.408000+00:00,8.0,0.0,111.0,0.0,82.0,0.0
2023-03-21 03:03:05.408000+00:00,8.0,0.0,111.0,0.0,82.0,0.0
2023-03-21 03:03:10.408000+00:00,8.0,0.0,111.0,0.0,82.0,0.0
2023-03-21 03:03:15.408000+00:00,8.0,0.0,111.0,0.0,82.0,0.0
2023-03-21 03:03:20.408000+00:00,8.0,0.0,111.0,0.0,82.0,0.0
2023-03-21 03:03:25.408000+00:00,8.0,0.0,111.0,0.0,82.0,0.0
2023-03-21 03:03:30.408000+00:00,8.0,0.0,111.0,0.0,82.0,0.0
2023-03-21 03:03:35.408000+00:00,8.0,0.0,111.0,0.0,82.0,0.0
2023-03-21 03:03:40.408000+00:00,8.0,0.0,111.0,0.0,82.0,0.0
2023-03-21 03:03:45.408000+00:00,8.0,0.0,111.0,0.0,82.0,0.0
2023-03-21 03:03:50.408000+00:00,8.0,0.0,111.0,0.0,82.0,0.0
2023-03-21 03:03:55.408000+00:00,8.0,0.0,111.0,0.0,82.0,0.0
2023-03-21 03:04:00.408000+00:00,8.0,0.0,111.0,0.0,82.0,0.0
2023-03-21 03:04:05.408000+00:00,8.0,0.0,111.0,0.0,82.0,0.0
2023-03-21 03:04:10.408000+00:00,8.0,0.0,111.0,0.0,82.0,0.0
2023-03-21 03:04:15.408000+00:00,8.0,0.0,111.0,0.0,82.0,0.0
2023-03-21 03:04:20.408000+00:00,8.0,0.0,111.0,0.0,82.0,0.0
2023-03-21 03:04:25.408000+00:00,8.0,0.0,111.0,0.0,82.0,0.0
2023-03-21 03:04:30.408000+00:00,8.0,0.0,111.0,0.0,82.0,0.0
2023-03-21 03:04:35.408000+00:00,8.0,0.0,111.0,0.0,82.0,0.0
2023-03-21 03:04:40.408000+00:00,8.0,0.0,111.0,0.0,82.0,0.0
2023-03-21 03:04:45.408000+00:00,8.0,0.0,111.0,0.0,82.0,0.0
2023-03-21 03:04:50.408000+00:00,8.0,0.0,111.0,0.0,82.0,0.0
2023-03-21 03:04:55.408000+00:00,8.0,0.0,111.0,0.0,82.0,0.0
2023-03-21 03:05:00.408000+00:00,8.0,0.0,111.0,0.0,82.0,0.0
2023-03-21 03:05:05.408000+00:00,8.0,0.0,111.0,0.0,82.0,0.0
2023-03-21 03:05:10.408000+00:00,8.0,0.0,111.0,0.0,82.0,0.0
2023-03-21 03:05:15.408000+00:00,8.0,0.0,111.0,0.0,82.0,0.0
2023-03-21 03:05:20.408000+00:00,8.0,0.0,111.0,0.0,82.0,0.0
2023-03-21 03:05:25.408000+00:00,8.0,0.0,111.0,0.0,82.0,0.0
2023-03-21 03:05:30.408000+00:00,8.0,0.0,111.0,0.0,82.0,0.0
2023-03-21 03:05:35.408000+00:00,8.0,0.0,111.0,0.0,82.0,0.0
2023-03-21 03:05:40.408000+00:00,8.0,0.0,111.0,0.0,82.0,0.0
2023-03-21 03:05:45.408000+00:00,8.0,0.0,111.0,0.0,82.0,0.0
2023-03-21 03:05:50.408000+00:00,8.0,0.0,111.0,0.0,82.0,0.0
2023-03-21 03:05:55.408000+00:00,8.0,0.0,111.0,0.0,82.0,0.0
2023-03-21 03:06:00.408000+00:00,8.0,0.0,111.0,0.0,82.0,0.0
2023-03-21 03:06:05.408000+00:00,8.0,0.0,111.0,0.0,82.0,0.0
2023-03-21 03:06:10.408000+00:00,8.0,0.0,111.0,0.0,82.0,0.0
2023-03-21 03:06:15.408000+00:00,8.0,0.0,111.0,0.0,82.0,0.0
2023-03-21 03:06:20.408000+00:00,8.0,0.0,111.0,0.0,82.0,0.0
2023-03-21 03:06:25.408000+00:00,8.0,0.0,111.0,0.0,82.0,0.0
2023-03-21 03:06:30.408000+00:00,8.0,0.0,111.0,0.0,82.0,0.0
2023-03-21 03:06:35.408000+00:00,8.0,0.0,111.0,0.0,82.0,0.0
2023-03-21 03:06:40.408000+00:00,8.0,0.0,111.0,0.0,82.0,0.0
2023-03-21 03:06:45.408000+00:00,8.0,0.0,111.0,0.0,82.0,0.0
2023-03-21 03:06:50.408000+00:00,8.0,0.0,111.0,0.0,82.0,0.0
2023-03-21 03:06:55.408000+00:00,8.0,0.0,111.0,0.0,82.0,0.0
2023-03-21 03:07:00.408000+00:00,8.0,0.0,111.0,0.0,82.0,0.0
2023-03-21 03:07:05.408000+00:00,8.0,0.0,111.0,0.0,82.0,0.0
2023-03-21 03:07:10.408000+00:00,8.0,0.0,111.0,0.0,82.0,0.0
2023-03-21 03:07:15.408000+00:00,8.0,0.0,111.0,0.0,82.0,0.0
2023-03-21 03:07:20.408000+00:00,8.0,0.0,111.0,0.0,82.0,0.0
2023-03-21 03:07:25.408000+00:00,8.0,0.0,111.0,0.0,82.0,0.0
2023-03-21 03:07:30.408000+00:00,8.0,0.0,111.0,0.0,82.0,0.0
2023-03-21 03:07:35.408000+00:00,8.0,0.0,111.0,0.0,82.0,0.0
2023-03-21 03:07:40.408000+00:00,8.0,0.0,111.0,0.0,82.0,0.0
2023-03-21 03:07:45.408000+00:00,8.0,0.0,111.0,0.0,82.0,0.0
2023-03-21 03:07:50.408000+00:00,8.0,0.0,111.0,0.0,82.0,0.0
2023-03-21 03:07:55.408000+00:00,8.0,0.0,111.0,0.0,82.0,0.0
2023-03-21 03:08:00.408000+00:00,8.0,0.0,111.0,0.0,82.0,0.0
2023-03-21 03:08:05.408000+00:00,8.0,0.0,111.0,0.0,82.0,0.0
2023-03-21 03:08:10.408000+00:00,8.0,0.0,111.0,0.0,82.0,0.0
2023-03-21 03:08:15.408000+00:00,8.0,0.0,111.0,0.0,82.0,0.0
2023-03-21 03:08:20.408000+00:00,8.0,0.0,111.0,0.0,82.0,0.0
2023-03-21 03:08:25.408000+00:00,8.0,0.0,111.0,0.0,82.0,0.0
2023-03-21 03:08:30.408000+00:00,8.0,0.0,111.0,0.0,82.0,0.0
2023-03-21 03:08:35.408000+00:00,8.0,0.0,111.0,0.0,82.0,0.0
2023-03-21 03:08:40.408000+00:00,8.0,0.0,111.0,0.0,82.0,0.0
2023-03-21 03:08:45.408000+00:00,8.0,0.0,111.0,0.0,82.0,0.0
2023-03-21 03:08:50.408000+00:00,8.0,0.0,111.0,0.0,82.0,0.0
2023-03-21 03:08:55.408000+00:00,8.0,0.0,111.0,0.0,82.0,0.0
2023-03-21 03:09:00.408000+00:00,8.0,0.0,111.0,0.0,82.0,0.0
2023-03-21 03:09:05.408000+00:00,8.0,0.0,111.0,0.0,82.0,0.0
2023-03-21 03:09:10.408000+00:00,8.0,0.0,111.0,0.0,82.0,0.0
2023-03-21 03:09:15.408000+00:00,8.0,0.0,111.0,0.0,82.0,0.0
2023-03-21 03:09:20.408000+00:00,8.0,0.0,111.0,0.0,82.0,0.0
2023-03-21 03:09:25.408000+00:00,8.0,0.0,111.0,0.0,82.0,0.0
2023-03-21 03:09:30.408000+00:00,8.0,0.0,111.0,0.0,82.0,0.0
2023-03-21 03:09:35.408000+00:00,8.0,0.0,111.0,0.0,82.0,0.0
2023-03-21 03:09:40.408000+00:00,8.0,0.0,111.0,0.0,82.0,0.0
2023-03-21 03:09:45.408000+00:00,8.0,0.0,111.0,0.0,82.0,0.0
2023-03-21 03:09:50.408000+00:00,8.0,0.0,111.0,0.0,82.0,0.0
2023-03-21 03:09:55.408000+00:00,8.0,0.0,111.0,0.0,82.0,0.0
2023-03-21 03:10:00.408000+00:00,8.0,0.0,111.0,0.0,82.0,0.0
2023-03-21 03:10:05.408000+00:00,8.0,0.0,111.0,0.0,82.0,0.0
2023-03-21 03:10:10.408000+00:00,8.0,0.0,111.0,0.0,82.0,0.0
2023-03-21 03:10:15.408000+00:00,8.0,0.0,111.0,0.0,82.0,0.0
2023-03-21 03:10:20.408000+00:00,8.0,0.0,111.0,0.0,82.0,0.0
2023-03-21 03:10:25.408000+00:00,8.0,0.0,111.0,0.0,82.0,0.0
2023-03-21 03:10:30.408000+00:00,8.0,0.0,111.0,0.0,82.0,0.0
2023-03-21 03:10:35.408000+00:00,8.0,0.0,111.0,0.0,82.0,0.0
2023-03-21 03:10:40.408000+00:00,8.0,0.0,111.0,0.0,82.0,0.0
2023-03-21 03:10:45.408000+00:00,8.0,0.0,111.0,0.0,82.0,0.0
2023-03-21 03:10:50.408000+00:00,8.0,0.0,111.0,0.0,82.0,0.0
2023-03-21 03:10:55.408000+00:00,8.0,0.0,111.0,0.0,82.0,0.0
2023-03-21 03:11:00.408000+00:00,8.0,0.0,111.0,0.0,82.0,0.0
2023-03-21 03:11:05.408000+00:00,8.0,0.0,111.0,0.0,82.0,0.0
2023-03-21 03:11:10.408000+00:00,8.0,0.0,111.0,0.0,82.0,0.0
2023-03-21 03:11:15.408000+00:00,8.0,0.0,111.0,0.0,82.0,0.0
2023-03-21 03:11:20.408000+00:00,8.0,0.0,111.0,0.0,82.0,0.0
2023-03-21 03:11:25.408000+00:00,8.0,0.0,111.0,0.0,82.0,0.0
2023-03-21 03:11:30.408000+00:00,8.0,0.0,111.0,0.0,82.0,0.0
2023-03-21 03:11:35.408000+00:00,8.0,0.0,111.0,0.0,82.0,0.0
2023-03-21 03:11:40.408000+00:00,8.0,0.0,111.0,0.0,82.0,0.0
2023-03-21 03:11:45.408000+00:00,8.0,0.0,111.0,0.0,82.0,0.0
2023-03-21 03:11:50.408000+00:00,8.0,0.0,111.0,0.0,82.0,0.0
2023-03-21 03:11:55.408000+00:00,8.0,0.0,111.0,0.0,82.0,0.0
2023-03-21 03:12:00.408000+00:00,8.0,0.0,111.0,0.0,82.0,0.0
2023-03-21 03:12:05.408000+00:00,8.0,0.0,111.0,0.0,82.0,0.0
2023-03-21 03:12:10.408000+00:00,8.0,0.0,111.0,0.0,82.0,0.0
2023-03-21 03:12:15.408000+00:00,8.0,0.0,111.0,0.0,82.0,0.0
2023-03-21 03:12:20.408000+00:00,8.0,0.0,111.0,0.0,82.0,0.0
2023-03-21 03:12:25.408000+00:00,8.0,0.0,111.0,0.0,82.0,0.0
2023-03-21 03:12:30.408000+00:00,8.0,0.0,111.0,0.0,82.0,0.0
2023-03-21 03:12:35.408000+00:00,8.0,0.0,111.0,0.0,82.0,0.0
2023-03-21 03:12:40.408000+00:00,8.0,0.0,111.0,0.0,82.0,0.0
2023-03-21 03:12:45.408000+00:00,8.0,0.0,111.0,0.0,82.0,0.0
2023-03-21 03:12:50.408000+00:00,8.0,0.0,111.0,0.0,82.0,0.0
2023-03-21 03:12:55.408000+00:00,8.0,0.0,111.0,0.0,82.0,0.0
2023-03-21 03:13:00.408000+00:00,8.0,0.0,111.0,0.0,82.0,0.0
2023-03-21 03:13:05.408000+00:00,8.0,0.0,111.0,0.0,82.0,0.0
2023-03-21 03:13:10.408000+00:00,8.0,0.0,111.0,0.0,82.0,0.0
2023-03-21 03:13:15.408000+00:00,8.0,0.0,111.0,0.0,82.0,0.0
2023-03-21 03:13:20.408000+00:00,8.0,0.0,111.0,0.0,82.0,0.0
2023-03-21 03:13:25.408000+00:00,8.0,0.0,111.0,0.0,82.0,0.0
2023-03-21 03:13:30.408000+00:00,8.0,0.0,111.0,0.0,82.0,0.0
2023-03-21 03:13:35.408000+00:00,8.0,0.0,111.0,0.0,82.0,0.0
2023-03-21 03:13:40.408000+00:00,8.0,0.0,111.0,0.0,82.0,0.0
2023-03-21 03:13:45.408000+00:00,8.0,0.0,111.0,0.0,82.0,0.0
2023-03-21 03:13:50.408000+00:00,8.0,0.0,111.0,0.0,82.0,0.0
2023-03-21 03:13:55.408000+00:00,8.0,0.0,111.0,0.0,82.0,0.0
2023-03-21 03:14:00.408000+00:00,8.0,0.0,111.0,0.0,82.0,0.0
2023-03-21 03:14:05.408000+00:00,8.0,0.0,111.0,0.0,82.0,0.0
2023-03-21 03:14:10.408000+00:00,8.0,0.0,111.0,0.0,82.0,0.0
2023-03-21 03:14:15.408000+00:00,8.0,0.0,111.0,0.0,82.0,0.0
2023-03-21 03:14:20.408000+00:00,8.0,0.0,111.0,0.0,82.0,0.0
2023-03-21 03:14:25.411000+00:00,8.0,0.0,111.0,0.0,82.0,0.0
2023-03-21 03:14:30.408000+00:00,8.0,0.0,111.0,0.0,82.0,0.0
2023-03-21 03:14:35.408000+00:00,8.0,0.0,111.0,0.0,82.0,0.0
2023-03-21 03:14:40.408000+00:00,8.0,0.0,111.0,0.0,82.0,0.0
2023-03-21 03:14:45.408000+00:00,8.0,0.0,111.0,0.0,82.0,0.0
2023-03-21 03:14:50.408000+00:00,8.0,0.0,111.0,0.0,82.0,0.0
2023-03-21 03:14:55.408000+00:00,8.0,0.0,111.0,0.0,82.0,0.0
2023-03-21 03:15:00.408000+00:00,8.0,0.0,111.0,0.0,82.0,0.0
2023-03-21 03:15:05.408000+00:00,8.0,0.0,111.0,0.0,82.0,0.0
2023-03-21 03:15:10.408000+00:00,8.0,0.0,111.0,0.0,82.0,0.0
2023-03-21 03:15:15.408000+00:00,8.0,0.0,111.0,0.0,82.0,0.0
2023-03-21 03:15:20.408000+00:00,8.0,0.0,111.0,0.0,82.0,0.0
2023-03-21 03:15:25.408000+00:00,8.0,0.0,111.0,0.0,82.0,0.0
2023-03-21 03:15:30.408000+00:00,8.0,0.0,111.0,0.0,82.0,0.0
2023-03-21 03:15:35.408000+00:00,8.0,0.0,111.0,0.0,82.0,0.0
2023-03-21 03:15:40.408000+00:00,8.0,0.0,111.0,0.0,82.0,0.0
2023-03-21 03:15:45.411000+00:00,8.0,0.0,111.0,0.0,82.0,0.0
2023-03-21 03:15:50.408000+00:00,8.0,0.0,111.0,0.0,82.0,0.0
2023-03-21 03:15:55.408000+00:00,8.0,0.0,111.0,0.0,82.0,0.0
2023-03-21 03:16:00.408000+00:00,8.0,0.0,111.0,0.0,82.0,0.0
2023-03-21 03:16:05.408000+00:00,8.0,0.0,111.0,0.0,82.0,0.0
2023-03-21 03:16:10.408000+00:00,8.0,0.0,111.0,0.0,82.0,0.0
2023-03-21 03:16:15.408000+00:00,8.0,0.0,111.0,0.0,82.0,0.0
2023-03-21 03:16:20.408000+00:00,8.0,0.0,111.0,0.0,82.0,0.0
2023-03-21 03:16:25.408000+00:00,8.0,0.0,111.0,0.0,82.0,0.0
2023-03-21 03:16:30.408000+00:00,8.0,0.0,111.0,0.0,82.0,0.0
2023-03-21 03:16:35.408000+00:00,8.0,0.0,111.0,0.0,82.0,0.0
2023-03-21 03:16:40.408000+00:00,8.0,0.0,111.0,0.0,82.0,0.0
2023-03-21 03:16:45.408000+00:00,8.0,0.0,111.0,0.0,82.0,0.0
2023-03-21 03:16:50.408000+00:00,8.0,0.0,111.0,0.0,82.0,0.0
2023-03-21 03:16:55.408000+00:00,8.0,0.0,111.0,0.0,82.0,0.0
2023-03-21 03:17:00.408000+00:00,8.0,0.0,111.0,0.0,82.0,0.0
2023-03-21 03:17:05.408000+00:00,8.0,0.0,111.0,0.0,82.0,0.0
2023-03-21 03:17:10.408000+00:00,8.0,0.0,111.0,0.0,82.0,0.0
2023-03-21 03:17:15.408000+00:00,8.0,0.0,111.0,0.0,82.0,0.0
2023-03-21 03:17:20.408000+00:00,8.0,0.0,111.0,0.0,82.0,0.0
2023-03-21 03:17:25.408000+00:00,8.0,0.0,111.0,0.0,82.0,0.0
2023-03-21 03:17:30.408000+00:00,8.0,0.0,111.0,0.0,82.0,0.0
2023-03-21 03:17:35.408000+00:00,8.0,0.0,111.0,0.0,82.0,0.0
2023-03-21 03:17:40.408000+00:00,8.0,0.0,111.0,0.0,82.0,0.0
2023-03-21 03:17:45.408000+00:00,8.0,0.0,111.0,0.0,82.0,0.0
2023-03-21 03:17:50.408000+00:00,8.0,0.0,111.0,0.0,82.0,0.0
2023-03-21 03:17:55.408000+00:00,8.0,0.0,111.0,0.0,82.0,0.0
2023-03-21 03:18:00.408000+00:00,8.0,0.0,111.0,0.0,82.0,0.0
2023-03-21 03:18:05.408000+00:00,8.0,0.0,111.0,0.0,82.0,0.0
2023-03-21 03:18:10.408000+00:00,8.0,0.0,111.0,0.0,82.0,0.0
2023-03-21 03:18:15.408000+00:00,8.0,0.0,111.0,0.0,82.0,0.0
2023-03-21 03:18:20.408000+00:00,8.0,0.0,111.0,0.0,82.0,0.0
2023-03-21 03:18:25.408000+00:00,8.0,0.0,111.0,0.0,82.0,0.0
2023-03-21 03:18:30.408000+00:00,8.0,0.0,111.0,0.0,82.0,0.0
2023-03-21 03:18:35.408000+00:00,8.0,0.0,111.0,0.0,82.0,0.0
2023-03-21 03:18:40.408000+00:00,8.0,0.0,111.0,0.0,82.0,0.0
2023-03-21 03:18:45.408000+00:00,8.0,0.0,111.0,0.0,82.0,0.0
2023-03-21 03:18:50.408000+00:00,8.0,0.0,111.0,0.0,82.0,0.0
2023-03-21 03:18:55.408000+00:00,8.0,0.0,111.0,0.0,82.0,0.0
2023-03-21 03:19:00.408000+00:00,8.0,0.0,111.0,0.0,82.0,0.0
2023-03-21 03:19:05.408000+00:00,8.0,0.0,111.0,0.0,82.0,0.0
2023-03-21 03:19:10.408000+00:00,8.0,0.0,111.0,0.0,82.0,0.0
2023-03-21 03:19:15.408000+00:00,8.0,0.0,111.0,0.0,82.0,0.0
2023-03-21 03:19:20.408000+00:00,8.0,0.0,111.0,0.0,82.0,0.0
2023-03-21 03:19:25.408000+00:00,8.0,0.0,111.0,0.0,82.0,0.0
2023-03-21 03:19:30.408000+00:00,8.0,0.0,111.0,0.0,82.0,0.0
2023-03-21 03:19:35.408000+00:00,8.0,0.0,111.0,0.0,82.0,0.0
2023-03-21 03:19:40.408000+00:00,8.0,0.0,111.0,0.0,82.0,0.0
2023-03-21 03:19:45.408000+00:00,8.0,0.0,111.0,0.0,82.0,0.0
2023-03-21 03:19:50.408000+00:00,8.0,0.0,111.0,0.0,82.0,0.0
2023-03-21 03:19:55.408000+00:00,8.0,0.0,111.0,0.0,82.0,0.0
2023-03-21 03:20:00.408000+00:00,8.0,0.0,111.0,0.0,82.0,0.0
2023-03-21 03:20:05.408000+00:00,8.0,0.0,111.0,0.0,82.0,0.0
2023-03-21 03:20:10.408000+00:00,8.0,0.0,111.0,0.0,82.0,0.0
2023-03-21 03:20:15.408000+00:00,8.0,0.0,111.0,0.0,82.0,0.0
2023-03-21 03:20:20.408000+00:00,8.0,0.0,111.0,0.0,82.0,0.0
2023-03-21 03:20:25.408000+00:00,8.0,0.0,111.0,0.0,82.0,0.0
2023-03-21 03:20:30.408000+00:00,8.0,0.0,111.0,0.0,82.0,0.0
2023-03-21 03:20:35.408000+00:00,8.0,0.0,111.0,0.0,82.0,0.0
2023-03-21 03:20:40.408000+00:00,8.0,0.0,111.0,0.0,82.0,0.0
2023-03-21 03:20:45.408000+00:00,8.0,0.0,111.0,0.0,82.0,0.0
2023-03-21 03:20:50.408000+00:00,8.0,0.0,111.0,0.0,82.0,0.0
2023-03-21 03:20:55.408000+00:00,8.0,0.0,111.0,0.0,82.0,0.0
2023-03-21 03:21:00.408000+00:00,8.0,0.0,111.0,0.0,82.0,0.0
2023-03-21 03:21:05.408000+00:00,8.0,0.0,111.0,0.0,82.0,0.0
2023-03-21 03:21:10.408000+00:00,8.0,0.0,111.0,0.0,82.0,0.0
2023-03-21 03:21:15.408000+00:00,8.0,0.0,111.0,0.0,82.0,0.0
2023-03-21 03:21:20.408000+00:00,8.0,0.0,111.0,0.0,82.0,0.0
2023-03-21 03:21:25.408000+00:00,8.0,0.0,111.0,0.0,82.0,0.0
2023-03-21 03:21:30.408000+00:00,8.0,0.0,111.0,0.0,82.0,0.0
2023-03-21 03:21:35.408000+00:00,8.0,0.0,111.0,0.0,82.0,0.0
2023-03-21 03:21:40.408000+00:00,8.0,0.0,111.0,0.0,82.0,0.0
2023-03-21 03:21:45.408000+00:00,8.0,0.0,111.0,0.0,82.0,0.0
2023-03-21 03:21:50.408000+00:00,8.0,0.0,111.0,0.0,82.0,0.0
2023-03-21 03:21:55.408000+00:00,8.0,0.0,111.0,0.0,82.0,0.0
2023-03-21 03:22:00.408000+00:00,8.0,0.0,111.0,0.0,82.0,0.0
2023-03-21 03:22:05.408000+00:00,8.0,0.0,111.0,0.0,82.0,0.0
2023-03-21 03:22:10.408000+00:00,8.0,0.0,111.0,0.0,82.0,0.0
2023-03-21 03:22:15.408000+00:00,8.0,0.0,111.0,0.0,82.0,0.0
2023-03-21 03:22:20.408000+00:00,8.0,0.0,111.0,0.0,82.0,0.0
2023-03-21 03:22:25.408000+00:00,8.0,0.0,111.0,0.0,82.0,0.0
2023-03-21 03:22:30.408000+00:00,8.0,0.0,111.0,0.0,82.0,0.0
2023-03-21 03:22:35.408000+00:00,8.0,0.0,111.0,0.0,82.0,0.0
2023-03-21 03:22:40.408000+00:00,8.0,0.0,111.0,0.0,82.0,0.0
2023-03-21 03:22:45.408000+00:00,8.0,0.0,111.0,0.0,82.0,0.0
2023-03-21 03:22:50.408000+00:00,8.0,0.0,111.0,0.0,82.0,0.0
2023-03-21 03:22:55.408000+00:00,8.0,0.0,111.0,0.0,82.0,0.0
2023-03-21 03:23:00.408000+00:00,8.0,0.0,111.0,0.0,82.0,0.0
2023-03-21 03:23:05.408000+00:00,8.0,0.0,111.0,0.0,82.0,0.0
2023-03-21 03:23:10.408000+00:00,8.0,0.0,111.0,0.0,82.0,0.0
2023-03-21 03:23:15.408000+00:00,8.0,0.0,111.0,0.0,82.0,0.0
2023-03-21 03:23:20.408000+00:00,8.0,0.0,111.0,0.0,82.0,0.0
2023-03-21 03:23:25.408000+00:00,8.0,0.0,111.0,0.0,82.0,0.0
2023-03-21 03:23:30.408000+00:00,8.0,0.0,111.0,0.0,82.0,0.0
2023-03-21 03:23:35.408000+00:00,8.0,0.0,111.0,0.0,82.0,0.0
2023-03-21 03:23:40.408000+00:00,8.0,0.0,111.0,0.0,82.0,0.0
2023-03-21 03:23:45.408000+00:00,8.0,0.0,111.0,0.0,82.0,0.0
2023-03-21 03:23:50.408000+00:00,8.0,0.0,111.0,0.0,82.0,0.0
2023-03-21 03:23:55.408000+00:00,8.0,0.0,111.0,0.0,82.0,0.0
2023-03-21 03:24:00.408000+00:00,8.0,0.0,111.0,0.0,82.0,0.0
2023-03-21 03:24:05.408000+00:00,8.0,0.0,111.0,0.0,82.0,0.0
2023-03-21 03:24:10.408000+00:00,8.0,0.0,111.0,0.0,82.0,0.0
2023-03-21 03:24:15.408000+00:00,8.0,0.0,111.0,0.0,82.0,0.0
2023-03-21 03:24:20.408000+00:00,8.0,0.0,111.0,0.0,82.0,0.0
2023-03-21 03:24:25.408000+00:00,8.0,0.0,111.0,0.0,82.0,0.0
2023-03-21 03:24:30.408000+00:00,8.0,0.0,111.0,0.0,82.0,0.0
2023-03-21 03:24:35.408000+00:00,8.0,0.0,111.0,0.0,82.0,0.0
2023-03-21 03:24:40.408000+00:00,8.0,0.0,111.0,0.0,82.0,0.0
2023-03-21 03:24:45.408000+00:00,8.0,0.0,111.0,0.0,82.0,0.0
2023-03-21 03:24:50.408000+00:00,8.0,0.0,111.0,0.0,82.0,0.0
2023-03-21 03:24:55.408000+00:00,8.0,0.0,111.0,0.0,82.0,0.0
2023-03-21 03:25:00.408000+00:00,8.0,0.0,111.0,0.0,82.0,0.0
2023-03-21 03:25:05.408000+00:00,8.0,0.0,111.0,0.0,82.0,0.0
2023-03-21 03:25:10.408000+00:00,8.0,0.0,111.0,0.0,82.0,0.0
2023-03-21 03:25:15.408000+00:00,8.0,0.0,111.0,0.0,82.0,0.0
2023-03-21 03:25:20.408000+00:00,8.0,0.0,111.0,0.0,82.0,0.0
2023-03-21 03:25:25.408000+00:00,8.0,0.0,111.0,0.0,82.0,0.0
2023-03-21 03:25:30.408000+00:00,8.0,0.0,111.0,0.0,82.0,0.0
2023-03-21 03:25:35.408000+00:00,8.0,0.0,111.0,0.0,82.0,0.0
2023-03-21 03:25:40.408000+00:00,8.0,0.0,111.0,0.0,82.0,0.0
2023-03-21 03:25:45.408000+00:00,8.0,0.0,111.0,0.0,82.0,0.0
2023-03-21 03:25:50.408000+00:00,8.0,0.0,111.0,0.0,82.0,0.0
2023-03-21 03:25:55.408000+00:00,8.0,0.0,111.0,0.0,82.0,0.0
2023-03-21 03:26:00.408000+00:00,8.0,0.0,111.0,0.0,82.0,0.0
2023-03-21 03:26:05.408000+00:00,8.0,0.0,111.0,0.0,82.0,0.0
2023-03-21 03:26:10.408000+00:00,8.0,0.0,111.0,0.0,82.0,0.0
2023-03-21 03:26:15.408000+00:00,8.0,0.0,111.0,0.0,82.0,0.0
2023-03-21 03:26:20.408000+00:00,8.0,0.0,111.0,0.0,82.0,0.0
2023-03-21 03:26:25.408000+00:00,8.0,0.0,111.0,0.0,82.0,0.0
2023-03-21 03:26:30.408000+00:00,8.0,0.0,111.0,0.0,82.0,0.0
2023-03-21 03:26:35.408000+00:00,8.0,0.0,111.0,0.0,82.0,0.0
2023-03-21 03:26:40.408000+00:00,8.0,0.0,111.0,0.0,82.0,0.0
2023-03-21 03:26:45.408000+00:00,8.0,0.0,111.0,0.0,82.0,0.0
2023-03-21 03:26:50.408000+00:00,8.0,0.0,111.0,0.0,82.0,0.0
2023-03-21 03:26:55.408000+00:00,8.0,0.0,111.0,0.0,82.0,0.0
2023-03-21 03:27:00.408000+00:00,8.0,0.0,111.0,0.0,82.0,0.0
2023-03-21 03:27:05.408000+00:00,8.0,0.0,111.0,0.0,82.0,0.0
2023-03-21 03:27:10.408000+00:00,8.0,0.0,111.0,0.0,82.0,0.0
2023-03-21 03:27:15.408000+00:00,8.0,0.0,111.0,0.0,82.0,0.0
2023-03-21 03:27:20.408000+00:00,8.0,0.0,111.0,0.0,82.0,0.0
2023-03-21 03:27:25.408000+00:00,8.0,0.0,111.0,0.0,82.0,0.0
2023-03-21 03:27:30.408000+00:00,8.0,0.0,111.0,0.0,82.0,0.0
2023-03-21 03:27:35.408000+00:00,8.0,0.0,111.0,0.0,82.0,0.0
2023-03-21 03:27:40.408000+00:00,8.0,0.0,111.0,0.0,82.0,0.0
2023-03-21 03:27:45.408000+00:00,8.0,0.0,111.0,0.0,82.0,0.0
2023-03-21 03:27:50.408000+00:00,8.0,0.0,111.0,0.0,82.0,0.0
2023-03-21 03:27:55.408000+00:00,8.0,0.0,111.0,0.0,82.0,0.0
2023-03-21 03:28:00.408000+00:00,8.0,0.0,111.0,0.0,82.0,0.0
2023-03-21 03:28:05.408000+00:00,8.0,0.0,111.0,0.0,82.0,0.0
2023-03-21 03:28:10.408000+00:00,8.0,0.0,111.0,0.0,82.0,0.0
2023-03-21 03:28:15.408000+00:00,8.0,0.0,111.0,0.0,82.0,0.0
2023-03-21 03:28:20.408000+00:00,8.0,0.0,111.0,0.0,82.0,0.0
2023-03-21 03:28:25.408000+00:00,8.0,0.0,111.0,0.0,82.0,0.0
2023-03-21 03:28:30.408000+00:00,8.0,0.0,111.0,0.0,82.0,0.0
2023-03-21 03:28:35.408000+00:00,8.0,0.0,111.0,0.0,82.0,0.0
2023-03-21 03:28:40.408000+00:00,8.0,0.0,111.0,0.0,82.0,0.0
2023-03-21 03:28:45.408000+00:00,8.0,0.0,111.0,0.0,82.0,0.0
2023-03-21 03:28:50.408000+00:00,8.0,0.0,111.0,0.0,82.0,0.0
2023-03-21 03:28:55.408000+00:00,8.0,0.0,111.0,0.0,82.0,0.0
2023-03-21 03:29:00.410000+00:00,8.0,0.0,111.0,0.0,82.0,0.0
2023-03-21 03:29:05.408000+00:00,8.0,0.0,111.0,0.0,82.0,0.0
2023-03-21 03:29:10.408000+00:00,8.0,0.0,111.0,0.0,82.0,0.0
2023-03-21 03:29:15.408000+00:00,8.0,0.0,111.0,0.0,82.0,0.0
2023-03-21 03:29:20.408000+00:00,8.0,0.0,111.0,0.0,82.0,0.0
2023-03-21 03:29:25.408000+00:00,8.0,0.0,111.0,0.0,82.0,0.0
2023-03-21 03:29:30.408000+00:00,8.0,0.0,111.0,0.0,82.0,0.0
2023-03-21 03:29:35.408000+00:00,8.0,0.0,111.0,0.0,82.0,0.0
2023-03-21 03:29:40.408000+00:00,8.0,0.0,111.0,0.0,82.0,0.0
2023-03-21 03:29:45.408000+00:00,8.0,0.0,111.0,0.0,82.0,0.0
2023-03-21 03:29:50.408000+00:00,8.0,0.0,111.0,0.0,82.0,0.0
2023-03-21 03:29:55.408000+00:00,8.0,0.0,111.0,0.0,82.0,0.0
2023-03-21 03:30:00.408000+00:00,8.0,0.0,111.0,0.0,82.0,0.0
2023-03-21 03:30:05.408000+00:00,8.0,0.0,111.0,0.0,82.0,0.0
2023-03-21 03:30:10.408000+00:00,8.0,0.0,111.0,0.0,82.0,0.0
2023-03-21 03:30:15.408000+00:00,8.0,0.0,111.0,0.0,82.0,0.0
2023-03-21 03:30:20.408000+00:00,8.0,0.0,111.0,0.0,82.0,0.0
2023-03-21 03:30:25.408000+00:00,8.0,0.0,111.0,0.0,82.0,0.0
2023-03-21 03:30:30.408000+00:00,8.0,0.0,111.0,0.0,82.0,0.0
2023-03-21 03:30:35.408000+00:00,8.0,0.0,111.0,0.0,82.0,0.0
2023-03-21 03:30:40.408000+00:00,8.0,0.0,111.0,0.0,82.0,0.0
2023-03-21 03:30:45.408000+00:00,8.0,0.0,111.0,0.0,82.0,0.0
2023-03-21 03:30:50.408000+00:00,8.0,0.0,111.0,0.0,82.0,0.0
2023-03-21 03:30:55.408000+00:00,8.0,0.0,111.0,0.0,82.0,0.0
2023-03-21 03:31:00.408000+00:00,8.0,0.0,111.0,0.0,82.0,0.0
2023-03-21 03:31:05.408000+00:00,8.0,0.0,111.0,0.0,82.0,0.0
2023-03-21 03:31:10.408000+00:00,8.0,0.0,111.0,0.0,82.0,0.0
2023-03-21 03:31:15.408000+00:00,8.0,0.0,111.0,0.0,82.0,0.0
2023-03-21 03:31:20.408000+00:00,8.0,0.0,111.0,0.0,82.0,0.0
2023-03-21 03:31:25.408000+00:00,8.0,0.0,111.0,0.0,82.0,0.0
2023-03-21 03:31:30.408000+00:00,8.0,0.0,111.0,0.0,82.0,0.0
2023-03-21 03:31:35.408000+00:00,8.0,0.0,111.0,0.0,82.0,0.0
2023-03-21 03:31:40.408000+00:00,8.0,0.0,111.0,0.0,82.0,0.0
2023-03-21 03:31:45.408000+00:00,8.0,0.0,111.0,0.0,82.0,0.0
2023-03-21 03:31:50.408000+00:00,8.0,0.0,111.0,0.0,82.0,0.0
2023-03-21 03:31:55.408000+00:00,8.0,0.0,111.0,0.0,82.0,0.0
2023-03-21 03:32:00.408000+00:00,8.0,0.0,111.0,0.0,82.0,0.0
2023-03-21 03:32:05.408000+00:00,8.0,0.0,111.0,0.0,82.0,0.0
2023-03-21 03:32:10.408000+00:00,8.0,0.0,111.0,0.0,82.0,0.0
2023-03-21 03:32:15.408000+00:00,8.0,0.0,111.0,0.0,82.0,0.0
2023-03-21 03:32:20.408000+00:00,8.0,0.0,111.0,0.0,82.0,0.0
2023-03-21 03:32:25.408000+00:00,8.0,0.0,111.0,0.0,82.0,0.0
2023-03-21 03:32:30.408000+00:00,8.0,0.0,111.0,0.0,82.0,0.0
2023-03-21 03:32:35.408000+00:00,8.0,0.0,111.0,0.0,82.0,0.0
2023-03-21 03:32:40.408000+00:00,8.0,0.0,111.0,0.0,82.0,0.0
2023-03-21 03:32:45.408000+00:00,8.0,0.0,111.0,0.0,82.0,0.0
2023-03-21 03:32:50.408000+00:00,8.0,0.0,111.0,0.0,82.0,0.0
2023-03-21 03:32:55.408000+00:00,8.0,0.0,111.0,0.0,82.0,0.0
2023-03-21 03:33:00.408000+00:00,8.0,0.0,111.0,0.0,82.0,0.0
2023-03-21 03:33:05.408000+00:00,8.0,0.0,111.0,0.0,82.0,0.0
2023-03-21 03:33:10.408000+00:00,8.0,0.0,111.0,0.0,82.0,0.0
2023-03-21 03:33:15.408000+00:00,8.0,0.0,111.0,0.0,82.0,0.0
2023-03-21 03:33:20.408000+00:00,8.0,0.0,111.0,0.0,82.0,0.0
2023-03-21 03:33:25.408000+00:00,8.0,0.0,111.0,0.0,82.0,0.0
2023-03-21 03:33:30.408000+00:00,8.0,0.0,111.0,0.0,82.0,0.0
2023-03-21 03:33:35.408000+00:00,8.0,0.0,111.0,0.0,82.0,0.0
2023-03-21 03:33:40.408000+00:00,8.0,0.0,111.0,0.0,82.0,0.0
2023-03-21 03:33:45.408000+00:00,8.0,0.0,111.0,0.0,82.0,0.0
2023-03-21 03:33:50.408000+00:00,8.0,0.0,111.0,0.0,82.0,0.0
2023-03-21 03:33:55.408000+00:00,8.0,0.0,111.0,0.0,82.0,0.0
2023-03-21 03:34:00.408000+00:00,8.0,0.0,111.0,0.0,82.0,0.0
2023-03-21 03:34:05.408000+00:00,8.0,0.0,111.0,0.0,82.0,0.0
2023-03-21 03:34:10.408000+00:00,8.0,0.0,111.0,0.0,82.0,0.0
2023-03-21 03:34:15.408000+00:00,8.0,0.0,111.0,0.0,82.0,0.0
2023-03-21 03:34:20.408000+00:00,8.0,0.0,111.0,0.0,82.0,0.0
2023-03-21 03:34:25.408000+00:00,8.0,0.0,111.0,0.0,82.0,0.0
2023-03-21 03:34:30.408000+00:00,8.0,0.0,111.0,0.0,82.0,0.0
2023-03-21 03:34:35.408000+00:00,8.0,0.0,111.0,0.0,82.0,0.0
2023-03-21 03:34:40.408000+00:00,8.0,0.0,111.0,0.0,82.0,0.0
2023-03-21 03:34:45.408000+00:00,8.0,0.0,111.0,0.0,82.0,0.0
2023-03-21 03:34:50.408000+00:00,8.0,0.0,111.0,0.0,82.0,0.0
2023-03-21 03:34:55.408000+00:00,8.0,0.0,111.0,0.0,82.0,0.0
2023-03-21 03:35:00.408000+00:00,8.0,0.0,111.0,0.0,82.0,0.0
2023-03-21 03:35:05.408000+00:00,8.0,0.0,111.0,0.0,82.0,0.0
2023-03-21 03:35:10.408000+00:00,8.0,0.0,111.0,0.0,82.0,0.0
2023-03-21 03:35:15.408000+00:00,8.0,0.0,111.0,0.0,82.0,0.0
2023-03-21 03:35:20.408000+00:00,8.0,0.0,111.0,0.0,82.0,0.0
2023-03-21 03:35:25.408000+00:00,8.0,0.0,111.0,0.0,82.0,0.0
2023-03-21 03:35:30.408000+00:00,8.0,0.0,111.0,0.0,82.0,0.0
2023-03-21 03:35:35.408000+00:00,8.0,0.0,111.0,0.0,82.0,0.0
2023-03-21 03:35:40.408000+00:00,8.0,0.0,111.0,0.0,82.0,0.0
2023-03-21 03:35:45.408000+00:00,8.0,0.0,111.0,0.0,82.0,0.0
2023-03-21 03:35:50.408000+00:00,8.0,0.0,111.0,0.0,82.0,0.0
2023-03-21 03:35:55.408000+00:00,8.0,0.0,111.0,0.0,82.0,0.0
2023-03-21 03:36:00.408000+00:00,8.0,0.0,111.0,0.0,82.0,0.0
2023-03-21 03:36:05.408000+00:00,8.0,0.0,111.0,0.0,82.0,0.0
2023-03-21 03:36:10.408000+00:00,8.0,0.0,111.0,0.0,82.0,0.0
2023-03-21 03:36:15.408000+00:00,8.0,0.0,111.0,0.0,82.0,0.0
2023-03-21 03:36:20.408000+00:00,8.0,0.0,111.0,0.0,82.0,0.0
2023-03-21 03:36:25.408000+00:00,8.0,0.0,111.0,0.0,82.0,0.0
2023-03-21 03:36:30.408000+00:00,8.0,0.0,111.0,0.0,82.0,0.0
2023-03-21 03:36:35.408000+00:00,8.0,0.0,111.0,0.0,82.0,0.0
2023-03-21 03:36:40.408000+00:00,8.0,0.0,111.0,0.0,82.0,0.0
2023-03-21 03:36:45.408000+00:00,8.0,0.0,111.0,0.0,82.0,0.0
2023-03-21 03:36:50.408000+00:00,8.0,0.0,111.0,0.0,82.0,0.0
2023-03-21 03:36:55.408000+00:00,8.0,0.0,111.0,0.0,82.0,0.0
2023-03-21 03:37:00.408000+00:00,8.0,0.0,111.0,0.0,82.0,0.0
2023-03-21 03:37:05.408000+00:00,8.0,0.0,111.0,0.0,82.0,0.0
2023-03-21 03:37:10.408000+00:00,8.0,0.0,111.0,0.0,82.0,0.0
2023-03-21 03:37:15.408000+00:00,8.0,0.0,111.0,0.0,82.0,0.0
2023-03-21 03:37:20.408000+00:00,8.0,0.0,111.0,0.0,82.0,0.0
2023-03-21 03:37:25.408000+00:00,8.0,0.0,111.0,0.0,82.0,0.0
2023-03-21 03:37:30.408000+00:00,8.0,0.0,111.0,0.0,82.0,0.0
2023-03-21 03:37:35.408000+00:00,8.0,0.0,111.0,0.0,82.0,0.0
2023-03-21 03:37:40.408000+00:00,8.0,0.0,111.0,0.0,82.0,0.0
2023-03-21 03:37:45.408000+00:00,8.0,0.0,111.0,0.0,82.0,0.0
2023-03-21 03:37:50.408000+00:00,8.0,0.0,111.0,0.0,82.0,0.0
2023-03-21 03:37:55.408000+00:00,8.0,0.0,111.0,0.0,82.0,0.0
2023-03-21 03:38:00.408000+00:00,8.0,0.0,111.0,0.0,82.0,0.0
2023-03-21 03:38:05.408000+00:00,8.0,0.0,111.0,0.0,82.0,0.0
2023-03-21 03:38:10.408000+00:00,8.0,0.0,111.0,0.0,82.0,0.0
2023-03-21 03:38:15.408000+00:00,8.0,0.0,111.0,0.0,82.0,0.0
2023-03-21 03:38:20.408000+00:00,8.0,0.0,111.0,0.0,82.0,0.0
2023-03-21 03:38:25.408000+00:00,8.0,0.0,111.0,0.0,82.0,0.0
2023-03-21 03:38:30.408000+00:00,8.0,0.0,111.0,0.0,82.0,0.0
2023-03-21 03:38:35.408000+00:00,8.0,0.0,111.0,0.0,82.0,0.0
2023-03-21 03:38:40.408000+00:00,8.0,0.0,111.0,0.0,82.0,0.0
2023-03-21 03:38:45.408000+00:00,8.0,0.0,111.0,0.0,82.0,0.0
2023-03-21 03:38:50.408000+00:00,8.0,0.0,111.0,0.0,82.0,0.0
2023-03-21 03:38:55.408000+00:00,8.0,0.0,111.0,0.0,82.0,0.0
2023-03-21 03:39:00.408000+00:00,8.0,0.0,111.0,0.0,82.0,0.0
2023-03-21 03:39:05.408000+00:00,8.0,0.0,111.0,0.0,82.0,0.0
2023-03-21 03:39:10.408000+00:00,8.0,0.0,111.0,0.0,82.0,0.0
2023-03-21 03:39:15.408000+00:00,8.0,0.0,111.0,0.0,82.0,0.0
2023-03-21 03:39:20.408000+00:00,8.0,0.0,111.0,0.0,82.0,0.0
2023-03-21 03:39:25.408000+00:00,8.0,0.0,111.0,0.0,82.0,0.0
2023-03-21 03:39:30.408000+00:00,8.0,0.0,111.0,0.0,82.0,0.0
2023-03-21 03:39:35.408000+00:00,8.0,0.0,111.0,0.0,82.0,0.0
2023-03-21 03:39:40.408000+00:00,8.0,0.0,111.0,0.0,82.0,0.0
2023-03-21 03:39:45.408000+00:00,8.0,0.0,111.0,0.0,82.0,0.0
2023-03-21 03:39:50.408000+00:00,8.0,0.0,111.0,0.0,82.0,0.0
2023-03-21 03:39:55.408000+00:00,8.0,0.0,111.0,0.0,82.0,0.0
2023-03-21 03:40:00.408000+00:00,8.0,0.0,111.0,0.0,82.0,0.0
2023-03-21 03:40:05.408000+00:00,8.0,0.0,111.0,0.0,82.0,0.0
2023-03-21 03:40:10.408000+00:00,8.0,0.0,111.0,0.0,82.0,0.0
2023-03-21 03:40:15.408000+00:00,8.0,0.0,111.0,0.0,82.0,0.0
2023-03-21 03:40:20.408000+00:00,8.0,0.0,111.0,0.0,82.0,0.0
2023-03-21 03:40:25.408000+00:00,8.0,0.0,111.0,0.0,82.0,0.0
2023-03-21 03:40:30.408000+00:00,8.0,0.0,111.0,0.0,82.0,0.0
2023-03-21 03:40:35.408000+00:00,8.0,0.0,111.0,0.0,82.0,0.0
2023-03-21 03:40:40.408000+00:00,8.0,0.0,111.0,0.0,82.0,0.0
2023-03-21 03:40:45.408000+00:00,8.0,0.0,111.0,0.0,82.0,0.0
2023-03-21 03:40:50.408000+00:00,8.0,0.0,111.0,0.0,82.0,0.0
2023-03-21 03:40:55.408000+00:00,8.0,0.0,111.0,0.0,82.0,0.0
2023-03-21 03:41:00.408000+00:00,8.0,0.0,111.0,0.0,82.0,0.0
2023-03-21 03:41:05.408000+00:00,8.0,0.0,111.0,0.0,82.0,0.0
2023-03-21 03:41:10.408000+00:00,8.0,0.0,111.0,0.0,82.0,0.0
2023-03-21 03:41:15.408000+00:00,8.0,0.0,111.0,0.0,82.0,0.0
2023-03-21 03:41:20.408000+00:00,8.0,0.0,111.0,0.0,82.0,0.0
2023-03-21 03:41:25.408000+00:00,8.0,0.0,111.0,0.0,82.0,0.0
2023-03-21 03:41:30.408000+00:00,8.0,0.0,111.0,0.0,82.0,0.0
2023-03-21 03:41:35.408000+00:00,8.0,0.0,111.0,0.0,82.0,0.0
2023-03-21 03:41:40.408000+00:00,8.0,0.0,111.0,0.0,82.0,0.0
2023-03-21 03:41:45.408000+00:00,8.0,0.0,111.0,0.0,82.0,0.0
2023-03-21 03:41:50.408000+00:00,8.0,0.0,111.0,0.0,82.0,0.0
2023-03-21 03:41:55.408000+00:00,8.0,0.0,111.0,0.0,82.0,0.0
2023-03-21 03:42:00.408000+00:00,8.0,0.0,111.0,0.0,82.0,0.0
2023-03-21 03:42:05.408000+00:00,8.0,0.0,111.0,0.0,82.0,0.0
2023-03-21 03:42:10.408000+00:00,8.0,0.0,111.0,0.0,82.0,0.0
2023-03-21 03:42:15.408000+00:00,8.0,0.0,111.0,0.0,82.0,0.0
2023-03-21 03:42:20.408000+00:00,8.0,0.0,111.0,0.0,82.0,0.0
2023-03-21 03:42:25.408000+00:00,8.0,0.0,111.0,0.0,82.0,0.0
2023-03-21 03:42:30.408000+00:00,8.0,0.0,111.0,0.0,82.0,0.0
2023-03-21 03:42:35.408000+00:00,8.0,0.0,111.0,0.0,82.0,0.0
2023-03-21 03:42:40.408000+00:00,8.0,0.0,111.0,0.0,82.0,0.0
2023-03-21 03:42:45.408000+00:00,8.0,0.0,111.0,0.0,82.0,0.0
2023-03-21 03:42:50.408000+00:00,8.0,0.0,111.0,0.0,82.0,0.0
2023-03-21 03:42:55.408000+00:00,8.0,0.0,111.0,0.0,82.0,0.0
2023-03-21 03:43:00.408000+00:00,8.0,0.0,111.0,0.0,82.0,0.0
2023-03-21 03:43:05.408000+00:00,8.0,0.0,111.0,0.0,82.0,0.0
2023-03-21 03:43:10.408000+00:00,8.0,0.0,111.0,0.0,82.0,0.0
2023-03-21 03:43:15.408000+00:00,8.0,0.0,111.0,0.0,82.0,0.0
2023-03-21 03:43:20.408000+00:00,8.0,0.0,111.0,0.0,82.0,0.0
2023-03-21 03:43:25.408000+00:00,8.0,0.0,111.0,0.0,82.0,0.0
2023-03-21 03:43:30.408000+00:00,8.0,0.0,111.0,0.0,82.0,0.0
2023-03-21 03:43:35.408000+00:00,8.0,0.0,111.0,0.0,82.0,0.0
2023-03-21 03:43:40.408000+00:00,8.0,0.0,111.0,0.0,82.0,0.0
2023-03-21 03:43:45.408000+00:00,8.0,0.0,111.0,0.0,82.0,0.0
2023-03-21 03:43:50.408000+00:00,8.0,0.0,111.0,0.0,82.0,0.0
2023-03-21 03:43:55.408000+00:00,8.0,0.0,111.0,0.0,82.0,0.0
2023-03-21 03:44:00.408000+00:00,8.0,0.0,111.0,0.0,82.0,0.0
2023-03-21 03:44:05.408000+00:00,8.0,0.0,111.0,0.0,82.0,0.0
2023-03-21 03:44:10.408000+00:00,8.0,0.0,111.0,0.0,82.0,0.0
2023-03-21 03:44:15.408000+00:00,8.0,0.0,111.0,0.0,82.0,0.0
2023-03-21 03:44:20.408000+00:00,8.0,0.0,111.0,0.0,82.0,0.0
2023-03-21 03:44:25.408000+00:00,8.0,0.0,111.0,0.0,82.0,0.0
2023-03-21 03:44:30.408000+00:00,8.0,0.0,111.0,0.0,82.0,0.0
2023-03-21 03:44:35.408000+00:00,8.0,0.0,111.0,0.0,82.0,0.0
2023-03-21 03:44:40.408000+00:00,8.0,0.0,111.0,0.0,82.0,0.0
2023-03-21 03:44:45.408000+00:00,8.0,0.0,111.0,0.0,82.0,0.0
2023-03-21 03:44:50.408000+00:00,8.0,0.0,111.0,0.0,82.0,0.0
2023-03-21 03:44:55.408000+00:00,8.0,0.0,111.0,0.0,82.0,0.0
2023-03-21 03:45:00.408000+00:00,8.0,0.0,111.0,0.0,82.0,0.0
2023-03-21 03:45:05.408000+00:00,8.0,0.0,111.0,0.0,82.0,0.0
2023-03-21 03:45:10.408000+00:00,8.0,0.0,111.0,0.0,82.0,0.0
2023-03-21 03:45:15.408000+00:00,8.0,0.0,111.0,0.0,82.0,0.0
2023-03-21 03:45:20.408000+00:00,8.0,0.0,111.0,0.0,82.0,0.0
2023-03-21 03:45:25.408000+00:00,8.0,0.0,111.0,0.0,82.0,0.0
2023-03-21 03:45:30.408000+00:00,8.0,0.0,111.0,0.0,82.0,0.0
2023-03-21 03:45:35.408000+00:00,8.0,0.0,111.0,0.0,82.0,0.0
2023-03-21 03:45:40.408000+00:00,8.0,0.0,111.0,0.0,82.0,0.0
2023-03-21 03:45:45.408000+00:00,8.0,0.0,111.0,0.0,82.0,0.0
2023-03-21 03:45:50.408000+00:00,8.0,0.0,111.0,0.0,82.0,0.0
2023-03-21 03:45:55.408000+00:00,8.0,0.0,111.0,0.0,82.0,0.0
2023-03-21 03:46:00.408000+00:00,8.0,0.0,111.0,0.0,82.0,0.0
2023-03-21 03:46:05.408000+00:00,8.0,0.0,111.0,0.0,82.0,0.0
2023-03-21 03:46:10.408000+00:00,8.0,0.0,111.0,0.0,82.0,0.0
2023-03-21 03:46:15.408000+00:00,8.0,0.0,111.0,0.0,82.0,0.0
2023-03-21 03:46:20.408000+00:00,8.0,0.0,111.0,0.0,82.0,0.0
2023-03-21 03:46:25.408000+00:00,8.0,0.0,111.0,0.0,82.0,0.0
2023-03-21 03:46:30.408000+00:00,8.0,0.0,111.0,0.0,82.0,0.0
2023-03-21 03:46:35.408000+00:00,8.0,0.0,111.0,0.0,82.0,0.0
2023-03-21 03:46:40.408000+00:00,8.0,0.0,111.0,0.0,82.0,0.0
2023-03-21 03:46:45.408000+00:00,8.0,0.0,111.0,0.0,82.0,0.0
2023-03-21 03:46:50.408000+00:00,8.0,0.0,111.0,0.0,82.0,0.0
2023-03-21 03:46:55.408000+00:00,8.0,0.0,111.0,0.0,82.0,0.0
2023-03-21 03:47:00.408000+00:00,8.0,0.0,111.0,0.0,82.0,0.0
2023-03-21 03:47:05.408000+00:00,8.0,0.0,111.0,0.0,82.0,0.0
2023-03-21 03:47:10.408000+00:00,8.0,0.0,111.0,0.0,82.0,0.0
2023-03-21 03:47:15.408000+00:00,8.0,0.0,111.0,0.0,82.0,0.0
2023-03-21 03:47:20.408000+00:00,8.0,0.0,111.0,0.0,82.0,0.0
2023-03-21 03:47:25.408000+00:00,8.0,0.0,111.0,0.0,82.0,0.0
2023-03-21 03:47:30.408000+00:00,8.0,0.0,111.0,0.0,82.0,0.0
2023-03-21 03:47:35.408000+00:00,8.0,0.0,111.0,0.0,82.0,0.0
2023-03-21 03:47:40.408000+00:00,8.0,0.0,111.0,0.0,82.0,0.0
2023-03-21 03:47:45.408000+00:00,8.0,0.0,111.0,0.0,82.0,0.0
2023-03-21 03:47:50.408000+00:00,8.0,0.0,111.0,0.0,82.0,0.0
2023-03-21 03:47:55.408000+00:00,8.0,0.0,111.0,0.0,82.0,0.0
2023-03-21 03:48:00.408000+00:00,8.0,0.0,111.0,0.0,82.0,0.0
2023-03-21 03:48:05.408000+00:00,8.0,0.0,111.0,0.0,82.0,0.0
2023-03-21 03:48:10.408000+00:00,8.0,0.0,111.0,0.0,82.0,0.0
2023-03-21 03:48:15.408000+00:00,8.0,0.0,111.0,0.0,82.0,0.0
2023-03-21 03:48:20.408000+00:00,8.0,0.0,111.0,0.0,82.0,0.0
2023-03-21 03:48:25.408000+00:00,8.0,0.0,111.0,0.0,82.0,0.0
2023-03-21 03:48:30.408000+00:00,8.0,0.0,111.0,0.0,82.0,0.0
2023-03-21 03:48:35.408000+00:00,8.0,0.0,111.0,0.0,82.0,0.0
2023-03-21 03:48:40.408000+00:00,8.0,0.0,111.0,0.0,82.0,0.0
2023-03-21 03:48:45.408000+00:00,8.0,0.0,111.0,0.0,82.0,0.0
2023-03-21 03:48:50.408000+00:00,8.0,0.0,111.0,0.0,82.0,0.0
2023-03-21 03:48:55.408000+00:00,8.0,0.0,111.0,0.0,82.0,0.0
2023-03-21 03:49:00.408000+00:00,8.0,0.0,111.0,0.0,82.0,0.0
2023-03-21 03:49:05.408000+00:00,8.0,0.0,111.0,0.0,82.0,0.0
2023-03-21 03:49:10.408000+00:00,8.0,0.0,111.0,0.0,82.0,0.0
2023-03-21 03:49:15.408000+00:00,8.0,0.0,111.0,0.0,82.0,0.0
2023-03-21 03:49:20.408000+00:00,8.0,0.0,111.0,0.0,82.0,0.0
2023-03-21 03:49:25.408000+00:00,8.0,0.0,111.0,0.0,82.0,0.0
2023-03-21 03:49:30.408000+00:00,8.0,0.0,111.0,0.0,82.0,0.0
2023-03-21 03:49:35.408000+00:00,8.0,0.0,111.0,0.0,82.0,0.0
2023-03-21 03:49:40.408000+00:00,8.0,0.0,111.0,0.0,82.0,0.0
2023-03-21 03:49:45.408000+00:00,8.0,0.0,111.0,0.0,82.0,0.0
2023-03-21 03:49:50.408000+00:00,8.0,0.0,111.0,0.0,82.0,0.0
2023-03-21 03:49:55.408000+00:00,8.0,0.0,111.0,0.0,82.0,0.0
2023-03-21 03:50:00.408000+00:00,8.0,0.0,111.0,0.0,82.0,0.0
2023-03-21 03:50:05.408000+00:00,8.0,0.0,111.0,0.0,82.0,0.0
2023-03-21 03:50:10.408000+00:00,8.0,0.0,111.0,0.0,82.0,0.0
2023-03-21 03:50:15.408000+00:00,8.0,0.0,111.0,0.0,82.0,0.0
2023-03-21 03:50:20.408000+00:00,8.0,0.0,111.0,0.0,82.0,0.0
2023-03-21 03:50:25.408000+00:00,8.0,0.0,111.0,0.0,82.0,0.0
2023-03-21 03:50:30.408000+00:00,8.0,0.0,111.0,0.0,82.0,0.0
2023-03-21 03:50:35.408000+00:00,8.0,0.0,111.0,0.0,82.0,0.0
2023-03-21 03:50:40.408000+00:00,8.0,0.0,111.0,0.0,82.0,0.0
2023-03-21 03:50:45.408000+00:00,8.0,0.0,111.0,0.0,82.0,0.0
2023-03-21 03:50:50.408000+00:00,8.0,0.0,111.0,0.0,82.0,0.0
2023-03-21 03:50:55.408000+00:00,8.0,0.0,111.0,0.0,82.0,0.0
2023-03-21 03:51:00.408000+00:00,8.0,0.0,111.0,0.0,82.0,0.0
2023-03-21 03:51:05.408000+00:00,8.0,0.0,111.0,0.0,82.0,0.0
2023-03-21 03:51:10.408000+00:00,8.0,0.0,111.0,0.0,82.0,0.0
2023-03-21 03:51:15.408000+00:00,8.0,0.0,111.0,0.0,82.0,0.0
2023-03-21 03:51:20.408000+00:00,8.0,0.0,111.0,0.0,82.0,0.0
2023-03-21 03:51:25.408000+00:00,8.0,0.0,111.0,0.0,82.0,0.0
2023-03-21 03:51:30.408000+00:00,8.0,0.0,111.0,0.0,82.0,0.0
2023-03-21 03:51:35.408000+00:00,8.0,0.0,111.0,0.0,82.0,0.0
2023-03-21 03:51:40.408000+00:00,8.0,0.0,111.0,0.0,82.0,0.0
2023-03-21 03:51:45.408000+00:00,8.0,0.0,111.0,0.0,82.0,0.0
2023-03-21 03:51:50.408000+00:00,8.0,0.0,111.0,0.0,82.0,0.0
2023-03-21 03:51:55.408000+00:00,8.0,0.0,111.0,0.0,82.0,0.0
2023-03-21 03:52:00.408000+00:00,8.0,0.0,111.0,0.0,82.0,0.0
2023-03-21 03:52:05.408000+00:00,8.0,0.0,111.0,0.0,82.0,0.0
2023-03-21 03:52:10.408000+00:00,8.0,0.0,111.0,0.0,82.0,0.0
2023-03-21 03:52:15.408000+00:00,8.0,0.0,111.0,0.0,82.0,0.0
2023-03-21 03:52:20.408000+00:00,8.0,0.0,111.0,0.0,82.0,0.0
2023-03-21 03:52:25.408000+00:00,8.0,0.0,111.0,0.0,82.0,0.0
2023-03-21 03:52:30.408000+00:00,8.0,0.0,111.0,0.0,82.0,0.0
2023-03-21 03:52:35.408000+00:00,8.0,0.0,111.0,0.0,82.0,0.0
2023-03-21 03:52:40.408000+00:00,8.0,0.0,111.0,0.0,82.0,0.0
2023-03-21 03:52:45.408000+00:00,8.0,0.0,111.0,0.0,82.0,0.0
2023-03-21 03:52:50.408000+00:00,8.0,0.0,111.0,0.0,82.0,0.0
2023-03-21 03:52:55.408000+00:00,8.0,0.0,111.0,0.0,82.0,0.0
2023-03-21 03:53:00.408000+00:00,8.0,0.0,111.0,0.0,82.0,0.0
2023-03-21 03:53:05.408000+00:00,8.0,0.0,111.0,0.0,82.0,0.0
2023-03-21 03:53:10.408000+00:00,8.0,0.0,111.0,0.0,82.0,0.0
2023-03-21 03:53:15.408000+00:00,8.0,0.0,111.0,0.0,82.0,0.0
2023-03-21 03:53:20.408000+00:00,8.0,0.0,111.0,0.0,82.0,0.0
2023-03-21 03:53:25.408000+00:00,8.0,0.0,111.0,0.0,82.0,0.0
2023-03-21 03:53:30.408000+00:00,8.0,0.0,111.0,0.0,82.0,0.0
2023-03-21 03:53:35.408000+00:00,8.0,0.0,111.0,0.0,82.0,0.0
2023-03-21 03:53:40.408000+00:00,8.0,0.0,111.0,0.0,82.0,0.0
2023-03-21 03:53:45.408000+00:00,8.0,0.0,111.0,0.0,82.0,0.0
2023-03-21 03:53:50.408000+00:00,8.0,0.0,111.0,0.0,82.0,0.0
2023-03-21 03:53:55.408000+00:00,8.0,0.0,111.0,0.0,82.0,0.0
2023-03-21 03:54:00.408000+00:00,8.0,0.0,111.0,0.0,82.0,0.0
2023-03-21 03:54:05.408000+00:00,8.0,0.0,111.0,0.0,82.0,0.0
2023-03-21 03:54:10.408000+00:00,8.0,0.0,111.0,0.0,82.0,0.0
2023-03-21 03:54:15.408000+00:00,8.0,0.0,111.0,0.0,82.0,0.0
2023-03-21 03:54:20.408000+00:00,8.0,0.0,111.0,0.0,82.0,0.0
2023-03-21 03:54:25.408000+00:00,8.0,0.0,111.0,0.0,82.0,0.0
2023-03-21 03:54:30.408000+00:00,8.0,0.0,111.0,0.0,82.0,0.0
2023-03-21 03:54:35.408000+00:00,8.0,0.0,111.0,0.0,82.0,0.0
2023-03-21 03:54:40.408000+00:00,8.0,0.0,111.0,0.0,82.0,0.0
2023-03-21 03:54:45.408000+00:00,8.0,0.0,111.0,0.0,82.0,0.0
2023-03-21 03:54:50.408000+00:00,8.0,0.0,111.0,0.0,82.0,0.0
2023-03-21 03:54:55.408000+00:00,8.0,0.0,111.0,0.0,82.0,0.0
2023-03-21 03:55:00.408000+00:00,8.0,0.0,111.0,0.0,82.0,0.0
2023-03-21 03:55:05.408000+00:00,8.0,0.0,111.0,0.0,82.0,0.0
2023-03-21 03:55:10.408000+00:00,8.0,0.0,111.0,0.0,82.0,0.0
2023-03-21 03:55:15.408000+00:00,8.0,0.0,111.0,0.0,82.0,0.0
2023-03-21 03:55:20.408000+00:00,8.0,0.0,111.0,0.0,82.0,0.0
2023-03-21 03:55:25.408000+00:00,8.0,0.0,111.0,0.0,82.0,0.0
2023-03-21 03:55:30.408000+00:00,8.0,0.0,111.0,0.0,82.0,0.0
2023-03-21 03:55:35.408000+00:00,8.0,0.0,111.0,0.0,82.0,0.0
2023-03-21 03:55:40.408000+00:00,8.0,0.0,111.0,0.0,82.0,0.0
2023-03-21 03:55:45.408000+00:00,8.0,0.0,111.0,0.0,82.0,0.0
2023-03-21 03:55:50.408000+00:00,8.0,0.0,111.0,0.0,82.0,0.0
2023-03-21 03:55:55.408000+00:00,8.0,0.0,111.0,0.0,82.0,0.0
2023-03-21 03:56:00.408000+00:00,8.0,0.0,111.0,0.0,82.0,0.0
2023-03-21 03:56:05.408000+00:00,8.0,0.0,111.0,0.0,82.0,0.0
2023-03-21 03:56:10.408000+00:00,8.0,0.0,111.0,0.0,82.0,0.0
2023-03-21 03:56:15.408000+00:00,8.0,0.0,111.0,0.0,82.0,0.0
2023-03-21 03:56:20.408000+00:00,8.0,0.0,111.0,0.0,82.0,0.0
2023-03-21 03:56:25.408000+00:00,8.0,0.0,111.0,0.0,82.0,0.0
2023-03-21 03:56:30.408000+00:00,8.0,0.0,111.0,0.0,82.0,0.0
2023-03-21 03:56:35.408000+00:00,8.0,0.0,111.0,0.0,82.0,0.0
2023-03-21 03:56:40.408000+00:00,8.0,0.0,111.0,0.0,82.0,0.0
2023-03-21 03:56:45.408000+00:00,8.0,0.0,111.0,0.0,82.0,0.0
2023-03-21 03:56:50.408000+00:00,8.0,0.0,111.0,0.0,82.0,0.0
2023-03-21 03:56:55.408000+00:00,8.0,0.0,111.0,0.0,82.0,0.0
2023-03-21 03:57:00.408000+00:00,8.0,0.0,111.0,0.0,82.0,0.0
2023-03-21 03:57:05.408000+00:00,8.0,0.0,111.0,0.0,82.0,0.0
2023-03-21 03:57:10.408000+00:00,8.0,0.0,111.0,0.0,82.0,0.0
2023-03-21 03:57:15.408000+00:00,8.0,0.0,111.0,0.0,82.0,0.0
2023-03-21 03:57:20.408000+00:00,8.0,0.0,111.0,0.0,82.0,0.0
2023-03-21 03:57:25.408000+00:00,8.0,0.0,111.0,0.0,82.0,0.0
2023-03-21 03:57:30.408000+00:00,8.0,0.0,111.0,0.0,82.0,0.0
2023-03-21 03:57:35.408000+00:00,8.0,0.0,111.0,0.0,82.0,0.0
2023-03-21 03:57:40.408000+00:00,8.0,0.0,111.0,0.0,82.0,0.0
2023-03-21 03:57:45.408000+00:00,8.0,0.0,111.0,0.0,82.0,0.0
2023-03-21 03:57:50.408000+00:00,8.0,0.0,111.0,0.0,82.0,0.0
2023-03-21 03:57:55.408000+00:00,8.0,0.0,111.0,0.0,82.0,0.0
2023-03-21 03:58:00.408000+00:00,8.0,0.0,111.0,0.0,82.0,0.0
2023-03-21 03:58:05.408000+00:00,8.0,0.0,111.0,0.0,82.0,0.0
2023-03-21 03:58:10.408000+00:00,8.0,0.0,111.0,0.0,82.0,0.0
2023-03-21 03:58:15.408000+00:00,8.0,0.0,111.0,0.0,82.0,0.0
2023-03-21 03:58:20.408000+00:00,8.0,0.0,111.0,0.0,82.0,0.0
2023-03-21 03:58:25.408000+00:00,8.0,0.0,111.0,0.0,82.0,0.0
2023-03-21 03:58:30.408000+00:00,8.0,0.0,111.0,0.0,82.0,0.0
2023-03-21 03:58:35.408000+00:00,8.0,0.0,111.0,0.0,82.0,0.0
2023-03-21 03:58:40.408000+00:00,8.0,0.0,111.0,0.0,82.0,0.0
2023-03-21 03:58:45.408000+00:00,8.0,0.0,111.0,0.0,82.0,0.0
2023-03-21 03:58:50.408000+00:00,8.0,0.0,111.0,0.0,82.0,0.0
2023-03-21 03:58:55.408000+00:00,8.0,0.0,111.0,0.0,82.0,0.0
2023-03-21 03:59:00.408000+00:00,8.0,0.0,111.0,0.0,82.0,0.0
2023-03-21 03:59:05.408000+00:00,8.0,0.0,111.0,0.0,82.0,0.0
2023-03-21 03:59:10.408000+00:00,8.0,0.0,111.0,0.0,82.0,0.0
2023-03-21 03:59:15.408000+00:00,8.0,0.0,111.0,0.0,82.0,0.0
2023-03-21 03:59:20.408000+00:00,8.0,0.0,111.0,0.0,82.0,0.0
2023-03-21 03:59:25.408000+00:00,8.0,0.0,111.0,0.0,82.0,0.0
2023-03-21 03:59:30.408000+00:00,8.0,0.0,111.0,0.0,82.0,0.0
2023-03-21 03:59:35.408000+00:00,8.0,0.0,111.0,0.0,82.0,0.0
2023-03-21 03:59:40.408000+00:00,8.0,0.0,111.0,0.0,82.0,0.0
2023-03-21 03:59:45.408000+00:00,8.0,0.0,111.0,0.0,82.0,0.0
2023-03-21 03:59:50.408000+00:00,8.0,0.0,111.0,0.0,82.0,0.0
2023-03-21 03:59:55.408000+00:00,8.0,0.0,111.0,0.0,82.0,0.0
2023-03-21 04:00:00.408000+00:00,8.0,0.0,111.0,0.0,82.0,0.0
2023-03-21 04:00:05.408000+00:00,8.0,0.0,111.0,0.0,82.0,0.0
2023-03-21 04:00:10.408000+00:00,8.0,0.0,111.0,0.0,82.0,0.0
2023-03-21 04:00:15.408000+00:00,8.0,0.0,111.0,0.0,82.0,0.0
2023-03-21 04:00:20.408000+00:00,8.0,0.0,111.0,0.0,82.0,0.0
2023-03-21 04:00:25.408000+00:00,8.0,0.0,111.0,0.0,82.0,0.0
2023-03-21 04:00:30.408000+00:00,8.0,0.0,111.0,0.0,82.0,0.0
2023-03-21 04:00:35.408000+00:00,8.0,0.0,111.0,0.0,82.0,0.0
2023-03-21 04:00:40.408000+00:00,8.0,0.0,111.0,0.0,82.0,0.0
2023-03-21 04:00:45.408000+00:00,8.0,0.0,111.0,0.0,82.0,0.0
2023-03-21 04:00:50.408000+00:00,8.0,0.0,111.0,0.0,82.0,0.0
2023-03-21 04:00:55.408000+00:00,8.0,0.0,111.0,0.0,82.0,0.0
2023-03-21 04:01:00.408000+00:00,8.0,0.0,111.0,0.0,82.0,0.0
2023-03-21 04:01:05.408000+00:00,8.0,0.0,111.0,0.0,82.0,0.0
2023-03-21 04:01:10.408000+00:00,8.0,0.0,111.0,0.0,82.0,0.0
2023-03-21 04:01:15.408000+00:00,8.0,0.0,111.0,0.0,82.0,0.0
2023-03-21 04:01:20.408000+00:00,8.0,0.0,111.0,0.0,82.0,0.0
2023-03-21 04:01:25.408000+00:00,8.0,0.0,111.0,0.0,82.0,0.0
2023-03-21 04:01:30.408000+00:00,8.0,0.0,111.0,0.0,82.0,0.0
2023-03-21 04:01:35.408000+00:00,8.0,0.0,111.0,0.0,82.0,0.0
2023-03-21 04:01:40.408000+00:00,8.0,0.0,111.0,0.0,82.0,0.0
2023-03-21 04:01:45.408000+00:00,8.0,0.0,111.0,0.0,82.0,0.0
2023-03-21 04:01:50.408000+00:00,8.0,0.0,111.0,0.0,82.0,0.0
2023-03-21 04:01:55.408000+00:00,8.0,0.0,111.0,0.0,82.0,0.0
2023-03-21 04:02:00.408000+00:00,8.0,0.0,111.0,0.0,82.0,0.0
2023-03-21 04:02:05.408000+00:00,8.0,0.0,111.0,0.0,82.0,0.0
2023-03-21 04:02:10.408000+00:00,8.0,0.0,111.0,0.0,82.0,0.0
2023-03-21 04:02:15.408000+00:00,8.0,0.0,111.0,0.0,82.0,0.0
2023-03-21 04:02:20.408000+00:00,8.0,0.0,111.0,0.0,82.0,0.0
2023-03-21 04:02:25.408000+00:00,8.0,0.0,111.0,0.0,82.0,0.0
2023-03-21 04:02:30.408000+00:00,8.0,0.0,111.0,0.0,82.0,0.0
2023-03-21 04:02:35.408000+00:00,8.0,0.0,111.0,0.0,82.0,0.0
2023-03-21 04:02:40.408000+00:00,8.0,0.0,111.0,0.0,82.0,0.0
2023-03-21 04:02:45.408000+00:00,8.0,0.0,111.0,0.0,82.0,0.0
2023-03-21 04:02:50.408000+00:00,8.0,0.0,111.0,0.0,82.0,0.0
2023-03-21 04:02:55.408000+00:00,8.0,0.0,111.0,0.0,82.0,0.0
2023-03-21 04:03:00.408000+00:00,8.0,0.0,111.0,0.0,82.0,0.0
2023-03-21 04:03:05.408000+00:00,8.0,0.0,111.0,0.0,82.0,0.0
2023-03-21 04:03:10.408000+00:00,8.0,0.0,111.0,0.0,82.0,0.0
2023-03-21 04:03:15.408000+00:00,8.0,0.0,111.0,0.0,82.0,0.0
2023-03-21 04:03:20.408000+00:00,8.0,0.0,111.0,0.0,82.0,0.0
2023-03-21 04:03:25.408000+00:00,8.0,0.0,111.0,0.0,82.0,0.0
2023-03-21 04:03:30.408000+00:00,8.0,0.0,111.0,0.0,82.0,0.0
2023-03-21 04:03:35.408000+00:00,8.0,0.0,111.0,0.0,82.0,0.0
2023-03-21 04:03:40.408000+00:00,8.0,0.0,111.0,0.0,82.0,0.0
2023-03-21 04:03:45.408000+00:00,8.0,0.0,111.0,0.0,82.0,0.0
2023-03-21 04:03:50.408000+00:00,8.0,0.0,111.0,0.0,82.0,0.0
2023-03-21 04:03:55.408000+00:00,8.0,0.0,111.0,0.0,82.0,0.0
2023-03-21 04:04:00.408000+00:00,8.0,0.0,111.0,0.0,82.0,0.0
2023-03-21 04:04:05.408000+00:00,8.0,0.0,111.0,0.0,82.0,0.0
2023-03-21 04:04:10.408000+00:00,8.0,0.0,111.0,0.0,82.0,0.0
2023-03-21 04:04:15.408000+00:00,8.0,0.0,111.0,0.0,82.0,0.0
2023-03-21 04:04:20.408000+00:00,8.0,0.0,111.0,0.0,82.0,0.0
2023-03-21 04:04:25.408000+00:00,8.0,0.0,111.0,0.0,82.0,0.0
2023-03-21 04:04:30.408000+00:00,8.0,0.0,111.0,0.0,82.0,0.0
2023-03-21 04:04:35.408000+00:00,8.0,0.0,111.0,0.0,82.0,0.0
2023-03-21 04:04:40.408000+00:00,8.0,0.0,111.0,0.0,82.0,0.0
2023-03-21 04:04:45.408000+00:00,8.0,0.0,111.0,0.0,82.0,0.0
2023-03-21 04:04:50.408000+00:00,8.0,0.0,111.0,0.0,82.0,0.0
2023-03-21 04:04:55.408000+00:00,8.0,0.0,111.0,0.0,82.0,0.0
2023-03-21 04:05:00.408000+00:00,8.0,0.0,111.0,0.0,82.0,0.0
2023-03-21 04:05:05.408000+00:00,8.0,0.0,111.0,0.0,82.0,0.0
2023-03-21 04:05:10.408000+00:00,8.0,0.0,111.0,0.0,82.0,0.0
2023-03-21 04:05:15.408000+00:00,8.0,0.0,111.0,0.0,82.0,0.0
2023-03-21 04:05:20.408000+00:00,8.0,0.0,111.0,0.0,82.0,0.0
2023-03-21 04:05:25.408000+00:00,8.0,0.0,111.0,0.0,82.0,0.0
2023-03-21 04:05:30.408000+00:00,8.0,0.0,111.0,0.0,82.0,0.0
2023-03-21 04:05:35.408000+00:00,8.0,0.0,111.0,0.0,82.0,0.0
2023-03-21 04:05:40.408000+00:00,8.0,0.0,111.0,0.0,82.0,0.0
2023-03-21 04:05:45.408000+00:00,8.0,0.0,111.0,0.0,82.0,0.0
2023-03-21 04:05:50.408000+00:00,8.0,0.0,111.0,0.0,82.0,0.0
2023-03-21 04:05:55.408000+00:00,8.0,0.0,111.0,0.0,82.0,0.0
2023-03-21 04:06:00.408000+00:00,8.0,0.0,111.0,0.0,82.0,0.0
2023-03-21 04:06:05.408000+00:00,8.0,0.0,111.0,0.0,82.0,0.0
2023-03-21 04:06:10.408000+00:00,8.0,0.0,111.0,0.0,82.0,0.0
2023-03-21 04:06:15.408000+00:00,8.0,0.0,111.0,0.0,82.0,0.0
2023-03-21 04:06:20.408000+00:00,8.0,0.0,111.0,0.0,82.0,0.0
2023-03-21 04:06:25.408000+00:00,8.0,0.0,111.0,0.0,82.0,0.0
2023-03-21 04:06:30.408000+00:00,8.0,0.0,111.0,0.0,82.0,0.0
2023-03-21 04:06:35.408000+00:00,8.0,0.0,111.0,0.0,82.0,0.0
2023-03-21 04:06:40.408000+00:00,8.0,0.0,111.0,0.0,82.0,0.0
2023-03-21 04:06:45.408000+00:00,8.0,0.0,111.0,0.0,82.0,0.0
2023-03-21 04:06:50.408000+00:00,8.0,0.0,111.0,0.0,82.0,0.0
2023-03-21 04:06:55.408000+00:00,8.0,0.0,111.0,0.0,82.0,0.0
2023-03-21 04:07:00.408000+00:00,8.0,0.0,111.0,0.0,82.0,0.0
2023-03-21 04:07:05.411000+00:00,8.0,0.0,111.0,0.0,82.0,0.0
2023-03-21 04:07:10.408000+00:00,8.0,0.0,111.0,0.0,82.0,0.0
2023-03-21 04:07:15.408000+00:00,8.0,0.0,111.0,0.0,82.0,0.0
2023-03-21 04:07:20.408000+00:00,8.0,0.0,111.0,0.0,82.0,0.0
2023-03-21 04:07:25.408000+00:00,8.0,0.0,111.0,0.0,82.0,0.0
2023-03-21 04:07:30.408000+00:00,8.0,0.0,111.0,0.0,82.0,0.0
2023-03-21 04:07:35.408000+00:00,8.0,0.0,111.0,0.0,82.0,0.0
2023-03-21 04:07:40.408000+00:00,8.0,0.0,111.0,0.0,82.0,0.0
2023-03-21 04:07:45.408000+00:00,8.0,0.0,111.0,0.0,82.0,0.0
2023-03-21 04:07:50.408000+00:00,8.0,0.0,111.0,0.0,82.0,0.0
2023-03-21 04:07:55.408000+00:00,8.0,0.0,111.0,0.0,82.0,0.0
2023-03-21 04:08:00.408000+00:00,8.0,0.0,111.0,0.0,82.0,0.0
2023-03-21 04:08:05.408000+00:00,8.0,0.0,111.0,0.0,82.0,0.0
2023-03-21 04:08:10.408000+00:00,8.0,0.0,111.0,0.0,82.0,0.0
2023-03-21 04:08:15.408000+00:00,8.0,0.0,111.0,0.0,82.0,0.0
2023-03-21 04:08:20.408000+00:00,8.0,0.0,111.0,0.0,82.0,0.0
2023-03-21 04:08:25.408000+00:00,8.0,0.0,111.0,0.0,82.0,0.0
2023-03-21 04:08:30.408000+00:00,8.0,0.0,111.0,0.0,82.0,0.0
2023-03-21 04:08:35.408000+00:00,8.0,0.0,111.0,0.0,82.0,0.0
2023-03-21 04:08:40.408000+00:00,8.0,0.0,111.0,0.0,82.0,0.0
2023-03-21 04:08:45.408000+00:00,8.0,0.0,111.0,0.0,82.0,0.0
2023-03-21 04:08:50.408000+00:00,8.0,0.0,111.0,0.0,82.0,0.0
2023-03-21 04:08:55.408000+00:00,8.0,0.0,111.0,0.0,82.0,0.0
2023-03-21 04:09:00.408000+00:00,8.0,0.0,111.0,0.0,82.0,0.0
2023-03-21 04:09:05.408000+00:00,8.0,0.0,111.0,0.0,82.0,0.0
2023-03-21 04:09:10.408000+00:00,8.0,0.0,111.0,0.0,82.0,0.0
2023-03-21 04:09:15.408000+00:00,8.0,0.0,111.0,0.0,82.0,0.0
2023-03-21 04:09:20.408000+00:00,8.0,0.0,111.0,0.0,82.0,0.0
2023-03-21 04:09:25.408000+00:00,8.0,0.0,111.0,0.0,82.0,0.0
2023-03-21 04:09:30.408000+00:00,8.0,0.0,111.0,0.0,82.0,0.0
2023-03-21 04:09:35.408000+00:00,8.0,0.0,111.0,0.0,82.0,0.0
2023-03-21 04:09:40.408000+00:00,8.0,0.0,111.0,0.0,82.0,0.0
2023-03-21 04:09:45.408000+00:00,8.0,0.0,111.0,0.0,82.0,0.0
2023-03-21 04:09:50.408000+00:00,8.0,0.0,111.0,0.0,82.0,0.0
2023-03-21 04:09:55.408000+00:00,8.0,0.0,111.0,0.0,82.0,0.0
2023-03-21 04:10:00.408000+00:00,8.0,0.0,111.0,0.0,82.0,0.0
2023-03-21 04:10:05.408000+00:00,8.0,0.0,111.0,0.0,82.0,0.0
2023-03-21 04:10:10.408000+00:00,8.0,0.0,111.0,0.0,82.0,0.0
2023-03-21 04:10:15.408000+00:00,8.0,0.0,111.0,0.0,82.0,0.0
2023-03-21 04:10:20.408000+00:00,8.0,0.0,111.0,0.0,82.0,0.0
2023-03-21 04:10:25.408000+00:00,8.0,0.0,111.0,0.0,82.0,0.0
2023-03-21 04:10:30.408000+00:00,8.0,0.0,111.0,0.0,82.0,0.0
2023-03-21 04:10:35.408000+00:00,8.0,0.0,111.0,0.0,82.0,0.0
2023-03-21 04:10:40.408000+00:00,8.0,0.0,111.0,0.0,82.0,0.0
2023-03-21 04:10:45.408000+00:00,8.0,0.0,111.0,0.0,82.0,0.0
2023-03-21 04:10:50.408000+00:00,8.0,0.0,111.0,0.0,82.0,0.0
2023-03-21 04:10:55.408000+00:00,8.0,0.0,111.0,0.0,82.0,0.0
2023-03-21 04:11:00.408000+00:00,8.0,0.0,111.0,0.0,82.0,0.0
2023-03-21 04:11:05.408000+00:00,8.0,0.0,111.0,0.0,82.0,0.0
2023-03-21 04:11:10.408000+00:00,8.0,0.0,111.0,0.0,82.0,0.0
2023-03-21 04:11:15.408000+00:00,8.0,0.0,111.0,0.0,82.0,0.0
2023-03-21 04:11:20.408000+00:00,8.0,0.0,111.0,0.0,82.0,0.0
2023-03-21 04:11:25.408000+00:00,8.0,0.0,111.0,0.0,82.0,0.0
2023-03-21 04:11:30.408000+00:00,8.0,0.0,111.0,0.0,82.0,0.0
2023-03-21 04:11:35.408000+00:00,8.0,0.0,111.0,0.0,82.0,0.0
2023-03-21 04:11:40.408000+00:00,8.0,0.0,111.0,0.0,82.0,0.0
2023-03-21 04:11:45.408000+00:00,8.0,0.0,111.0,0.0,82.0,0.0
2023-03-21 04:11:50.408000+00:00,8.0,0.0,111.0,0.0,82.0,0.0
2023-03-21 04:11:55.408000+00:00,8.0,0.0,111.0,0.0,82.0,0.0
2023-03-21 04:12:00.408000+00:00,8.0,0.0,111.0,0.0,82.0,0.0
2023-03-21 04:12:05.408000+00:00,8.0,0.0,111.0,0.0,82.0,0.0
2023-03-21 04:12:10.408000+00:00,8.0,0.0,111.0,0.0,82.0,0.0
2023-03-21 04:12:15.408000+00:00,8.0,0.0,111.0,0.0,82.0,0.0
2023-03-21 04:12:20.408000+00:00,8.0,0.0,111.0,0.0,82.0,0.0
2023-03-21 04:12:25.408000+00:00,8.0,0.0,111.0,0.0,82.0,0.0
2023-03-21 04:12:30.408000+00:00,8.0,0.0,111.0,0.0,82.0,0.0
2023-03-21 04:12:35.408000+00:00,8.0,0.0,111.0,0.0,82.0,0.0
2023-03-21 04:12:40.408000+00:00,8.0,0.0,111.0,0.0,82.0,0.0
2023-03-21 04:12:45.408000+00:00,8.0,0.0,111.0,0.0,82.0,0.0
2023-03-21 04:12:50.408000+00:00,8.0,0.0,111.0,0.0,82.0,0.0
2023-03-21 04:12:55.408000+00:00,8.0,0.0,111.0,0.0,82.0,0.0
2023-03-21 04:13:00.408000+00:00,8.0,0.0,111.0,0.0,82.0,0.0
2023-03-21 04:13:05.408000+00:00,8.0,0.0,111.0,0.0,82.0,0.0
2023-03-21 04:13:10.408000+00:00,8.0,0.0,111.0,0.0,82.0,0.0
2023-03-21 04:13:15.408000+00:00,8.0,0.0,111.0,0.0,82.0,0.0
2023-03-21 04:13:20.408000+00:00,8.0,0.0,111.0,0.0,82.0,0.0
2023-03-21 04:13:25.408000+00:00,8.0,0.0,111.0,0.0,82.0,0.0
2023-03-21 04:13:30.408000+00:00,8.0,0.0,111.0,0.0,82.0,0.0
2023-03-21 04:13:35.408000+00:00,8.0,0.0,111.0,0.0,82.0,0.0
2023-03-21 04:13:40.408000+00:00,8.0,0.0,111.0,0.0,82.0,0.0
2023-03-21 04:13:45.408000+00:00,8.0,0.0,111.0,0.0,82.0,0.0
2023-03-21 04:13:50.408000+00:00,8.0,0.0,111.0,0.0,82.0,0.0
2023-03-21 04:13:55.408000+00:00,8.0,0.0,111.0,0.0,82.0,0.0
2023-03-21 04:14:00.408000+00:00,8.0,0.0,111.0,0.0,82.0,0.0
2023-03-21 04:14:05.408000+00:00,8.0,0.0,111.0,0.0,82.0,0.0
2023-03-21 04:14:10.408000+00:00,8.0,0.0,111.0,0.0,82.0,0.0
2023-03-21 04:14:15.408000+00:00,8.0,0.0,111.0,0.0,82.0,0.0
2023-03-21 04:14:20.408000+00:00,8.0,0.0,111.0,0.0,82.0,0.0
2023-03-21 04:14:25.408000+00:00,8.0,0.0,111.0,0.0,82.0,0.0
2023-03-21 04:14:30.408000+00:00,8.0,0.0,111.0,0.0,82.0,0.0
2023-03-21 04:14:35.408000+00:00,8.0,0.0,111.0,0.0,82.0,0.0
2023-03-21 04:14:40.408000+00:00,8.0,0.0,111.0,0.0,82.0,0.0
2023-03-21 04:14:45.408000+00:00,8.0,0.0,111.0,0.0,82.0,0.0
2023-03-21 04:14:50.408000+00:00,8.0,0.0,111.0,0.0,82.0,0.0
2023-03-21 04:14:55.408000+00:00,8.0,0.0,111.0,0.0,82.0,0.0
2023-03-21 04:15:00.408000+00:00,8.0,0.0,111.0,0.0,82.0,0.0
2023-03-21 04:15:05.408000+00:00,8.0,0.0,111.0,0.0,82.0,0.0
2023-03-21 04:15:10.408000+00:00,8.0,0.0,111.0,0.0,82.0,0.0
2023-03-21 04:15:15.408000+00:00,8.0,0.0,111.0,0.0,82.0,0.0
2023-03-21 04:15:20.408000+00:00,8.0,0.0,111.0,0.0,82.0,0.0
2023-03-21 04:15:25.408000+00:00,8.0,0.0,111.0,0.0,82.0,0.0
2023-03-21 04:15:30.408000+00:00,8.0,0.0,111.0,0.0,82.0,0.0
2023-03-21 04:15:35.408000+00:00,8.0,0.0,111.0,0.0,82.0,0.0
2023-03-21 04:15:40.408000+00:00,8.0,0.0,111.0,0.0,82.0,0.0
2023-03-21 04:15:45.408000+00:00,8.0,0.0,111.0,0.0,82.0,0.0
2023-03-21 04:15:50.408000+00:00,8.0,0.0,111.0,0.0,82.0,0.0
2023-03-21 04:15:55.408000+00:00,8.0,0.0,111.0,0.0,82.0,0.0
2023-03-21 04:16:00.408000+00:00,8.0,0.0,111.0,0.0,82.0,0.0
2023-03-21 04:16:05.408000+00:00,8.0,0.0,111.0,0.0,82.0,0.0
2023-03-21 04:16:10.408000+00:00,8.0,0.0,111.0,0.0,82.0,0.0
2023-03-21 04:16:15.408000+00:00,8.0,0.0,111.0,0.0,82.0,0.0
2023-03-21 04:16:20.408000+00:00,8.0,0.0,111.0,0.0,82.0,0.0
2023-03-21 04:16:25.408000+00:00,8.0,0.0,111.0,0.0,82.0,0.0
2023-03-21 04:16:30.408000+00:00,8.0,0.0,111.0,0.0,82.0,0.0
2023-03-21 04:16:35.408000+00:00,8.0,0.0,111.0,0.0,82.0,0.0
2023-03-21 04:16:40.408000+00:00,8.0,0.0,111.0,0.0,82.0,0.0
2023-03-21 04:16:45.408000+00:00,8.0,0.0,111.0,0.0,82.0,0.0
2023-03-21 04:16:50.408000+00:00,8.0,0.0,111.0,0.0,82.0,0.0
2023-03-21 04:16:55.408000+00:00,8.0,0.0,111.0,0.0,82.0,0.0
2023-03-21 04:17:00.408000+00:00,8.0,0.0,111.0,0.0,82.0,0.0
2023-03-21 04:17:05.408000+00:00,8.0,0.0,111.0,0.0,82.0,0.0
2023-03-21 04:17:10.408000+00:00,8.0,0.0,111.0,0.0,82.0,0.0
2023-03-21 04:17:15.408000+00:00,8.0,0.0,111.0,0.0,82.0,0.0
2023-03-21 04:17:20.408000+00:00,8.0,0.0,111.0,0.0,82.0,0.0
2023-03-21 04:17:25.408000+00:00,8.0,0.0,111.0,0.0,82.0,0.0
2023-03-21 04:17:30.408000+00:00,8.0,0.0,111.0,0.0,82.0,0.0
2023-03-21 04:17:35.408000+00:00,8.0,0.0,111.0,0.0,82.0,0.0
2023-03-21 04:17:40.408000+00:00,8.0,0.0,111.0,0.0,82.0,0.0
2023-03-21 04:17:45.408000+00:00,8.0,0.0,111.0,0.0,82.0,0.0
2023-03-21 04:17:50.408000+00:00,8.0,0.0,111.0,0.0,82.0,0.0
2023-03-21 04:17:55.408000+00:00,8.0,0.0,111.0,0.0,82.0,0.0
2023-03-21 04:18:00.408000+00:00,8.0,0.0,111.0,0.0,82.0,0.0
2023-03-21 04:18:05.408000+00:00,8.0,0.0,111.0,0.0,82.0,0.0
2023-03-21 04:18:10.408000+00:00,8.0,0.0,111.0,0.0,82.0,0.0
2023-03-21 04:18:15.408000+00:00,8.0,0.0,111.0,0.0,82.0,0.0
2023-03-21 04:18:20.408000+00:00,8.0,0.0,111.0,0.0,82.0,0.0
2023-03-21 04:18:25.408000+00:00,8.0,0.0,111.0,0.0,82.0,0.0
2023-03-21 04:18:30.408000+00:00,8.0,0.0,111.0,0.0,82.0,0.0
2023-03-21 04:18:35.408000+00:00,8.0,0.0,111.0,0.0,82.0,0.0
2023-03-21 04:18:40.408000+00:00,8.0,0.0,111.0,0.0,82.0,0.0
2023-03-21 04:18:45.408000+00:00,8.0,0.0,111.0,0.0,82.0,0.0
2023-03-21 04:18:50.408000+00:00,8.0,0.0,111.0,0.0,82.0,0.0
2023-03-21 04:18:55.408000+00:00,8.0,0.0,111.0,0.0,82.0,0.0
2023-03-21 04:19:00.408000+00:00,8.0,0.0,111.0,0.0,82.0,0.0
2023-03-21 04:19:05.408000+00:00,8.0,0.0,111.0,0.0,82.0,0.0
2023-03-21 04:19:10.408000+00:00,8.0,0.0,111.0,0.0,82.0,0.0
2023-03-21 04:19:15.408000+00:00,8.0,0.0,111.0,0.0,82.0,0.0
2023-03-21 04:19:20.408000+00:00,8.0,0.0,111.0,0.0,82.0,0.0
2023-03-21 04:19:25.408000+00:00,8.0,0.0,111.0,0.0,82.0,0.0
2023-03-21 04:19:30.408000+00:00,8.0,0.0,111.0,0.0,82.0,0.0
2023-03-21 04:19:35.408000+00:00,8.0,0.0,111.0,0.0,82.0,0.0
2023-03-21 04:19:40.408000+00:00,8.0,0.0,111.0,0.0,82.0,0.0
2023-03-21 04:19:45.408000+00:00,8.0,0.0,111.0,0.0,82.0,0.0
2023-03-21 04:19:50.408000+00:00,8.0,0.0,111.0,0.0,82.0,0.0
2023-03-21 04:19:55.408000+00:00,8.0,0.0,111.0,0.0,82.0,0.0
2023-03-21 04:20:00.408000+00:00,8.0,0.0,111.0,0.0,82.0,0.0
2023-03-21 04:20:05.408000+00:00,8.0,0.0,111.0,0.0,82.0,0.0
2023-03-21 04:20:10.408000+00:00,8.0,0.0,111.0,0.0,82.0,0.0
2023-03-21 04:20:15.408000+00:00,8.0,0.0,111.0,0.0,82.0,0.0
2023-03-21 04:20:20.408000+00:00,8.0,0.0,111.0,0.0,82.0,0.0
2023-03-21 04:20:25.408000+00:00,8.0,0.0,111.0,0.0,82.0,0.0
2023-03-21 04:20:30.408000+00:00,8.0,0.0,111.0,0.0,82.0,0.0
2023-03-21 04:20:35.408000+00:00,8.0,0.0,111.0,0.0,82.0,0.0
2023-03-21 04:20:40.408000+00:00,8.0,0.0,111.0,0.0,82.0,0.0
2023-03-21 04:20:45.408000+00:00,8.0,0.0,111.0,0.0,82.0,0.0
2023-03-21 04:20:50.408000+00:00,8.0,0.0,111.0,0.0,82.0,0.0
2023-03-21 04:20:55.408000+00:00,8.0,0.0,111.0,0.0,82.0,0.0
2023-03-21 04:21:00.408000+00:00,8.0,0.0,111.0,0.0,82.0,0.0
2023-03-21 04:21:05.408000+00:00,8.0,0.0,111.0,0.0,82.0,0.0
2023-03-21 04:21:10.408000+00:00,8.0,0.0,111.0,0.0,82.0,0.0
2023-03-21 04:21:15.408000+00:00,8.0,0.0,111.0,0.0,82.0,0.0
2023-03-21 04:21:20.408000+00:00,8.0,0.0,111.0,0.0,82.0,0.0
2023-03-21 04:21:25.408000+00:00,8.0,0.0,111.0,0.0,82.0,0.0
2023-03-21 04:21:30.408000+00:00,8.0,0.0,111.0,0.0,82.0,0.0
2023-03-21 04:21:35.408000+00:00,8.0,0.0,111.0,0.0,82.0,0.0
2023-03-21 04:21:40.408000+00:00,8.0,0.0,111.0,0.0,82.0,0.0
2023-03-21 04:21:45.408000+00:00,8.0,0.0,111.0,0.0,82.0,0.0
2023-03-21 04:21:50.408000+00:00,8.0,0.0,111.0,0.0,82.0,0.0
2023-03-21 04:21:55.408000+00:00,8.0,0.0,111.0,0.0,82.0,0.0
2023-03-21 04:22:00.408000+00:00,8.0,0.0,111.0,0.0,82.0,0.0
2023-03-21 04:22:05.408000+00:00,8.0,0.0,111.0,0.0,82.0,0.0
2023-03-21 04:22:10.408000+00:00,8.0,0.0,111.0,0.0,82.0,0.0
2023-03-21 04:22:15.408000+00:00,8.0,0.0,111.0,0.0,82.0,0.0
2023-03-21 04:22:20.408000+00:00,8.0,0.0,111.0,0.0,82.0,0.0
2023-03-21 04:22:25.408000+00:00,8.0,0.0,111.0,0.0,82.0,0.0
2023-03-21 04:22:30.408000+00:00,8.0,0.0,111.0,0.0,82.0,0.0
2023-03-21 04:22:35.408000+00:00,8.0,0.0,111.0,0.0,82.0,0.0
2023-03-21 04:22:40.408000+00:00,8.0,0.0,111.0,0.0,82.0,0.0
2023-03-21 04:22:45.408000+00:00,8.0,0.0,111.0,0.0,82.0,0.0
2023-03-21 04:22:50.408000+00:00,8.0,0.0,111.0,0.0,82.0,0.0
2023-03-21 04:22:55.408000+00:00,8.0,0.0,111.0,0.0,82.0,0.0
2023-03-21 04:23:00.408000+00:00,8.0,0.0,111.0,0.0,82.0,0.0
2023-03-21 04:23:05.408000+00:00,8.0,0.0,111.0,0.0,82.0,0.0
2023-03-21 04:23:10.408000+00:00,8.0,0.0,111.0,0.0,82.0,0.0
2023-03-21 04:23:15.408000+00:00,8.0,0.0,111.0,0.0,82.0,0.0
2023-03-21 04:23:20.408000+00:00,8.0,0.0,111.0,0.0,82.0,0.0
2023-03-21 04:23:25.408000+00:00,8.0,0.0,111.0,0.0,82.0,0.0
2023-03-21 04:23:30.408000+00:00,8.0,0.0,111.0,0.0,82.0,0.0
2023-03-21 04:23:35.408000+00:00,8.0,0.0,111.0,0.0,82.0,0.0
2023-03-21 04:23:40.408000+00:00,8.0,0.0,111.0,0.0,82.0,0.0
2023-03-21 04:23:45.408000+00:00,8.0,0.0,111.0,0.0,82.0,0.0
2023-03-21 04:23:50.408000+00:00,8.0,0.0,111.0,0.0,82.0,0.0
2023-03-21 04:23:55.408000+00:00,8.0,0.0,111.0,0.0,82.0,0.0
2023-03-21 04:24:00.408000+00:00,8.0,0.0,111.0,0.0,82.0,0.0
2023-03-21 04:24:05.408000+00:00,8.0,0.0,111.0,0.0,82.0,0.0
2023-03-21 04:24:10.408000+00:00,8.0,0.0,111.0,0.0,82.0,0.0
2023-03-21 04:24:15.408000+00:00,8.0,0.0,111.0,0.0,82.0,0.0
2023-03-21 04:24:20.408000+00:00,8.0,0.0,111.0,0.0,82.0,0.0
2023-03-21 04:24:25.408000+00:00,8.0,0.0,111.0,0.0,82.0,0.0
2023-03-21 04:24:30.408000+00:00,8.0,0.0,111.0,0.0,82.0,0.0
2023-03-21 04:24:35.408000+00:00,8.0,0.0,111.0,0.0,82.0,0.0
2023-03-21 04:24:40.408000+00:00,8.0,0.0,111.0,0.0,82.0,0.0
2023-03-21 04:24:45.408000+00:00,8.0,0.0,111.0,0.0,82.0,0.0
2023-03-21 04:24:50.408000+00:00,8.0,0.0,111.0,0.0,82.0,0.0
2023-03-21 04:24:55.408000+00:00,8.0,0.0,111.0,0.0,82.0,0.0
