timestamp,rt_web_get_shipping_calcid_seconds_count,rt_web_get_shipping_calcid_seconds_sum,rt_web_get_shipping_code_seconds_count,rt_web_get_shipping_code_seconds_sum,rt_web_get_shipping_postconfirm_seconds_count,rt_web_get_shipping_postconfirm_seconds_sum
2023-03-21 02:40:04.729000+00:00,12.0,,12.0,,8.0,
2023-03-21 02:40:09.729000+00:00,12.0,0.0,12.0,0.0,8.0,0.0
2023-03-21 02:40:14.729000+00:00,12.0,0.0,12.0,0.0,8.0,0.0
2023-03-21 02:40:19.729000+00:00,12.0,0.0,12.0,0.0,8.0,0.0
2023-03-21 02:40:24.729000+00:00,12.0,0.0,12.0,0.0,8.0,0.0
2023-03-21 02:40:29.729000+00:00,12.0,0.0,12.0,0.0,8.0,0.0
2023-03-21 02:40:34.729000+00:00,12.0,0.0,12.0,0.0,8.0,0.0
2023-03-21 02:40:39.729000+00:00,12.0,0.0,12.0,0.0,8.0,0.0
2023-03-21 02:40:44.729000+00:00,12.0,0.0,12.0,0.0,8.0,0.0
2023-03-21 02:40:49.729000+00:00,12.0,0.0,12.0,0.0,8.0,0.0
2023-03-21 02:40:54.729000+00:00,12.0,0.0,12.0,0.0,8.0,0.0
2023-03-21 02:40:59.729000+00:00,12.0,0.0,12.0,0.0,8.0,0.0
2023-03-21 02:41:04.729000+00:00,12.0,0.0,12.0,0.0,8.0,0.0
2023-03-21 02:41:09.729000+00:00,12.0,0.0,12.0,0.0,8.0,0.0
2023-03-21 02:41:14.729000+00:00,12.0,0.0,12.0,0.0,8.0,0.0
2023-03-21 02:41:19.729000+00:00,12.0,0.0,12.0,0.0,8.0,0.0
2023-03-21 02:41:24.729000+00:00,12.0,0.0,12.0,0.0,8.0,0.0
2023-03-21 02:41:29.729000+00:00,12.0,0.0,12.0,0.0,8.0,0.0
2023-03-21 02:41:34.729000+00:00,12.0,0.0,12.0,0.0,8.0,0.0
2023-03-21 02:41:39.729000+00:00,12.0,0.0,12.0,0.0,8.0,0.0
2023-03-21 02:41:44.729000+00:00,12.0,0.0,12.0,0.0,8.0,0.0
2023-03-21 02:41:49.729000+00:00,12.0,0.0,12.0,0.0,8.0,0.0
2023-03-21 02:41:54.729000+00:00,12.0,0.0,12.0,0.0,8.0,0.0
2023-03-21 02:41:59.729000+00:00,12.0,0.0,12.0,0.0,8.0,0.0
2023-03-21 02:42:04.729000+00:00,12.0,0.0,12.0,0.0,8.0,0.0
2023-03-21 02:42:09.729000+00:00,12.0,0.0,12.0,0.0,8.0,0.0
2023-03-21 02:42:14.729000+00:00,12.0,0.0,12.0,0.0,8.0,0.0
2023-03-21 02:42:19.729000+00:00,12.0,0.0,12.0,0.0,8.0,0.0
2023-03-21 02:42:24.729000+00:00,12.0,0.0,12.0,0.0,8.0,0.0
2023-03-21 02:42:29.729000+00:00,12.0,0.0,12.0,0.0,8.0,0.0
2023-03-21 02:42:34.729000+00:00,12.0,0.0,12.0,0.0,8.0,0.0
2023-03-21 02:42:39.729000+00:00,12.0,0.0,12.0,0.0,8.0,0.0
2023-03-21 02:42:44.729000+00:00,12.0,0.0,12.0,0.0,8.0,0.0
2023-03-21 02:42:49.729000+00:00,12.0,0.0,12.0,0.0,8.0,0.0
2023-03-21 02:42:54.729000+00:00,12.0,0.0,12.0,0.0,8.0,0.0
2023-03-21 02:42:59.729000+00:00,12.0,0.0,12.0,0.0,8.0,0.0
2023-03-21 02:43:04.729000+00:00,12.0,0.0,12.0,0.0,8.0,0.0
2023-03-21 02:43:09.729000+00:00,12.0,0.0,12.0,0.0,8.0,0.0
2023-03-21 02:43:14.729000+00:00,12.0,0.0,12.0,0.0,8.0,0.0
2023-03-21 02:43:19.729000+00:00,12.0,0.0,12.0,0.0,8.0,0.0
2023-03-21 02:43:24.729000+00:00,12.0,0.0,12.0,0.0,8.0,0.0
2023-03-21 02:43:29.729000+00:00,12.0,0.0,12.0,0.0,8.0,0.0
2023-03-21 02:43:34.729000+00:00,12.0,0.0,12.0,0.0,8.0,0.0
2023-03-21 02:43:39.729000+00:00,12.0,0.0,12.0,0.0,8.0,0.0
2023-03-21 02:43:44.729000+00:00,12.0,0.0,12.0,0.0,8.0,0.0
2023-03-21 02:43:49.729000+00:00,12.0,0.0,12.0,0.0,8.0,0.0
2023-03-21 02:43:54.729000+00:00,12.0,0.0,12.0,0.0,8.0,0.0
2023-03-21 02:43:59.729000+00:00,12.0,0.0,12.0,0.0,8.0,0.0
2023-03-21 02:44:04.729000+00:00,12.0,0.0,12.0,0.0,8.0,0.0
2023-03-21 02:44:09.729000+00:00,12.0,0.0,12.0,0.0,8.0,0.0
2023-03-21 02:44:14.729000+00:00,12.0,0.0,12.0,0.0,8.0,0.0
2023-03-21 02:44:19.729000+00:00,12.0,0.0,12.0,0.0,8.0,0.0
2023-03-21 02:44:24.729000+00:00,12.0,0.0,12.0,0.0,8.0,0.0
2023-03-21 02:44:29.729000+00:00,12.0,0.0,12.0,0.0,8.0,0.0
2023-03-21 02:44:34.729000+00:00,12.0,0.0,12.0,0.0,8.0,0.0
2023-03-21 02:44:39.729000+00:00,12.0,0.0,12.0,0.0,8.0,0.0
2023-03-21 02:44:44.729000+00:00,12.0,0.0,12.0,0.0,8.0,0.0
2023-03-21 02:44:49.729000+00:00,12.0,0.0,12.0,0.0,8.0,0.0
2023-03-21 02:44:54.729000+00:00,12.0,0.0,12.0,0.0,8.0,0.0
2023-03-21 02:44:59.729000+00:00,12.0,0.0,12.0,0.0,8.0,0.0
2023-03-21 02:45:04.729000+00:00,12.0,0.0,12.0,0.0,8.0,0.0
2023-03-21 02:45:09.729000+00:00,12.0,0.0,12.0,0.0,8.0,0.0
2023-03-21 02:45:14.729000+00:00,12.0,0.0,12.0,0.0,8.0,0.0
2023-03-21 02:45:19.729000+00:00,12.0,0.0,12.0,0.0,8.0,0.0
2023-03-21 02:45:24.729000+00:00,12.0,0.0,12.0,0.0,8.0,0.0
2023-03-21 02:45:29.729000+00:00,12.0,0.0,12.0,0.0,8.0,0.0
2023-03-21 02:45:34.729000+00:00,12.0,0.0,12.0,0.0,8.0,0.0
2023-03-21 02:45:39.729000+00:00,12.0,0.0,12.0,0.0,8.0,0.0
2023-03-21 02:45:44.729000+00:00,12.0,0.0,12.0,0.0,8.0,0.0
2023-03-21 02:45:49.729000+00:00,12.0,0.0,12.0,0.0,8.0,0.0
2023-03-21 02:45:54.729000+00:00,12.0,0.0,12.0,0.0,8.0,0.0
2023-03-21 02:45:59.729000+00:00,12.0,0.0,12.0,0.0,8.0,0.0
2023-03-21 02:46:04.729000+00:00,12.0,0.0,12.0,0.0,8.0,0.0
2023-03-21 02:46:09.729000+00:00,12.0,0.0,12.0,0.0,8.0,0.0
2023-03-21 02:46:14.729000+00:00,12.0,0.0,12.0,0.0,8.0,0.0
2023-03-21 02:46:19.729000+00:00,12.0,0.0,12.0,0.0,8.0,0.0
2023-03-21 02:46:24.729000+00:00,12.0,0.0,12.0,0.0,8.0,0.0
2023-03-21 02:46:29.729000+00:00,12.0,0.0,12.0,0.0,8.0,0.0
2023-03-21 02:46:34.729000+00:00,12.0,0.0,12.0,0.0,8.0,0.0
2023-03-21 02:46:39.729000+00:00,12.0,0.0,12.0,0.0,8.0,0.0
2023-03-21 02:46:44.729000+00:00,12.0,0.0,12.0,0.0,8.0,0.0
2023-03-21 02:46:49.729000+00:00,12.0,0.0,12.0,0.0,8.0,0.0
2023-03-21 02:46:54.729000+00:00,12.0,0.0,12.0,0.0,8.0,0.0
2023-03-21 02:46:59.729000+00:00,12.0,0.0,12.0,0.0,8.0,0.0
2023-03-21 02:47:04.729000+00:00,12.0,0.0,12.0,0.0,8.0,0.0
2023-03-21 02:47:09.729000+00:00,12.0,0.0,12.0,0.0,8.0,0.0
2023-03-21 02:47:14.729000+00:00,12.0,0.0,12.0,0.0,8.0,0.0
2023-03-21 02:47:19.729000+00:00,12.0,0.0,12.0,0.0,8.0,0.0
2023-03-21 02:47:24.729000+00:00,12.0,0.0,12.0,0.0,8.0,0.0
2023-03-21 02:47:29.729000+00:00,12.0,0.0,12.0,0.0,8.0,0.0
2023-03-21 02:47:34.729000+00:00,12.0,0.0,12.0,0.0,8.0,0.0
2023-03-21 02:47:39.729000+00:00,12.0,0.0,12.0,0.0,8.0,0.0
2023-03-21 02:47:44.729000+00:00,12.0,0.0,12.0,0.0,8.0,0.0
2023-03-21 02:47:49.729000+00:00,12.0,0.0,12.0,0.0,8.0,0.0
2023-03-21 02:47:54.729000+00:00,12.0,0.0,12.0,0.0,8.0,0.0
2023-03-21 02:47:59.729000+00:00,12.0,0.0,12.0,0.0,8.0,0.0
2023-03-21 02:48:04.729000+00:00,12.0,0.0,12.0,0.0,8.0,0.0
2023-03-21 02:48:09.729000+00:00,12.0,0.0,12.0,0.0,8.0,0.0
2023-03-21 02:48:14.729000+00:00,12.0,0.0,12.0,0.0,8.0,0.0
2023-03-21 02:48:19.729000+00:00,12.0,0.0,12.0,0.0,8.0,0.0
2023-03-21 02:48:24.729000+00:00,12.0,0.0,12.0,0.0,8.0,0.0
2023-03-21 02:48:29.729000+00:00,12.0,0.0,12.0,0.0,8.0,0.0
2023-03-21 02:48:34.729000+00:00,12.0,0.0,12.0,0.0,8.0,0.0
2023-03-21 02:48:39.729000+00:00,12.0,0.0,12.0,0.0,8.0,0.0
2023-03-21 02:48:44.729000+00:00,12.0,0.0,12.0,0.0,8.0,0.0
2023-03-21 02:48:49.729000+00:00,12.0,0.0,12.0,0.0,8.0,0.0
2023-03-21 02:48:54.729000+00:00,12.0,0.0,12.0,0.0,8.0,0.0
2023-03-21 02:48:59.729000+00:00,12.0,0.0,12.0,0.0,8.0,0.0
2023-03-21 02:49:04.729000+00:00,12.0,0.0,12.0,0.0,8.0,0.0
2023-03-21 02:49:09.729000+00:00,12.0,0.0,12.0,0.0,8.0,0.0
2023-03-21 02:49:14.729000+00:00,12.0,0.0,12.0,0.0,8.0,0.0
2023-03-21 02:49:19.729000+00:00,12.0,0.0,12.0,0.0,8.0,0.0
2023-03-21 02:49:24.729000+00:00,12.0,0.0,12.0,0.0,8.0,0.0
2023-03-21 02:49:29.729000+00:00,12.0,0.0,12.0,0.0,8.0,0.0
2023-03-21 02:49:34.729000+00:00,12.0,0.0,12.0,0.0,8.0,0.0
2023-03-21 02:49:39.729000+00:00,12.0,0.0,12.0,0.0,8.0,0.0
2023-03-21 02:49:44.729000+00:00,12.0,0.0,12.0,0.0,8.0,0.0
2023-03-21 02:49:49.729000+00:00,12.0,0.0,12.0,0.0,8.0,0.0
2023-03-21 02:49:54.729000+00:00,12.0,0.0,12.0,0.0,8.0,0.0
2023-03-21 02:49:59.729000+00:00,12.0,0.0,12.0,0.0,8.0,0.0
2023-03-21 02:50:04.729000+00:00,12.0,0.0,12.0,0.0,8.0,0.0
2023-03-21 02:50:09.729000+00:00,12.0,0.0,12.0,0.0,8.0,0.0
2023-03-21 02:50:14.729000+00:00,12.0,0.0,12.0,0.0,8.0,0.0
2023-03-21 02:50:19.729000+00:00,12.0,0.0,12.0,0.0,8.0,0.0
2023-03-21 02:50:24.729000+00:00,12.0,0.0,12.0,0.0,8.0,0.0
2023-03-21 02:50:29.729000+00:00,12.0,0.0,12.0,0.0,8.0,0.0
2023-03-21 02:50:34.729000+00:00,12.0,0.0,12.0,0.0,8.0,0.0
2023-03-21 02:50:39.729000+00:00,12.0,0.0,12.0,0.0,8.0,0.0
2023-03-21 02:50:44.729000+00:00,12.0,0.0,12.0,0.0,8.0,0.0
2023-03-21 02:50:49.729000+00:00,12.0,0.0,12.0,0.0,8.0,0.0
2023-03-21 02:50:54.729000+00:00,12.0,0.0,12.0,0.0,8.0,0.0
2023-03-21 02:50:59.729000+00:00,12.0,0.0,12.0,0.0,8.0,0.0
2023-03-21 02:51:04.729000+00:00,12.0,0.0,12.0,0.0,8.0,0.0
2023-03-21 02:51:09.729000+00:00,12.0,0.0,12.0,0.0,8.0,0.0
2023-03-21 02:51:14.729000+00:00,12.0,0.0,12.0,0.0,8.0,0.0
2023-03-21 02:51:19.729000+00:00,12.0,0.0,12.0,0.0,8.0,0.0
2023-03-21 02:51:24.729000+00:00,12.0,0.0,12.0,0.0,8.0,0.0
2023-03-21 02:51:29.729000+00:00,12.0,0.0,12.0,0.0,8.0,0.0
2023-03-21 02:51:34.729000+00:00,12.0,0.0,12.0,0.0,8.0,0.0
2023-03-21 02:51:39.729000+00:00,12.0,0.0,12.0,0.0,8.0,0.0
2023-03-21 02:51:44.729000+00:00,12.0,0.0,12.0,0.0,8.0,0.0
2023-03-21 02:51:49.729000+00:00,12.0,0.0,12.0,0.0,8.0,0.0
2023-03-21 02:51:54.729000+00:00,12.0,0.0,12.0,0.0,8.0,0.0
2023-03-21 02:51:59.729000+00:00,12.0,0.0,12.0,0.0,8.0,0.0
2023-03-21 02:52:04.729000+00:00,12.0,0.0,12.0,0.0,8.0,0.0
2023-03-21 02:52:09.729000+00:00,12.0,0.0,12.0,0.0,8.0,0.0
2023-03-21 02:52:14.729000+00:00,12.0,0.0,12.0,0.0,8.0,0.0
2023-03-21 02:52:19.729000+00:00,12.0,0.0,12.0,0.0,8.0,0.0
2023-03-21 02:52:24.729000+00:00,12.0,0.0,12.0,0.0,8.0,0.0
2023-03-21 02:52:29.729000+00:00,12.0,0.0,12.0,0.0,8.0,0.0
2023-03-21 02:52:34.729000+00:00,12.0,0.0,12.0,0.0,8.0,0.0
2023-03-21 02:52:39.729000+00:00,12.0,0.0,12.0,0.0,8.0,0.0
2023-03-21 02:52:44.729000+00:00,12.0,0.0,12.0,0.0,8.0,0.0
2023-03-21 02:52:49.729000+00:00,12.0,0.0,12.0,0.0,8.0,0.0
2023-03-21 02:52:54.729000+00:00,12.0,0.0,12.0,0.0,8.0,0.0
2023-03-21 02:52:59.729000+00:00,12.0,0.0,12.0,0.0,8.0,0.0
2023-03-21 02:53:04.729000+00:00,12.0,0.0,12.0,0.0,8.0,0.0
2023-03-21 02:53:09.729000+00:00,12.0,0.0,12.0,0.0,8.0,0.0
2023-03-21 02:53:14.729000+00:00,12.0,0.0,12.0,0.0,8.0,0.0
2023-03-21 02:53:19.729000+00:00,12.0,0.0,12.0,0.0,8.0,0.0
2023-03-21 02:53:24.729000+00:00,12.0,0.0,12.0,0.0,8.0,0.0
2023-03-21 02:53:29.729000+00:00,12.0,0.0,12.0,0.0,8.0,0.0
2023-03-21 02:53:34.729000+00:00,12.0,0.0,12.0,0.0,8.0,0.0
2023-03-21 02:53:39.729000+00:00,12.0,0.0,12.0,0.0,8.0,0.0
2023-03-21 02:53:44.729000+00:00,12.0,0.0,12.0,0.0,8.0,0.0
2023-03-21 02:53:49.729000+00:00,12.0,0.0,12.0,0.0,8.0,0.0
2023-03-21 02:53:54.729000+00:00,12.0,0.0,12.0,0.0,8.0,0.0
2023-03-21 02:53:59.729000+00:00,12.0,0.0,12.0,0.0,8.0,0.0
2023-03-21 02:54:04.729000+00:00,12.0,0.0,12.0,0.0,8.0,0.0
2023-03-21 02:54:09.729000+00:00,12.0,0.0,12.0,0.0,8.0,0.0
2023-03-21 02:54:14.729000+00:00,12.0,0.0,12.0,0.0,8.0,0.0
2023-03-21 02:54:19.729000+00:00,12.0,0.0,12.0,0.0,8.0,0.0
2023-03-21 02:54:24.729000+00:00,12.0,0.0,12.0,0.0,8.0,0.0
2023-03-21 02:54:29.729000+00:00,12.0,0.0,12.0,0.0,8.0,0.0
2023-03-21 02:54:34.729000+00:00,12.0,0.0,12.0,0.0,8.0,0.0
2023-03-21 02:54:39.729000+00:00,12.0,0.0,12.0,0.0,8.0,0.0
2023-03-21 02:54:44.729000+00:00,12.0,0.0,12.0,0.0,8.0,0.0
2023-03-21 02:54:49.729000+00:00,12.0,0.0,12.0,0.0,8.0,0.0
2023-03-21 02:54:54.729000+00:00,12.0,0.0,12.0,0.0,8.0,0.0
2023-03-21 02:54:59.729000+00:00,12.0,0.0,12.0,0.0,8.0,0.0
2023-03-21 02:55:04.729000+00:00,12.0,0.0,12.0,0.0,8.0,0.0
2023-03-21 02:55:09.729000+00:00,12.0,0.0,12.0,0.0,8.0,0.0
2023-03-21 02:55:14.729000+00:00,12.0,0.0,12.0,0.0,8.0,0.0
2023-03-21 02:55:19.729000+00:00,12.0,0.0,12.0,0.0,8.0,0.0
2023-03-21 02:55:24.729000+00:00,12.0,0.0,12.0,0.0,8.0,0.0
2023-03-21 02:55:29.729000+00:00,12.0,0.0,12.0,0.0,8.0,0.0
2023-03-21 02:55:34.729000+00:00,12.0,0.0,12.0,0.0,8.0,0.0
2023-03-21 02:55:39.729000+00:00,12.0,0.0,12.0,0.0,8.0,0.0
2023-03-21 02:55:44.729000+00:00,12.0,0.0,12.0,0.0,8.0,0.0
2023-03-21 02:55:49.729000+00:00,12.0,0.0,12.0,0.0,8.0,0.0
2023-03-21 02:55:54.729000+00:00,12.0,0.0,12.0,0.0,8.0,0.0
2023-03-21 02:55:59.729000+00:00,12.0,0.0,12.0,0.0,8.0,0.0
2023-03-21 02:56:04.729000+00:00,12.0,0.0,12.0,0.0,8.0,0.0
2023-03-21 02:56:09.729000+00:00,12.0,0.0,12.0,0.0,8.0,0.0
2023-03-21 02:56:14.729000+00:00,12.0,0.0,12.0,0.0,8.0,0.0
2023-03-21 02:56:19.729000+00:00,12.0,0.0,12.0,0.0,8.0,0.0
2023-03-21 02:56:24.729000+00:00,12.0,0.0,12.0,0.0,8.0,0.0
2023-03-21 02:56:29.729000+00:00,12.0,0.0,12.0,0.0,8.0,0.0
2023-03-21 02:56:34.729000+00:00,12.0,0.0,12.0,0.0,8.0,0.0
2023-03-21 02:56:39.729000+00:00,12.0,0.0,12.0,0.0,8.0,0.0
2023-03-21 02:56:44.729000+00:00,12.0,0.0,12.0,0.0,8.0,0.0
2023-03-21 02:56:49.729000+00:00,12.0,0.0,12.0,0.0,8.0,0.0
2023-03-21 02:56:54.729000+00:00,12.0,0.0,12.0,0.0,8.0,0.0
2023-03-21 02:56:59.729000+00:00,12.0,0.0,12.0,0.0,8.0,0.0
2023-03-21 02:57:04.729000+00:00,12.0,0.0,12.0,0.0,8.0,0.0
2023-03-21 02:57:09.729000+00:00,12.0,0.0,12.0,0.0,8.0,0.0
2023-03-21 02:57:14.729000+00:00,12.0,0.0,12.0,0.0,8.0,0.0
2023-03-21 02:57:19.729000+00:00,12.0,0.0,12.0,0.0,8.0,0.0
2023-03-21 02:57:24.729000+00:00,12.0,0.0,12.0,0.0,8.0,0.0
2023-03-21 02:57:29.729000+00:00,12.0,0.0,12.0,0.0,8.0,0.0
2023-03-21 02:57:34.729000+00:00,12.0,0.0,12.0,0.0,8.0,0.0
2023-03-21 02:57:39.729000+00:00,12.0,0.0,12.0,0.0,8.0,0.0
2023-03-21 02:57:44.729000+00:00,12.0,0.0,12.0,0.0,8.0,0.0
2023-03-21 02:57:49.729000+00:00,12.0,0.0,12.0,0.0,8.0,0.0
2023-03-21 02:57:54.729000+00:00,12.0,0.0,12.0,0.0,8.0,0.0
2023-03-21 02:57:59.729000+00:00,12.0,0.0,12.0,0.0,8.0,0.0
2023-03-21 02:58:04.729000+00:00,12.0,0.0,12.0,0.0,8.0,0.0
2023-03-21 02:58:09.729000+00:00,12.0,0.0,12.0,0.0,8.0,0.0
2023-03-21 02:58:14.729000+00:00,12.0,0.0,12.0,0.0,8.0,0.0
2023-03-21 02:58:19.729000+00:00,12.0,0.0,12.0,0.0,8.0,0.0
2023-03-21 02:58:24.729000+00:00,12.0,0.0,12.0,0.0,8.0,0.0
2023-03-21 02:58:29.729000+00:00,12.0,0.0,12.0,0.0,8.0,0.0
2023-03-21 02:58:34.729000+00:00,12.0,0.0,12.0,0.0,8.0,0.0
2023-03-21 02:58:39.729000+00:00,12.0,0.0,12.0,0.0,8.0,0.0
2023-03-21 02:58:44.729000+00:00,12.0,0.0,12.0,0.0,8.0,0.0
2023-03-21 02:58:49.729000+00:00,12.0,0.0,12.0,0.0,8.0,0.0
2023-03-21 02:58:54.729000+00:00,12.0,0.0,12.0,0.0,8.0,0.0
2023-03-21 02:58:59.729000+00:00,12.0,0.0,12.0,0.0,8.0,0.0
2023-03-21 02:59:04.729000+00:00,12.0,0.0,12.0,0.0,8.0,0.0
2023-03-21 02:59:09.729000+00:00,12.0,0.0,12.0,0.0,8.0,0.0
2023-03-21 02:59:14.729000+00:00,12.0,0.0,12.0,0.0,8.0,0.0
2023-03-21 02:59:19.729000+00:00,12.0,0.0,12.0,0.0,8.0,0.0
2023-03-21 02:59:24.729000+00:00,12.0,0.0,12.0,0.0,8.0,0.0
2023-03-21 02:59:29.729000+00:00,12.0,0.0,12.0,0.0,8.0,0.0
2023-03-21 02:59:34.729000+00:00,12.0,0.0,12.0,0.0,8.0,0.0
2023-03-21 02:59:39.729000+00:00,12.0,0.0,12.0,0.0,8.0,0.0
2023-03-21 02:59:44.729000+00:00,12.0,0.0,12.0,0.0,8.0,0.0
2023-03-21 02:59:49.729000+00:00,12.0,0.0,12.0,0.0,8.0,0.0
2023-03-21 02:59:54.729000+00:00,12.0,0.0,12.0,0.0,8.0,0.0
2023-03-21 02:59:59.729000+00:00,12.0,0.0,12.0,0.0,8.0,0.0
2023-03-21 03:00:04.729000+00:00,12.0,0.0,12.0,0.0,8.0,0.0
2023-03-21 03:00:09.729000+00:00,12.0,0.0,12.0,0.0,8.0,0.0
2023-03-21 03:00:14.729000+00:00,12.0,0.0,12.0,0.0,8.0,0.0
2023-03-21 03:00:19.729000+00:00,12.0,0.0,12.0,0.0,8.0,0.0
2023-03-21 03:00:24.729000+00:00,12.0,0.0,12.0,0.0,8.0,0.0
2023-03-21 03:00:29.729000+00:00,12.0,0.0,12.0,0.0,8.0,0.0
2023-03-21 03:00:34.729000+00:00,12.0,0.0,12.0,0.0,8.0,0.0
2023-03-21 03:00:39.729000+00:00,12.0,0.0,12.0,0.0,8.0,0.0
2023-03-21 03:00:44.729000+00:00,12.0,0.0,12.0,0.0,8.0,0.0
2023-03-21 03:00:49.729000+00:00,12.0,0.0,12.0,0.0,8.0,0.0
2023-03-21 03:00:54.729000+00:00,12.0,0.0,12.0,0.0,8.0,0.0
2023-03-21 03:00:59.729000+00:00,12.0,0.0,12.0,0.0,8.0,0.0
2023-03-21 03:01:04.729000+00:00,12.0,0.0,12.0,0.0,8.0,0.0
2023-03-21 03:01:09.729000+00:00,12.0,0.0,12.0,0.0,8.0,0.0
2023-03-21 03:01:14.729000+00:00,12.0,0.0,12.0,0.0,8.0,0.0
2023-03-21 03:01:19.729000+00:00,12.0,0.0,12.0,0.0,8.0,0.0
2023-03-21 03:01:24.729000+00:00,12.0,0.0,12.0,0.0,8.0,0.0
2023-03-21 03:01:29.729000+00:00,12.0,0.0,12.0,0.0,8.0,0.0
2023-03-21 03:01:34.729000+00:00,12.0,0.0,12.0,0.0,8.0,0.0
2023-03-21 03:01:39.729000+00:00,12.0,0.0,12.0,0.0,8.0,0.0
2023-03-21 03:01:44.729000+00:00,12.0,0.0,12.0,0.0,8.0,0.0
2023-03-21 03:01:49.729000+00:00,12.0,0.0,12.0,0.0,8.0,0.0
2023-03-21 03:01:54.729000+00:00,12.0,0.0,12.0,0.0,8.0,0.0
2023-03-21 03:01:59.729000+00:00,12.0,0.0,12.0,0.0,8.0,0.0
2023-03-21 03:02:04.729000+00:00,12.0,0.0,12.0,0.0,8.0,0.0
2023-03-21 03:02:09.729000+00:00,12.0,0.0,12.0,0.0,8.0,0.0
2023-03-21 03:02:14.729000+00:00,12.0,0.0,12.0,0.0,8.0,0.0
2023-03-21 03:02:19.729000+00:00,12.0,0.0,12.0,0.0,8.0,0.0
2023-03-21 03:02:24.729000+00:00,12.0,0.0,12.0,0.0,8.0,0.0
2023-03-21 03:02:29.729000+00:00,12.0,0.0,12.0,0.0,8.0,0.0
2023-03-21 03:02:34.729000+00:00,12.0,0.0,12.0,0.0,8.0,0.0
2023-03-21 03:02:39.729000+00:00,12.0,0.0,12.0,0.0,8.0,0.0
2023-03-21 03:02:44.729000+00:00,12.0,0.0,12.0,0.0,8.0,0.0
2023-03-21 03:02:49.729000+00:00,12.0,0.0,12.0,0.0,8.0,0.0
2023-03-21 03:02:54.729000+00:00,12.0,0.0,12.0,0.0,8.0,0.0
2023-03-21 03:02:59.729000+00:00,12.0,0.0,12.0,0.0,8.0,0.0
2023-03-21 03:03:04.729000+00:00,12.0,0.0,12.0,0.0,8.0,0.0
2023-03-21 03:03:09.729000+00:00,12.0,0.0,12.0,0.0,8.0,0.0
2023-03-21 03:03:14.729000+00:00,12.0,0.0,12.0,0.0,8.0,0.0
2023-03-21 03:03:19.729000+00:00,12.0,0.0,12.0,0.0,8.0,0.0
2023-03-21 03:03:24.729000+00:00,12.0,0.0,12.0,0.0,8.0,0.0
2023-03-21 03:03:29.729000+00:00,12.0,0.0,12.0,0.0,8.0,0.0
2023-03-21 03:03:34.729000+00:00,12.0,0.0,12.0,0.0,8.0,0.0
2023-03-21 03:03:39.729000+00:00,12.0,0.0,12.0,0.0,8.0,0.0
2023-03-21 03:03:44.729000+00:00,12.0,0.0,12.0,0.0,8.0,0.0
2023-03-21 03:03:49.729000+00:00,12.0,0.0,12.0,0.0,8.0,0.0
2023-03-21 03:03:54.729000+00:00,12.0,0.0,12.0,0.0,8.0,0.0
2023-03-21 03:03:59.729000+00:00,12.0,0.0,12.0,0.0,8.0,0.0
2023-03-21 03:04:04.729000+00:00,12.0,0.0,12.0,0.0,8.0,0.0
2023-03-21 03:04:09.729000+00:00,12.0,0.0,12.0,0.0,8.0,0.0
2023-03-21 03:04:14.729000+00:00,12.0,0.0,12.0,0.0,8.0,0.0
2023-03-21 03:04:19.729000+00:00,12.0,0.0,12.0,0.0,8.0,0.0
2023-03-21 03:04:24.729000+00:00,12.0,0.0,12.0,0.0,8.0,0.0
2023-03-21 03:04:29.729000+00:00,12.0,0.0,12.0,0.0,8.0,0.0
2023-03-21 03:04:34.729000+00:00,12.0,0.0,12.0,0.0,8.0,0.0
2023-03-21 03:04:39.729000+00:00,12.0,0.0,12.0,0.0,8.0,0.0
2023-03-21 03:04:44.729000+00:00,12.0,0.0,12.0,0.0,8.0,0.0
2023-03-21 03:04:49.729000+00:00,12.0,0.0,12.0,0.0,8.0,0.0
2023-03-21 03:04:54.729000+00:00,12.0,0.0,12.0,0.0,8.0,0.0
2023-03-21 03:04:59.729000+00:00,12.0,0.0,12.0,0.0,8.0,0.0
2023-03-21 03:05:04.729000+00:00,12.0,0.0,12.0,0.0,8.0,0.0
2023-03-21 03:05:09.729000+00:00,12.0,0.0,12.0,0.0,8.0,0.0
2023-03-21 03:05:14.729000+00:00,12.0,0.0,12.0,0.0,8.0,0.0
2023-03-21 03:05:19.729000+00:00,12.0,0.0,12.0,0.0,8.0,0.0
2023-03-21 03:05:24.729000+00:00,12.0,0.0,12.0,0.0,8.0,0.0
2023-03-21 03:05:29.729000+00:00,12.0,0.0,12.0,0.0,8.0,0.0
2023-03-21 03:05:34.729000+00:00,12.0,0.0,12.0,0.0,8.0,0.0
2023-03-21 03:05:39.729000+00:00,12.0,0.0,12.0,0.0,8.0,0.0
2023-03-21 03:05:44.729000+00:00,12.0,0.0,12.0,0.0,8.0,0.0
2023-03-21 03:05:49.729000+00:00,12.0,0.0,12.0,0.0,8.0,0.0
2023-03-21 03:05:54.729000+00:00,12.0,0.0,12.0,0.0,8.0,0.0
2023-03-21 03:05:59.729000+00:00,12.0,0.0,12.0,0.0,8.0,0.0
2023-03-21 03:06:04.729000+00:00,12.0,0.0,12.0,0.0,8.0,0.0
2023-03-21 03:06:09.729000+00:00,12.0,0.0,12.0,0.0,8.0,0.0
2023-03-21 03:06:14.729000+00:00,12.0,0.0,12.0,0.0,8.0,0.0
2023-03-21 03:06:19.729000+00:00,12.0,0.0,12.0,0.0,8.0,0.0
2023-03-21 03:06:24.729000+00:00,12.0,0.0,12.0,0.0,8.0,0.0
2023-03-21 03:06:29.729000+00:00,12.0,0.0,12.0,0.0,8.0,0.0
2023-03-21 03:06:34.729000+00:00,12.0,0.0,12.0,0.0,8.0,0.0
2023-03-21 03:06:39.729000+00:00,12.0,0.0,12.0,0.0,8.0,0.0
2023-03-21 03:06:44.729000+00:00,12.0,0.0,12.0,0.0,8.0,0.0
2023-03-21 03:06:49.729000+00:00,12.0,0.0,12.0,0.0,8.0,0.0
2023-03-21 03:06:54.729000+00:00,12.0,0.0,12.0,0.0,8.0,0.0
2023-03-21 03:06:59.729000+00:00,12.0,0.0,12.0,0.0,8.0,0.0
2023-03-21 03:07:04.729000+00:00,12.0,0.0,12.0,0.0,8.0,0.0
2023-03-21 03:07:09.729000+00:00,12.0,0.0,12.0,0.0,8.0,0.0
2023-03-21 03:07:14.729000+00:00,12.0,0.0,12.0,0.0,8.0,0.0
2023-03-21 03:07:19.729000+00:00,12.0,0.0,12.0,0.0,8.0,0.0
2023-03-21 03:07:24.729000+00:00,12.0,0.0,12.0,0.0,8.0,0.0
2023-03-21 03:07:29.729000+00:00,12.0,0.0,12.0,0.0,8.0,0.0
2023-03-21 03:07:34.729000+00:00,12.0,0.0,12.0,0.0,8.0,0.0
2023-03-21 03:07:39.729000+00:00,12.0,0.0,12.0,0.0,8.0,0.0
2023-03-21 03:07:44.729000+00:00,12.0,0.0,12.0,0.0,8.0,0.0
2023-03-21 03:07:49.729000+00:00,12.0,0.0,12.0,0.0,8.0,0.0
2023-03-21 03:07:54.729000+00:00,12.0,0.0,12.0,0.0,8.0,0.0
2023-03-21 03:07:59.729000+00:00,12.0,0.0,12.0,0.0,8.0,0.0
2023-03-21 03:08:04.729000+00:00,12.0,0.0,12.0,0.0,8.0,0.0
2023-03-21 03:08:09.729000+00:00,12.0,0.0,12.0,0.0,8.0,0.0
2023-03-21 03:08:14.729000+00:00,12.0,0.0,12.0,0.0,8.0,0.0
2023-03-21 03:08:19.729000+00:00,12.0,0.0,12.0,0.0,8.0,0.0
2023-03-21 03:08:24.729000+00:00,12.0,0.0,12.0,0.0,8.0,0.0
2023-03-21 03:08:29.729000+00:00,12.0,0.0,12.0,0.0,8.0,0.0
2023-03-21 03:08:34.729000+00:00,12.0,0.0,12.0,0.0,8.0,0.0
2023-03-21 03:08:39.729000+00:00,12.0,0.0,12.0,0.0,8.0,0.0
2023-03-21 03:08:44.729000+00:00,12.0,0.0,12.0,0.0,8.0,0.0
2023-03-21 03:08:49.729000+00:00,12.0,0.0,12.0,0.0,8.0,0.0
2023-03-21 03:08:54.729000+00:00,12.0,0.0,12.0,0.0,8.0,0.0
2023-03-21 03:08:59.729000+00:00,12.0,0.0,12.0,0.0,8.0,0.0
2023-03-21 03:09:04.729000+00:00,12.0,0.0,12.0,0.0,8.0,0.0
2023-03-21 03:09:09.729000+00:00,12.0,0.0,12.0,0.0,8.0,0.0
2023-03-21 03:09:14.729000+00:00,12.0,0.0,12.0,0.0,8.0,0.0
2023-03-21 03:09:19.729000+00:00,12.0,0.0,12.0,0.0,8.0,0.0
2023-03-21 03:09:24.729000+00:00,12.0,0.0,12.0,0.0,8.0,0.0
2023-03-21 03:09:29.729000+00:00,12.0,0.0,12.0,0.0,8.0,0.0
2023-03-21 03:09:34.729000+00:00,12.0,0.0,12.0,0.0,8.0,0.0
2023-03-21 03:09:39.729000+00:00,12.0,0.0,12.0,0.0,8.0,0.0
2023-03-21 03:09:44.729000+00:00,12.0,0.0,12.0,0.0,8.0,0.0
2023-03-21 03:09:49.729000+00:00,12.0,0.0,12.0,0.0,8.0,0.0
2023-03-21 03:09:54.729000+00:00,12.0,0.0,12.0,0.0,8.0,0.0
2023-03-21 03:09:59.729000+00:00,12.0,0.0,12.0,0.0,8.0,0.0
2023-03-21 03:10:04.729000+00:00,12.0,0.0,12.0,0.0,8.0,0.0
2023-03-21 03:10:09.729000+00:00,12.0,0.0,12.0,0.0,8.0,0.0
2023-03-21 03:10:14.729000+00:00,12.0,0.0,12.0,0.0,8.0,0.0
2023-03-21 03:10:19.729000+00:00,12.0,0.0,12.0,0.0,8.0,0.0
2023-03-21 03:10:24.729000+00:00,12.0,0.0,12.0,0.0,8.0,0.0
2023-03-21 03:10:29.729000+00:00,12.0,0.0,12.0,0.0,8.0,0.0
2023-03-21 03:10:34.729000+00:00,12.0,0.0,12.0,0.0,8.0,0.0
2023-03-21 03:10:39.729000+00:00,12.0,0.0,12.0,0.0,8.0,0.0
2023-03-21 03:10:44.729000+00:00,12.0,0.0,12.0,0.0,8.0,0.0
2023-03-21 03:10:49.729000+00:00,12.0,0.0,12.0,0.0,8.0,0.0
2023-03-21 03:10:54.729000+00:00,12.0,0.0,12.0,0.0,8.0,0.0
2023-03-21 03:10:59.729000+00:00,12.0,0.0,12.0,0.0,8.0,0.0
2023-03-21 03:11:04.729000+00:00,12.0,0.0,12.0,0.0,8.0,0.0
2023-03-21 03:11:09.729000+00:00,12.0,0.0,12.0,0.0,8.0,0.0
2023-03-21 03:11:14.729000+00:00,12.0,0.0,12.0,0.0,8.0,0.0
2023-03-21 03:11:19.729000+00:00,12.0,0.0,12.0,0.0,8.0,0.0
2023-03-21 03:11:24.729000+00:00,12.0,0.0,12.0,0.0,8.0,0.0
2023-03-21 03:11:29.729000+00:00,12.0,0.0,12.0,0.0,8.0,0.0
2023-03-21 03:11:34.729000+00:00,12.0,0.0,12.0,0.0,8.0,0.0
2023-03-21 03:11:39.729000+00:00,12.0,0.0,12.0,0.0,8.0,0.0
2023-03-21 03:11:44.729000+00:00,12.0,0.0,12.0,0.0,8.0,0.0
2023-03-21 03:11:49.729000+00:00,12.0,0.0,12.0,0.0,8.0,0.0
2023-03-21 03:11:54.729000+00:00,12.0,0.0,12.0,0.0,8.0,0.0
2023-03-21 03:11:59.729000+00:00,12.0,0.0,12.0,0.0,8.0,0.0
2023-03-21 03:12:04.729000+00:00,12.0,0.0,12.0,0.0,8.0,0.0
2023-03-21 03:12:09.729000+00:00,12.0,0.0,12.0,0.0,8.0,0.0
2023-03-21 03:12:14.729000+00:00,12.0,0.0,12.0,0.0,8.0,0.0
2023-03-21 03:12:19.729000+00:00,12.0,0.0,12.0,0.0,8.0,0.0
2023-03-21 03:12:24.729000+00:00,12.0,0.0,12.0,0.0,8.0,0.0
2023-03-21 03:12:29.729000+00:00,12.0,0.0,12.0,0.0,8.0,0.0
2023-03-21 03:12:34.729000+00:00,12.0,0.0,12.0,0.0,8.0,0.0
2023-03-21 03:12:39.729000+00:00,12.0,0.0,12.0,0.0,8.0,0.0
2023-03-21 03:12:44.729000+00:00,12.0,0.0,12.0,0.0,8.0,0.0
2023-03-21 03:12:49.729000+00:00,12.0,0.0,12.0,0.0,8.0,0.0
2023-03-21 03:12:54.729000+00:00,12.0,0.0,12.0,0.0,8.0,0.0
2023-03-21 03:12:59.729000+00:00,12.0,0.0,12.0,0.0,8.0,0.0
2023-03-21 03:13:04.729000+00:00,12.0,0.0,12.0,0.0,8.0,0.0
2023-03-21 03:13:09.729000+00:00,12.0,0.0,12.0,0.0,8.0,0.0
2023-03-21 03:13:14.729000+00:00,12.0,0.0,12.0,0.0,8.0,0.0
2023-03-21 03:13:19.729000+00:00,12.0,0.0,12.0,0.0,8.0,0.0
2023-03-21 03:13:24.729000+00:00,12.0,0.0,12.0,0.0,8.0,0.0
2023-03-21 03:13:29.729000+00:00,12.0,0.0,12.0,0.0,8.0,0.0
2023-03-21 03:13:34.729000+00:00,12.0,0.0,12.0,0.0,8.0,0.0
2023-03-21 03:13:39.729000+00:00,12.0,0.0,12.0,0.0,8.0,0.0
2023-03-21 03:13:44.729000+00:00,12.0,0.0,12.0,0.0,8.0,0.0
2023-03-21 03:13:49.729000+00:00,12.0,0.0,12.0,0.0,8.0,0.0
2023-03-21 03:13:54.729000+00:00,12.0,0.0,12.0,0.0,8.0,0.0
2023-03-21 03:13:59.729000+00:00,12.0,0.0,12.0,0.0,8.0,0.0
2023-03-21 03:14:04.729000+00:00,12.0,0.0,12.0,0.0,8.0,0.0
2023-03-21 03:14:09.729000+00:00,12.0,0.0,12.0,0.0,8.0,0.0
2023-03-21 03:14:14.729000+00:00,12.0,0.0,12.0,0.0,8.0,0.0
2023-03-21 03:14:19.729000+00:00,12.0,0.0,12.0,0.0,8.0,0.0
2023-03-21 03:14:24.729000+00:00,12.0,0.0,12.0,0.0,8.0,0.0
2023-03-21 03:14:29.729000+00:00,12.0,0.0,12.0,0.0,8.0,0.0
2023-03-21 03:14:34.729000+00:00,12.0,0.0,12.0,0.0,8.0,0.0
2023-03-21 03:14:39.729000+00:00,12.0,0.0,12.0,0.0,8.0,0.0
2023-03-21 03:14:44.729000+00:00,12.0,0.0,12.0,0.0,8.0,0.0
2023-03-21 03:14:49.729000+00:00,12.0,0.0,12.0,0.0,8.0,0.0
2023-03-21 03:14:54.729000+00:00,12.0,0.0,12.0,0.0,8.0,0.0
2023-03-21 03:14:59.729000+00:00,12.0,0.0,12.0,0.0,8.0,0.0
2023-03-21 03:15:04.729000+00:00,12.0,0.0,12.0,0.0,8.0,0.0
2023-03-21 03:15:09.729000+00:00,12.0,0.0,12.0,0.0,8.0,0.0
2023-03-21 03:15:14.729000+00:00,12.0,0.0,12.0,0.0,8.0,0.0
2023-03-21 03:15:19.729000+00:00,12.0,0.0,12.0,0.0,8.0,0.0
2023-03-21 03:15:24.729000+00:00,12.0,0.0,12.0,0.0,8.0,0.0
2023-03-21 03:15:29.729000+00:00,12.0,0.0,12.0,0.0,8.0,0.0
2023-03-21 03:15:34.729000+00:00,12.0,0.0,12.0,0.0,8.0,0.0
2023-03-21 03:15:39.729000+00:00,12.0,0.0,12.0,0.0,8.0,0.0
2023-03-21 03:15:44.729000+00:00,12.0,0.0,12.0,0.0,8.0,0.0
2023-03-21 03:15:49.729000+00:00,12.0,0.0,12.0,0.0,8.0,0.0
2023-03-21 03:15:54.729000+00:00,12.0,0.0,12.0,0.0,8.0,0.0
2023-03-21 03:15:59.729000+00:00,12.0,0.0,12.0,0.0,8.0,0.0
2023-03-21 03:16:04.729000+00:00,12.0,0.0,12.0,0.0,8.0,0.0
2023-03-21 03:16:09.729000+00:00,12.0,0.0,12.0,0.0,8.0,0.0
2023-03-21 03:16:14.729000+00:00,12.0,0.0,12.0,0.0,8.0,0.0
2023-03-21 03:16:19.729000+00:00,12.0,0.0,12.0,0.0,8.0,0.0
2023-03-21 03:16:24.729000+00:00,12.0,0.0,12.0,0.0,8.0,0.0
2023-03-21 03:16:29.729000+00:00,12.0,0.0,12.0,0.0,8.0,0.0
2023-03-21 03:16:34.729000+00:00,12.0,0.0,12.0,0.0,8.0,0.0
2023-03-21 03:16:39.729000+00:00,12.0,0.0,12.0,0.0,8.0,0.0
2023-03-21 03:16:44.729000+00:00,12.0,0.0,12.0,0.0,8.0,0.0
2023-03-21 03:16:49.729000+00:00,12.0,0.0,12.0,0.0,8.0,0.0
2023-03-21 03:16:54.729000+00:00,12.0,0.0,12.0,0.0,8.0,0.0
2023-03-21 03:16:59.729000+00:00,12.0,0.0,12.0,0.0,8.0,0.0
2023-03-21 03:17:04.729000+00:00,12.0,0.0,12.0,0.0,8.0,0.0
2023-03-21 03:17:09.729000+00:00,12.0,0.0,12.0,0.0,8.0,0.0
2023-03-21 03:17:14.729000+00:00,12.0,0.0,12.0,0.0,8.0,0.0
2023-03-21 03:17:19.729000+00:00,12.0,0.0,12.0,0.0,8.0,0.0
2023-03-21 03:17:24.729000+00:00,12.0,0.0,12.0,0.0,8.0,0.0
2023-03-21 03:17:29.729000+00:00,12.0,0.0,12.0,0.0,8.0,0.0
2023-03-21 03:17:34.729000+00:00,12.0,0.0,12.0,0.0,8.0,0.0
2023-03-21 03:17:39.729000+00:00,12.0,0.0,12.0,0.0,8.0,0.0
2023-03-21 03:17:44.729000+00:00,12.0,0.0,12.0,0.0,8.0,0.0
2023-03-21 03:17:49.729000+00:00,12.0,0.0,12.0,0.0,8.0,0.0
2023-03-21 03:17:54.729000+00:00,12.0,0.0,12.0,0.0,8.0,0.0
2023-03-21 03:17:59.729000+00:00,12.0,0.0,12.0,0.0,8.0,0.0
2023-03-21 03:18:04.729000+00:00,12.0,0.0,12.0,0.0,8.0,0.0
2023-03-21 03:18:09.729000+00:00,12.0,0.0,12.0,0.0,8.0,0.0
2023-03-21 03:18:14.729000+00:00,12.0,0.0,12.0,0.0,8.0,0.0
2023-03-21 03:18:19.729000+00:00,12.0,0.0,12.0,0.0,8.0,0.0
2023-03-21 03:18:24.729000+00:00,12.0,0.0,12.0,0.0,8.0,0.0
2023-03-21 03:18:29.729000+00:00,12.0,0.0,12.0,0.0,8.0,0.0
2023-03-21 03:18:34.729000+00:00,12.0,0.0,12.0,0.0,8.0,0.0
2023-03-21 03:18:39.729000+00:00,12.0,0.0,12.0,0.0,8.0,0.0
2023-03-21 03:18:44.729000+00:00,12.0,0.0,12.0,0.0,8.0,0.0
2023-03-21 03:18:49.729000+00:00,12.0,0.0,12.0,0.0,8.0,0.0
2023-03-21 03:18:54.729000+00:00,12.0,0.0,12.0,0.0,8.0,0.0
2023-03-21 03:18:59.729000+00:00,12.0,0.0,12.0,0.0,8.0,0.0
2023-03-21 03:19:04.729000+00:00,12.0,0.0,12.0,0.0,8.0,0.0
2023-03-21 03:19:09.729000+00:00,12.0,0.0,12.0,0.0,8.0,0.0
2023-03-21 03:19:14.729000+00:00,12.0,0.0,12.0,0.0,8.0,0.0
2023-03-21 03:19:19.729000+00:00,12.0,0.0,12.0,0.0,8.0,0.0
2023-03-21 03:19:24.729000+00:00,12.0,0.0,12.0,0.0,8.0,0.0
2023-03-21 03:19:29.729000+00:00,12.0,0.0,12.0,0.0,8.0,0.0
2023-03-21 03:19:34.729000+00:00,12.0,0.0,12.0,0.0,8.0,0.0
2023-03-21 03:19:39.729000+00:00,12.0,0.0,12.0,0.0,8.0,0.0
2023-03-21 03:19:44.729000+00:00,12.0,0.0,12.0,0.0,8.0,0.0
2023-03-21 03:19:49.729000+00:00,12.0,0.0,12.0,0.0,8.0,0.0
2023-03-21 03:19:54.729000+00:00,12.0,0.0,12.0,0.0,8.0,0.0
2023-03-21 03:19:59.729000+00:00,12.0,0.0,12.0,0.0,8.0,0.0
2023-03-21 03:20:04.729000+00:00,12.0,0.0,12.0,0.0,8.0,0.0
2023-03-21 03:20:09.729000+00:00,12.0,0.0,12.0,0.0,8.0,0.0
2023-03-21 03:20:14.729000+00:00,12.0,0.0,12.0,0.0,8.0,0.0
2023-03-21 03:20:19.729000+00:00,12.0,0.0,12.0,0.0,8.0,0.0
2023-03-21 03:20:24.729000+00:00,12.0,0.0,12.0,0.0,8.0,0.0
2023-03-21 03:20:29.729000+00:00,12.0,0.0,12.0,0.0,8.0,0.0
2023-03-21 03:20:34.729000+00:00,12.0,0.0,12.0,0.0,8.0,0.0
2023-03-21 03:20:39.729000+00:00,12.0,0.0,12.0,0.0,8.0,0.0
2023-03-21 03:20:44.729000+00:00,12.0,0.0,12.0,0.0,8.0,0.0
2023-03-21 03:20:49.729000+00:00,12.0,0.0,12.0,0.0,8.0,0.0
2023-03-21 03:20:54.729000+00:00,12.0,0.0,12.0,0.0,8.0,0.0
2023-03-21 03:20:59.729000+00:00,12.0,0.0,12.0,0.0,8.0,0.0
2023-03-21 03:21:04.729000+00:00,12.0,0.0,12.0,0.0,8.0,0.0
2023-03-21 03:21:09.729000+00:00,12.0,0.0,12.0,0.0,8.0,0.0
2023-03-21 03:21:14.729000+00:00,12.0,0.0,12.0,0.0,8.0,0.0
2023-03-21 03:21:19.729000+00:00,12.0,0.0,12.0,0.0,8.0,0.0
2023-03-21 03:21:24.729000+00:00,12.0,0.0,12.0,0.0,8.0,0.0
2023-03-21 03:21:29.729000+00:00,12.0,0.0,12.0,0.0,8.0,0.0
2023-03-21 03:21:34.729000+00:00,12.0,0.0,12.0,0.0,8.0,0.0
2023-03-21 03:21:39.729000+00:00,12.0,0.0,12.0,0.0,8.0,0.0
2023-03-21 03:21:44.729000+00:00,12.0,0.0,12.0,0.0,8.0,0.0
2023-03-21 03:21:49.729000+00:00,12.0,0.0,12.0,0.0,8.0,0.0
2023-03-21 03:21:54.729000+00:00,12.0,0.0,12.0,0.0,8.0,0.0
2023-03-21 03:21:59.729000+00:00,12.0,0.0,12.0,0.0,8.0,0.0
2023-03-21 03:22:04.729000+00:00,12.0,0.0,12.0,0.0,8.0,0.0
2023-03-21 03:22:09.729000+00:00,12.0,0.0,12.0,0.0,8.0,0.0
2023-03-21 03:22:14.729000+00:00,12.0,0.0,12.0,0.0,8.0,0.0
2023-03-21 03:22:19.729000+00:00,12.0,0.0,12.0,0.0,8.0,0.0
2023-03-21 03:22:24.729000+00:00,12.0,0.0,12.0,0.0,8.0,0.0
2023-03-21 03:22:29.729000+00:00,12.0,0.0,12.0,0.0,8.0,0.0
2023-03-21 03:22:34.729000+00:00,12.0,0.0,12.0,0.0,8.0,0.0
2023-03-21 03:22:39.729000+00:00,12.0,0.0,12.0,0.0,8.0,0.0
2023-03-21 03:22:44.729000+00:00,12.0,0.0,12.0,0.0,8.0,0.0
2023-03-21 03:22:49.729000+00:00,12.0,0.0,12.0,0.0,8.0,0.0
2023-03-21 03:22:54.729000+00:00,12.0,0.0,12.0,0.0,8.0,0.0
2023-03-21 03:22:59.729000+00:00,12.0,0.0,12.0,0.0,8.0,0.0
2023-03-21 03:23:04.729000+00:00,12.0,0.0,12.0,0.0,8.0,0.0
2023-03-21 03:23:09.729000+00:00,12.0,0.0,12.0,0.0,8.0,0.0
2023-03-21 03:23:14.729000+00:00,12.0,0.0,12.0,0.0,8.0,0.0
2023-03-21 03:23:19.729000+00:00,12.0,0.0,12.0,0.0,8.0,0.0
2023-03-21 03:23:24.729000+00:00,12.0,0.0,12.0,0.0,8.0,0.0
2023-03-21 03:23:29.729000+00:00,12.0,0.0,12.0,0.0,8.0,0.0
2023-03-21 03:23:34.729000+00:00,12.0,0.0,12.0,0.0,8.0,0.0
2023-03-21 03:23:39.729000+00:00,12.0,0.0,12.0,0.0,8.0,0.0
2023-03-21 03:23:44.729000+00:00,12.0,0.0,12.0,0.0,8.0,0.0
2023-03-21 03:23:49.729000+00:00,12.0,0.0,12.0,0.0,8.0,0.0
2023-03-21 03:23:54.729000+00:00,12.0,0.0,12.0,0.0,8.0,0.0
2023-03-21 03:23:59.729000+00:00,12.0,0.0,12.0,0.0,8.0,0.0
2023-03-21 03:24:04.729000+00:00,12.0,0.0,12.0,0.0,8.0,0.0
2023-03-21 03:24:09.729000+00:00,12.0,0.0,12.0,0.0,8.0,0.0
2023-03-21 03:24:14.729000+00:00,12.0,0.0,12.0,0.0,8.0,0.0
2023-03-21 03:24:19.729000+00:00,12.0,0.0,12.0,0.0,8.0,0.0
2023-03-21 03:24:24.729000+00:00,12.0,0.0,12.0,0.0,8.0,0.0
2023-03-21 03:24:29.729000+00:00,12.0,0.0,12.0,0.0,8.0,0.0
2023-03-21 03:24:34.729000+00:00,12.0,0.0,12.0,0.0,8.0,0.0
2023-03-21 03:24:39.729000+00:00,12.0,0.0,12.0,0.0,8.0,0.0
2023-03-21 03:24:44.729000+00:00,12.0,0.0,12.0,0.0,8.0,0.0
2023-03-21 03:24:49.729000+00:00,12.0,0.0,12.0,0.0,8.0,0.0
2023-03-21 03:24:54.729000+00:00,12.0,0.0,12.0,0.0,8.0,0.0
2023-03-21 03:24:59.729000+00:00,12.0,0.0,12.0,0.0,8.0,0.0
2023-03-21 03:25:04.729000+00:00,12.0,0.0,12.0,0.0,8.0,0.0
2023-03-21 03:25:09.729000+00:00,12.0,0.0,12.0,0.0,8.0,0.0
2023-03-21 03:25:14.729000+00:00,12.0,0.0,12.0,0.0,8.0,0.0
2023-03-21 03:25:19.729000+00:00,12.0,0.0,12.0,0.0,8.0,0.0
2023-03-21 03:25:24.729000+00:00,12.0,0.0,12.0,0.0,8.0,0.0
2023-03-21 03:25:29.729000+00:00,12.0,0.0,12.0,0.0,8.0,0.0
2023-03-21 03:25:34.729000+00:00,12.0,0.0,12.0,0.0,8.0,0.0
2023-03-21 03:25:39.729000+00:00,12.0,0.0,12.0,0.0,8.0,0.0
2023-03-21 03:25:44.729000+00:00,12.0,0.0,12.0,0.0,8.0,0.0
2023-03-21 03:25:49.729000+00:00,12.0,0.0,12.0,0.0,8.0,0.0
2023-03-21 03:25:54.729000+00:00,12.0,0.0,12.0,0.0,8.0,0.0
2023-03-21 03:25:59.729000+00:00,12.0,0.0,12.0,0.0,8.0,0.0
2023-03-21 03:26:04.729000+00:00,12.0,0.0,12.0,0.0,8.0,0.0
2023-03-21 03:26:09.729000+00:00,12.0,0.0,12.0,0.0,8.0,0.0
2023-03-21 03:26:14.729000+00:00,12.0,0.0,12.0,0.0,8.0,0.0
2023-03-21 03:26:19.729000+00:00,12.0,0.0,12.0,0.0,8.0,0.0
2023-03-21 03:26:24.729000+00:00,12.0,0.0,12.0,0.0,8.0,0.0
2023-03-21 03:26:29.729000+00:00,12.0,0.0,12.0,0.0,8.0,0.0
2023-03-21 03:26:34.729000+00:00,12.0,0.0,12.0,0.0,8.0,0.0
2023-03-21 03:26:39.729000+00:00,12.0,0.0,12.0,0.0,8.0,0.0
2023-03-21 03:26:44.729000+00:00,12.0,0.0,12.0,0.0,8.0,0.0
2023-03-21 03:26:49.729000+00:00,12.0,0.0,12.0,0.0,8.0,0.0
2023-03-21 03:26:54.729000+00:00,12.0,0.0,12.0,0.0,8.0,0.0
2023-03-21 03:26:59.729000+00:00,12.0,0.0,12.0,0.0,8.0,0.0
2023-03-21 03:27:04.729000+00:00,12.0,0.0,12.0,0.0,8.0,0.0
2023-03-21 03:27:09.729000+00:00,12.0,0.0,12.0,0.0,8.0,0.0
2023-03-21 03:27:14.729000+00:00,12.0,0.0,12.0,0.0,8.0,0.0
2023-03-21 03:27:19.729000+00:00,12.0,0.0,12.0,0.0,8.0,0.0
2023-03-21 03:27:24.729000+00:00,12.0,0.0,12.0,0.0,8.0,0.0
2023-03-21 03:27:29.729000+00:00,12.0,0.0,12.0,0.0,8.0,0.0
2023-03-21 03:27:34.729000+00:00,12.0,0.0,12.0,0.0,8.0,0.0
2023-03-21 03:27:39.729000+00:00,12.0,0.0,12.0,0.0,8.0,0.0
2023-03-21 03:27:44.729000+00:00,12.0,0.0,12.0,0.0,8.0,0.0
2023-03-21 03:27:49.729000+00:00,12.0,0.0,12.0,0.0,8.0,0.0
2023-03-21 03:27:54.729000+00:00,12.0,0.0,12.0,0.0,8.0,0.0
2023-03-21 03:27:59.729000+00:00,12.0,0.0,12.0,0.0,8.0,0.0
2023-03-21 03:28:04.729000+00:00,12.0,0.0,12.0,0.0,8.0,0.0
2023-03-21 03:28:09.729000+00:00,12.0,0.0,12.0,0.0,8.0,0.0
2023-03-21 03:28:14.729000+00:00,12.0,0.0,12.0,0.0,8.0,0.0
2023-03-21 03:28:19.729000+00:00,12.0,0.0,12.0,0.0,8.0,0.0
2023-03-21 03:28:24.729000+00:00,12.0,0.0,12.0,0.0,8.0,0.0
2023-03-21 03:28:29.729000+00:00,12.0,0.0,12.0,0.0,8.0,0.0
2023-03-21 03:28:34.729000+00:00,12.0,0.0,12.0,0.0,8.0,0.0
2023-03-21 03:28:39.729000+00:00,12.0,0.0,12.0,0.0,8.0,0.0
2023-03-21 03:28:44.729000+00:00,12.0,0.0,12.0,0.0,8.0,0.0
2023-03-21 03:28:49.729000+00:00,12.0,0.0,12.0,0.0,8.0,0.0
2023-03-21 03:28:54.729000+00:00,12.0,0.0,12.0,0.0,8.0,0.0
2023-03-21 03:28:59.729000+00:00,12.0,0.0,12.0,0.0,8.0,0.0
2023-03-21 03:29:04.729000+00:00,12.0,0.0,12.0,0.0,8.0,0.0
2023-03-21 03:29:09.729000+00:00,12.0,0.0,12.0,0.0,8.0,0.0
2023-03-21 03:29:14.729000+00:00,12.0,0.0,12.0,0.0,8.0,0.0
2023-03-21 03:29:19.729000+00:00,12.0,0.0,12.0,0.0,8.0,0.0
2023-03-21 03:29:24.729000+00:00,12.0,0.0,12.0,0.0,8.0,0.0
2023-03-21 03:29:29.729000+00:00,12.0,0.0,12.0,0.0,8.0,0.0
2023-03-21 03:29:34.729000+00:00,12.0,0.0,12.0,0.0,8.0,0.0
2023-03-21 03:29:39.729000+00:00,12.0,0.0,12.0,0.0,8.0,0.0
2023-03-21 03:29:44.729000+00:00,12.0,0.0,12.0,0.0,8.0,0.0
2023-03-21 03:29:49.729000+00:00,12.0,0.0,12.0,0.0,8.0,0.0
2023-03-21 03:29:54.729000+00:00,12.0,0.0,12.0,0.0,8.0,0.0
2023-03-21 03:29:59.729000+00:00,12.0,0.0,12.0,0.0,8.0,0.0
2023-03-21 03:30:04.729000+00:00,12.0,0.0,12.0,0.0,8.0,0.0
2023-03-21 03:30:09.729000+00:00,12.0,0.0,12.0,0.0,8.0,0.0
2023-03-21 03:30:14.729000+00:00,12.0,0.0,12.0,0.0,8.0,0.0
2023-03-21 03:30:19.729000+00:00,12.0,0.0,12.0,0.0,8.0,0.0
2023-03-21 03:30:24.729000+00:00,12.0,0.0,12.0,0.0,8.0,0.0
2023-03-21 03:30:29.729000+00:00,12.0,0.0,12.0,0.0,8.0,0.0
2023-03-21 03:30:34.729000+00:00,12.0,0.0,12.0,0.0,8.0,0.0
2023-03-21 03:30:39.729000+00:00,12.0,0.0,12.0,0.0,8.0,0.0
2023-03-21 03:30:44.729000+00:00,12.0,0.0,12.0,0.0,8.0,0.0
2023-03-21 03:30:49.729000+00:00,12.0,0.0,12.0,0.0,8.0,0.0
2023-03-21 03:30:54.729000+00:00,12.0,0.0,12.0,0.0,8.0,0.0
2023-03-21 03:30:59.729000+00:00,12.0,0.0,12.0,0.0,8.0,0.0
2023-03-21 03:31:04.729000+00:00,12.0,0.0,12.0,0.0,8.0,0.0
2023-03-21 03:31:09.729000+00:00,12.0,0.0,12.0,0.0,8.0,0.0
2023-03-21 03:31:14.729000+00:00,12.0,0.0,12.0,0.0,8.0,0.0
2023-03-21 03:31:19.729000+00:00,12.0,0.0,12.0,0.0,8.0,0.0
2023-03-21 03:31:24.729000+00:00,12.0,0.0,12.0,0.0,8.0,0.0
2023-03-21 03:31:29.729000+00:00,12.0,0.0,12.0,0.0,8.0,0.0
2023-03-21 03:31:34.729000+00:00,12.0,0.0,12.0,0.0,8.0,0.0
2023-03-21 03:31:39.729000+00:00,12.0,0.0,12.0,0.0,8.0,0.0
2023-03-21 03:31:44.729000+00:00,12.0,0.0,12.0,0.0,8.0,0.0
2023-03-21 03:31:49.729000+00:00,12.0,0.0,12.0,0.0,8.0,0.0
2023-03-21 03:31:54.729000+00:00,12.0,0.0,12.0,0.0,8.0,0.0
2023-03-21 03:31:59.729000+00:00,12.0,0.0,12.0,0.0,8.0,0.0
2023-03-21 03:32:04.729000+00:00,12.0,0.0,12.0,0.0,8.0,0.0
2023-03-21 03:32:09.729000+00:00,12.0,0.0,12.0,0.0,8.0,0.0
2023-03-21 03:32:14.729000+00:00,12.0,0.0,12.0,0.0,8.0,0.0
2023-03-21 03:32:19.729000+00:00,12.0,0.0,12.0,0.0,8.0,0.0
2023-03-21 03:32:24.729000+00:00,12.0,0.0,12.0,0.0,8.0,0.0
2023-03-21 03:32:29.729000+00:00,12.0,0.0,12.0,0.0,8.0,0.0
2023-03-21 03:32:34.729000+00:00,12.0,0.0,12.0,0.0,8.0,0.0
2023-03-21 03:32:39.729000+00:00,12.0,0.0,12.0,0.0,8.0,0.0
2023-03-21 03:32:44.729000+00:00,12.0,0.0,12.0,0.0,8.0,0.0
2023-03-21 03:32:49.729000+00:00,12.0,0.0,12.0,0.0,8.0,0.0
2023-03-21 03:32:54.729000+00:00,12.0,0.0,12.0,0.0,8.0,0.0
2023-03-21 03:32:59.729000+00:00,12.0,0.0,12.0,0.0,8.0,0.0
2023-03-21 03:33:04.729000+00:00,12.0,0.0,12.0,0.0,8.0,0.0
2023-03-21 03:33:09.729000+00:00,12.0,0.0,12.0,0.0,8.0,0.0
2023-03-21 03:33:14.729000+00:00,12.0,0.0,12.0,0.0,8.0,0.0
2023-03-21 03:33:19.729000+00:00,12.0,0.0,12.0,0.0,8.0,0.0
2023-03-21 03:33:24.729000+00:00,12.0,0.0,12.0,0.0,8.0,0.0
2023-03-21 03:33:29.729000+00:00,12.0,0.0,12.0,0.0,8.0,0.0
2023-03-21 03:33:34.729000+00:00,12.0,0.0,12.0,0.0,8.0,0.0
2023-03-21 03:33:39.729000+00:00,12.0,0.0,12.0,0.0,8.0,0.0
2023-03-21 03:33:44.729000+00:00,12.0,0.0,12.0,0.0,8.0,0.0
2023-03-21 03:33:49.729000+00:00,12.0,0.0,12.0,0.0,8.0,0.0
2023-03-21 03:33:54.729000+00:00,12.0,0.0,12.0,0.0,8.0,0.0
2023-03-21 03:33:59.729000+00:00,12.0,0.0,12.0,0.0,8.0,0.0
2023-03-21 03:34:04.729000+00:00,12.0,0.0,12.0,0.0,8.0,0.0
2023-03-21 03:34:09.729000+00:00,12.0,0.0,12.0,0.0,8.0,0.0
2023-03-21 03:34:14.729000+00:00,12.0,0.0,12.0,0.0,8.0,0.0
2023-03-21 03:34:19.729000+00:00,12.0,0.0,12.0,0.0,8.0,0.0
2023-03-21 03:34:24.729000+00:00,12.0,0.0,12.0,0.0,8.0,0.0
2023-03-21 03:34:29.729000+00:00,12.0,0.0,12.0,0.0,8.0,0.0
2023-03-21 03:34:34.729000+00:00,12.0,0.0,12.0,0.0,8.0,0.0
2023-03-21 03:34:39.729000+00:00,12.0,0.0,12.0,0.0,8.0,0.0
2023-03-21 03:34:44.729000+00:00,12.0,0.0,12.0,0.0,8.0,0.0
2023-03-21 03:34:49.729000+00:00,12.0,0.0,12.0,0.0,8.0,0.0
2023-03-21 03:34:54.729000+00:00,12.0,0.0,12.0,0.0,8.0,0.0
2023-03-21 03:34:59.729000+00:00,12.0,0.0,12.0,0.0,8.0,0.0
2023-03-21 03:35:04.729000+00:00,12.0,0.0,12.0,0.0,8.0,0.0
2023-03-21 03:35:09.729000+00:00,12.0,0.0,12.0,0.0,8.0,0.0
2023-03-21 03:35:14.729000+00:00,12.0,0.0,12.0,0.0,8.0,0.0
2023-03-21 03:35:19.729000+00:00,12.0,0.0,12.0,0.0,8.0,0.0
2023-03-21 03:35:24.729000+00:00,12.0,0.0,12.0,0.0,8.0,0.0
2023-03-21 03:35:29.729000+00:00,12.0,0.0,12.0,0.0,8.0,0.0
2023-03-21 03:35:34.729000+00:00,12.0,0.0,12.0,0.0,8.0,0.0
2023-03-21 03:35:39.729000+00:00,12.0,0.0,12.0,0.0,8.0,0.0
2023-03-21 03:35:44.729000+00:00,12.0,0.0,12.0,0.0,8.0,0.0
2023-03-21 03:35:49.729000+00:00,12.0,0.0,12.0,0.0,8.0,0.0
2023-03-21 03:35:54.729000+00:00,12.0,0.0,12.0,0.0,8.0,0.0
2023-03-21 03:35:59.729000+00:00,12.0,0.0,12.0,0.0,8.0,0.0
2023-03-21 03:36:04.729000+00:00,12.0,0.0,12.0,0.0,8.0,0.0
2023-03-21 03:36:09.729000+00:00,12.0,0.0,12.0,0.0,8.0,0.0
2023-03-21 03:36:14.729000+00:00,12.0,0.0,12.0,0.0,8.0,0.0
2023-03-21 03:36:19.729000+00:00,12.0,0.0,12.0,0.0,8.0,0.0
2023-03-21 03:36:24.729000+00:00,12.0,0.0,12.0,0.0,8.0,0.0
2023-03-21 03:36:29.729000+00:00,12.0,0.0,12.0,0.0,8.0,0.0
2023-03-21 03:36:34.729000+00:00,12.0,0.0,12.0,0.0,8.0,0.0
2023-03-21 03:36:39.729000+00:00,12.0,0.0,12.0,0.0,8.0,0.0
2023-03-21 03:36:44.729000+00:00,12.0,0.0,12.0,0.0,8.0,0.0
2023-03-21 03:36:49.729000+00:00,12.0,0.0,12.0,0.0,8.0,0.0
2023-03-21 03:36:54.729000+00:00,12.0,0.0,12.0,0.0,8.0,0.0
2023-03-21 03:36:59.729000+00:00,12.0,0.0,12.0,0.0,8.0,0.0
2023-03-21 03:37:04.729000+00:00,12.0,0.0,12.0,0.0,8.0,0.0
2023-03-21 03:37:09.729000+00:00,12.0,0.0,12.0,0.0,8.0,0.0
2023-03-21 03:37:14.729000+00:00,12.0,0.0,12.0,0.0,8.0,0.0
2023-03-21 03:37:19.729000+00:00,12.0,0.0,12.0,0.0,8.0,0.0
2023-03-21 03:37:24.729000+00:00,12.0,0.0,12.0,0.0,8.0,0.0
2023-03-21 03:37:29.729000+00:00,12.0,0.0,12.0,0.0,8.0,0.0
2023-03-21 03:37:34.729000+00:00,12.0,0.0,12.0,0.0,8.0,0.0
2023-03-21 03:37:39.729000+00:00,12.0,0.0,12.0,0.0,8.0,0.0
2023-03-21 03:37:44.729000+00:00,12.0,0.0,12.0,0.0,8.0,0.0
2023-03-21 03:37:49.729000+00:00,12.0,0.0,12.0,0.0,8.0,0.0
2023-03-21 03:37:54.729000+00:00,12.0,0.0,12.0,0.0,8.0,0.0
2023-03-21 03:37:59.729000+00:00,12.0,0.0,12.0,0.0,8.0,0.0
2023-03-21 03:38:04.729000+00:00,12.0,0.0,12.0,0.0,8.0,0.0
2023-03-21 03:38:09.729000+00:00,12.0,0.0,12.0,0.0,8.0,0.0
2023-03-21 03:38:14.729000+00:00,12.0,0.0,12.0,0.0,8.0,0.0
2023-03-21 03:38:19.729000+00:00,12.0,0.0,12.0,0.0,8.0,0.0
2023-03-21 03:38:24.729000+00:00,12.0,0.0,12.0,0.0,8.0,0.0
2023-03-21 03:38:29.729000+00:00,12.0,0.0,12.0,0.0,8.0,0.0
2023-03-21 03:38:34.729000+00:00,12.0,0.0,12.0,0.0,8.0,0.0
2023-03-21 03:38:39.729000+00:00,12.0,0.0,12.0,0.0,8.0,0.0
2023-03-21 03:38:44.729000+00:00,12.0,0.0,12.0,0.0,8.0,0.0
2023-03-21 03:38:49.729000+00:00,12.0,0.0,12.0,0.0,8.0,0.0
2023-03-21 03:38:54.729000+00:00,12.0,0.0,12.0,0.0,8.0,0.0
2023-03-21 03:38:59.729000+00:00,12.0,0.0,12.0,0.0,8.0,0.0
2023-03-21 03:39:04.729000+00:00,12.0,0.0,12.0,0.0,8.0,0.0
2023-03-21 03:39:09.729000+00:00,12.0,0.0,12.0,0.0,8.0,0.0
2023-03-21 03:39:14.729000+00:00,12.0,0.0,12.0,0.0,8.0,0.0
2023-03-21 03:39:19.729000+00:00,12.0,0.0,12.0,0.0,8.0,0.0
2023-03-21 03:39:24.729000+00:00,12.0,0.0,12.0,0.0,8.0,0.0
2023-03-21 03:39:29.729000+00:00,12.0,0.0,12.0,0.0,8.0,0.0
2023-03-21 03:39:34.729000+00:00,12.0,0.0,12.0,0.0,8.0,0.0
2023-03-21 03:39:39.729000+00:00,12.0,0.0,12.0,0.0,8.0,0.0
2023-03-21 03:39:44.729000+00:00,12.0,0.0,12.0,0.0,8.0,0.0
2023-03-21 03:39:49.729000+00:00,12.0,0.0,12.0,0.0,8.0,0.0
2023-03-21 03:39:54.729000+00:00,12.0,0.0,12.0,0.0,8.0,0.0
2023-03-21 03:39:59.729000+00:00,12.0,0.0,12.0,0.0,8.0,0.0
2023-03-21 03:40:04.729000+00:00,12.0,0.0,12.0,0.0,8.0,0.0
2023-03-21 03:40:09.729000+00:00,12.0,0.0,12.0,0.0,8.0,0.0
2023-03-21 03:40:14.729000+00:00,12.0,0.0,12.0,0.0,8.0,0.0
2023-03-21 03:40:19.729000+00:00,12.0,0.0,12.0,0.0,8.0,0.0
2023-03-21 03:40:24.729000+00:00,12.0,0.0,12.0,0.0,8.0,0.0
2023-03-21 03:40:29.729000+00:00,12.0,0.0,12.0,0.0,8.0,0.0
2023-03-21 03:40:34.729000+00:00,12.0,0.0,12.0,0.0,8.0,0.0
2023-03-21 03:40:39.729000+00:00,12.0,0.0,12.0,0.0,8.0,0.0
2023-03-21 03:40:44.729000+00:00,12.0,0.0,12.0,0.0,8.0,0.0
2023-03-21 03:40:49.729000+00:00,12.0,0.0,12.0,0.0,8.0,0.0
2023-03-21 03:40:54.729000+00:00,12.0,0.0,12.0,0.0,8.0,0.0
2023-03-21 03:40:59.729000+00:00,12.0,0.0,12.0,0.0,8.0,0.0
2023-03-21 03:41:04.729000+00:00,12.0,0.0,12.0,0.0,8.0,0.0
2023-03-21 03:41:09.729000+00:00,12.0,0.0,12.0,0.0,8.0,0.0
2023-03-21 03:41:14.729000+00:00,12.0,0.0,12.0,0.0,8.0,0.0
2023-03-21 03:41:19.729000+00:00,12.0,0.0,12.0,0.0,8.0,0.0
2023-03-21 03:41:24.729000+00:00,12.0,0.0,12.0,0.0,8.0,0.0
2023-03-21 03:41:29.729000+00:00,12.0,0.0,12.0,0.0,8.0,0.0
2023-03-21 03:41:34.729000+00:00,12.0,0.0,12.0,0.0,8.0,0.0
2023-03-21 03:41:39.729000+00:00,12.0,0.0,12.0,0.0,8.0,0.0
2023-03-21 03:41:44.729000+00:00,12.0,0.0,12.0,0.0,8.0,0.0
2023-03-21 03:41:49.729000+00:00,12.0,0.0,12.0,0.0,8.0,0.0
2023-03-21 03:41:54.729000+00:00,12.0,0.0,12.0,0.0,8.0,0.0
2023-03-21 03:41:59.729000+00:00,12.0,0.0,12.0,0.0,8.0,0.0
2023-03-21 03:42:04.729000+00:00,12.0,0.0,12.0,0.0,8.0,0.0
2023-03-21 03:42:09.729000+00:00,12.0,0.0,12.0,0.0,8.0,0.0
2023-03-21 03:42:14.729000+00:00,12.0,0.0,12.0,0.0,8.0,0.0
2023-03-21 03:42:19.729000+00:00,12.0,0.0,12.0,0.0,8.0,0.0
2023-03-21 03:42:24.729000+00:00,12.0,0.0,12.0,0.0,8.0,0.0
2023-03-21 03:42:29.729000+00:00,12.0,0.0,12.0,0.0,8.0,0.0
2023-03-21 03:42:34.729000+00:00,12.0,0.0,12.0,0.0,8.0,0.0
2023-03-21 03:42:39.729000+00:00,12.0,0.0,12.0,0.0,8.0,0.0
2023-03-21 03:42:44.729000+00:00,12.0,0.0,12.0,0.0,8.0,0.0
2023-03-21 03:42:49.729000+00:00,12.0,0.0,12.0,0.0,8.0,0.0
2023-03-21 03:42:54.729000+00:00,12.0,0.0,12.0,0.0,8.0,0.0
2023-03-21 03:42:59.729000+00:00,12.0,0.0,12.0,0.0,8.0,0.0
2023-03-21 03:43:04.729000+00:00,12.0,0.0,12.0,0.0,8.0,0.0
2023-03-21 03:43:09.729000+00:00,12.0,0.0,12.0,0.0,8.0,0.0
2023-03-21 03:43:14.729000+00:00,12.0,0.0,12.0,0.0,8.0,0.0
2023-03-21 03:43:19.729000+00:00,12.0,0.0,12.0,0.0,8.0,0.0
2023-03-21 03:43:24.729000+00:00,12.0,0.0,12.0,0.0,8.0,0.0
2023-03-21 03:43:29.729000+00:00,12.0,0.0,12.0,0.0,8.0,0.0
2023-03-21 03:43:34.729000+00:00,12.0,0.0,12.0,0.0,8.0,0.0
2023-03-21 03:43:39.729000+00:00,12.0,0.0,12.0,0.0,8.0,0.0
2023-03-21 03:43:44.729000+00:00,12.0,0.0,12.0,0.0,8.0,0.0
2023-03-21 03:43:49.729000+00:00,12.0,0.0,12.0,0.0,8.0,0.0
2023-03-21 03:43:54.729000+00:00,12.0,0.0,12.0,0.0,8.0,0.0
2023-03-21 03:43:59.729000+00:00,12.0,0.0,12.0,0.0,8.0,0.0
2023-03-21 03:44:04.729000+00:00,12.0,0.0,12.0,0.0,8.0,0.0
2023-03-21 03:44:09.729000+00:00,12.0,0.0,12.0,0.0,8.0,0.0
2023-03-21 03:44:14.729000+00:00,12.0,0.0,12.0,0.0,8.0,0.0
2023-03-21 03:44:19.729000+00:00,12.0,0.0,12.0,0.0,8.0,0.0
2023-03-21 03:44:24.729000+00:00,12.0,0.0,12.0,0.0,8.0,0.0
2023-03-21 03:44:29.729000+00:00,12.0,0.0,12.0,0.0,8.0,0.0
2023-03-21 03:44:34.729000+00:00,12.0,0.0,12.0,0.0,8.0,0.0
2023-03-21 03:44:39.729000+00:00,12.0,0.0,12.0,0.0,8.0,0.0
2023-03-21 03:44:44.729000+00:00,12.0,0.0,12.0,0.0,8.0,0.0
2023-03-21 03:44:49.729000+00:00,12.0,0.0,12.0,0.0,8.0,0.0
2023-03-21 03:44:54.729000+00:00,12.0,0.0,12.0,0.0,8.0,0.0
2023-03-21 03:44:59.729000+00:00,12.0,0.0,12.0,0.0,8.0,0.0
2023-03-21 03:45:04.729000+00:00,12.0,0.0,12.0,0.0,8.0,0.0
2023-03-21 03:45:09.729000+00:00,12.0,0.0,12.0,0.0,8.0,0.0
2023-03-21 03:45:14.729000+00:00,12.0,0.0,12.0,0.0,8.0,0.0
2023-03-21 03:45:19.729000+00:00,12.0,0.0,12.0,0.0,8.0,0.0
2023-03-21 03:45:24.729000+00:00,12.0,0.0,12.0,0.0,8.0,0.0
2023-03-21 03:45:29.729000+00:00,12.0,0.0,12.0,0.0,8.0,0.0
2023-03-21 03:45:34.729000+00:00,12.0,0.0,12.0,0.0,8.0,0.0
2023-03-21 03:45:39.729000+00:00,12.0,0.0,12.0,0.0,8.0,0.0
2023-03-21 03:45:44.729000+00:00,12.0,0.0,12.0,0.0,8.0,0.0
2023-03-21 03:45:49.729000+00:00,12.0,0.0,12.0,0.0,8.0,0.0
2023-03-21 03:45:54.729000+00:00,12.0,0.0,12.0,0.0,8.0,0.0
2023-03-21 03:45:59.729000+00:00,12.0,0.0,12.0,0.0,8.0,0.0
2023-03-21 03:46:04.729000+00:00,12.0,0.0,12.0,0.0,8.0,0.0
2023-03-21 03:46:09.729000+00:00,12.0,0.0,12.0,0.0,8.0,0.0
2023-03-21 03:46:14.729000+00:00,12.0,0.0,12.0,0.0,8.0,0.0
2023-03-21 03:46:19.729000+00:00,12.0,0.0,12.0,0.0,8.0,0.0
2023-03-21 03:46:24.729000+00:00,12.0,0.0,12.0,0.0,8.0,0.0
2023-03-21 03:46:29.729000+00:00,12.0,0.0,12.0,0.0,8.0,0.0
2023-03-21 03:46:34.729000+00:00,12.0,0.0,12.0,0.0,8.0,0.0
2023-03-21 03:46:39.729000+00:00,12.0,0.0,12.0,0.0,8.0,0.0
2023-03-21 03:46:44.729000+00:00,12.0,0.0,12.0,0.0,8.0,0.0
2023-03-21 03:46:49.729000+00:00,12.0,0.0,12.0,0.0,8.0,0.0
2023-03-21 03:46:54.729000+00:00,12.0,0.0,12.0,0.0,8.0,0.0
2023-03-21 03:46:59.729000+00:00,12.0,0.0,12.0,0.0,8.0,0.0
2023-03-21 03:47:04.729000+00:00,12.0,0.0,12.0,0.0,8.0,0.0
2023-03-21 03:47:09.729000+00:00,12.0,0.0,12.0,0.0,8.0,0.0
2023-03-21 03:47:14.729000+00:00,12.0,0.0,12.0,0.0,8.0,0.0
2023-03-21 03:47:19.729000+00:00,12.0,0.0,12.0,0.0,8.0,0.0
2023-03-21 03:47:24.729000+00:00,12.0,0.0,12.0,0.0,8.0,0.0
2023-03-21 03:47:29.729000+00:00,12.0,0.0,12.0,0.0,8.0,0.0
2023-03-21 03:47:34.729000+00:00,12.0,0.0,12.0,0.0,8.0,0.0
2023-03-21 03:47:39.729000+00:00,12.0,0.0,12.0,0.0,8.0,0.0
2023-03-21 03:47:44.729000+00:00,12.0,0.0,12.0,0.0,8.0,0.0
2023-03-21 03:47:49.729000+00:00,12.0,0.0,12.0,0.0,8.0,0.0
2023-03-21 03:47:54.729000+00:00,12.0,0.0,12.0,0.0,8.0,0.0
2023-03-21 03:47:59.729000+00:00,12.0,0.0,12.0,0.0,8.0,0.0
2023-03-21 03:48:04.729000+00:00,12.0,0.0,12.0,0.0,8.0,0.0
2023-03-21 03:48:09.729000+00:00,12.0,0.0,12.0,0.0,8.0,0.0
2023-03-21 03:48:14.729000+00:00,12.0,0.0,12.0,0.0,8.0,0.0
2023-03-21 03:48:19.729000+00:00,12.0,0.0,12.0,0.0,8.0,0.0
2023-03-21 03:48:24.729000+00:00,12.0,0.0,12.0,0.0,8.0,0.0
2023-03-21 03:48:29.729000+00:00,12.0,0.0,12.0,0.0,8.0,0.0
2023-03-21 03:48:34.729000+00:00,12.0,0.0,12.0,0.0,8.0,0.0
2023-03-21 03:48:39.729000+00:00,12.0,0.0,12.0,0.0,8.0,0.0
2023-03-21 03:48:44.729000+00:00,12.0,0.0,12.0,0.0,8.0,0.0
2023-03-21 03:48:49.729000+00:00,12.0,0.0,12.0,0.0,8.0,0.0
2023-03-21 03:48:54.729000+00:00,12.0,0.0,12.0,0.0,8.0,0.0
2023-03-21 03:48:59.729000+00:00,12.0,0.0,12.0,0.0,8.0,0.0
2023-03-21 03:49:04.729000+00:00,12.0,0.0,12.0,0.0,8.0,0.0
2023-03-21 03:49:09.729000+00:00,12.0,0.0,12.0,0.0,8.0,0.0
2023-03-21 03:49:14.729000+00:00,12.0,0.0,12.0,0.0,8.0,0.0
2023-03-21 03:49:19.729000+00:00,12.0,0.0,12.0,0.0,8.0,0.0
2023-03-21 03:49:24.729000+00:00,12.0,0.0,12.0,0.0,8.0,0.0
2023-03-21 03:49:29.729000+00:00,12.0,0.0,12.0,0.0,8.0,0.0
2023-03-21 03:49:34.729000+00:00,12.0,0.0,12.0,0.0,8.0,0.0
2023-03-21 03:49:39.729000+00:00,12.0,0.0,12.0,0.0,8.0,0.0
2023-03-21 03:49:44.729000+00:00,12.0,0.0,12.0,0.0,8.0,0.0
2023-03-21 03:49:49.729000+00:00,12.0,0.0,12.0,0.0,8.0,0.0
2023-03-21 03:49:54.729000+00:00,12.0,0.0,12.0,0.0,8.0,0.0
2023-03-21 03:49:59.729000+00:00,12.0,0.0,12.0,0.0,8.0,0.0
2023-03-21 03:50:04.729000+00:00,12.0,0.0,12.0,0.0,8.0,0.0
2023-03-21 03:50:09.729000+00:00,12.0,0.0,12.0,0.0,8.0,0.0
2023-03-21 03:50:14.729000+00:00,12.0,0.0,12.0,0.0,8.0,0.0
2023-03-21 03:50:19.729000+00:00,12.0,0.0,12.0,0.0,8.0,0.0
2023-03-21 03:50:24.729000+00:00,12.0,0.0,12.0,0.0,8.0,0.0
2023-03-21 03:50:29.729000+00:00,12.0,0.0,12.0,0.0,8.0,0.0
2023-03-21 03:50:34.729000+00:00,12.0,0.0,12.0,0.0,8.0,0.0
2023-03-21 03:50:39.729000+00:00,12.0,0.0,12.0,0.0,8.0,0.0
2023-03-21 03:50:44.729000+00:00,12.0,0.0,12.0,0.0,8.0,0.0
2023-03-21 03:50:49.729000+00:00,12.0,0.0,12.0,0.0,8.0,0.0
2023-03-21 03:50:54.729000+00:00,12.0,0.0,12.0,0.0,8.0,0.0
2023-03-21 03:50:59.729000+00:00,12.0,0.0,12.0,0.0,8.0,0.0
2023-03-21 03:51:04.729000+00:00,12.0,0.0,12.0,0.0,8.0,0.0
2023-03-21 03:51:09.729000+00:00,12.0,0.0,12.0,0.0,8.0,0.0
2023-03-21 03:51:14.729000+00:00,12.0,0.0,12.0,0.0,8.0,0.0
2023-03-21 03:51:19.729000+00:00,12.0,0.0,12.0,0.0,8.0,0.0
2023-03-21 03:51:24.729000+00:00,12.0,0.0,12.0,0.0,8.0,0.0
2023-03-21 03:51:29.729000+00:00,12.0,0.0,12.0,0.0,8.0,0.0
2023-03-21 03:51:34.729000+00:00,12.0,0.0,12.0,0.0,8.0,0.0
2023-03-21 03:51:39.729000+00:00,12.0,0.0,12.0,0.0,8.0,0.0
2023-03-21 03:51:44.729000+00:00,12.0,0.0,12.0,0.0,8.0,0.0
2023-03-21 03:51:49.729000+00:00,12.0,0.0,12.0,0.0,8.0,0.0
2023-03-21 03:51:54.729000+00:00,12.0,0.0,12.0,0.0,8.0,0.0
2023-03-21 03:51:59.729000+00:00,12.0,0.0,12.0,0.0,8.0,0.0
2023-03-21 03:52:04.729000+00:00,12.0,0.0,12.0,0.0,8.0,0.0
2023-03-21 03:52:09.729000+00:00,12.0,0.0,12.0,0.0,8.0,0.0
2023-03-21 03:52:14.729000+00:00,12.0,0.0,12.0,0.0,8.0,0.0
2023-03-21 03:52:19.729000+00:00,12.0,0.0,12.0,0.0,8.0,0.0
2023-03-21 03:52:24.729000+00:00,12.0,0.0,12.0,0.0,8.0,0.0
2023-03-21 03:52:29.729000+00:00,12.0,0.0,12.0,0.0,8.0,0.0
2023-03-21 03:52:34.729000+00:00,12.0,0.0,12.0,0.0,8.0,0.0
2023-03-21 03:52:39.729000+00:00,12.0,0.0,12.0,0.0,8.0,0.0
2023-03-21 03:52:44.729000+00:00,12.0,0.0,12.0,0.0,8.0,0.0
2023-03-21 03:52:49.729000+00:00,12.0,0.0,12.0,0.0,8.0,0.0
2023-03-21 03:52:54.729000+00:00,12.0,0.0,12.0,0.0,8.0,0.0
2023-03-21 03:52:59.729000+00:00,12.0,0.0,12.0,0.0,8.0,0.0
2023-03-21 03:53:04.729000+00:00,12.0,0.0,12.0,0.0,8.0,0.0
2023-03-21 03:53:09.729000+00:00,12.0,0.0,12.0,0.0,8.0,0.0
2023-03-21 03:53:14.729000+00:00,12.0,0.0,12.0,0.0,8.0,0.0
2023-03-21 03:53:19.729000+00:00,12.0,0.0,12.0,0.0,8.0,0.0
2023-03-21 03:53:24.729000+00:00,12.0,0.0,12.0,0.0,8.0,0.0
2023-03-21 03:53:29.729000+00:00,12.0,0.0,12.0,0.0,8.0,0.0
2023-03-21 03:53:34.729000+00:00,12.0,0.0,12.0,0.0,8.0,0.0
2023-03-21 03:53:39.729000+00:00,12.0,0.0,12.0,0.0,8.0,0.0
2023-03-21 03:53:44.729000+00:00,12.0,0.0,12.0,0.0,8.0,0.0
2023-03-21 03:53:49.729000+00:00,12.0,0.0,12.0,0.0,8.0,0.0
2023-03-21 03:53:54.729000+00:00,12.0,0.0,12.0,0.0,8.0,0.0
2023-03-21 03:53:59.729000+00:00,12.0,0.0,12.0,0.0,8.0,0.0
2023-03-21 03:54:04.729000+00:00,12.0,0.0,12.0,0.0,8.0,0.0
2023-03-21 03:54:09.729000+00:00,12.0,0.0,12.0,0.0,8.0,0.0
2023-03-21 03:54:14.729000+00:00,12.0,0.0,12.0,0.0,8.0,0.0
2023-03-21 03:54:19.729000+00:00,12.0,0.0,12.0,0.0,8.0,0.0
2023-03-21 03:54:24.729000+00:00,12.0,0.0,12.0,0.0,8.0,0.0
2023-03-21 03:54:29.729000+00:00,12.0,0.0,12.0,0.0,8.0,0.0
2023-03-21 03:54:34.729000+00:00,12.0,0.0,12.0,0.0,8.0,0.0
2023-03-21 03:54:39.729000+00:00,12.0,0.0,12.0,0.0,8.0,0.0
2023-03-21 03:54:44.729000+00:00,12.0,0.0,12.0,0.0,8.0,0.0
2023-03-21 03:54:49.729000+00:00,12.0,0.0,12.0,0.0,8.0,0.0
2023-03-21 03:54:54.729000+00:00,12.0,0.0,12.0,0.0,8.0,0.0
2023-03-21 03:54:59.729000+00:00,12.0,0.0,12.0,0.0,8.0,0.0
2023-03-21 03:55:04.729000+00:00,12.0,0.0,12.0,0.0,8.0,0.0
2023-03-21 03:55:09.729000+00:00,12.0,0.0,12.0,0.0,8.0,0.0
2023-03-21 03:55:14.729000+00:00,12.0,0.0,12.0,0.0,8.0,0.0
2023-03-21 03:55:19.729000+00:00,12.0,0.0,12.0,0.0,8.0,0.0
2023-03-21 03:55:24.729000+00:00,12.0,0.0,12.0,0.0,8.0,0.0
2023-03-21 03:55:29.729000+00:00,12.0,0.0,12.0,0.0,8.0,0.0
2023-03-21 03:55:34.729000+00:00,12.0,0.0,12.0,0.0,8.0,0.0
2023-03-21 03:55:39.729000+00:00,12.0,0.0,12.0,0.0,8.0,0.0
2023-03-21 03:55:44.729000+00:00,12.0,0.0,12.0,0.0,8.0,0.0
2023-03-21 03:55:49.729000+00:00,12.0,0.0,12.0,0.0,8.0,0.0
2023-03-21 03:55:54.729000+00:00,12.0,0.0,12.0,0.0,8.0,0.0
2023-03-21 03:55:59.729000+00:00,12.0,0.0,12.0,0.0,8.0,0.0
2023-03-21 03:56:04.729000+00:00,12.0,0.0,12.0,0.0,8.0,0.0
2023-03-21 03:56:09.729000+00:00,12.0,0.0,12.0,0.0,8.0,0.0
2023-03-21 03:56:14.729000+00:00,12.0,0.0,12.0,0.0,8.0,0.0
2023-03-21 03:56:19.729000+00:00,12.0,0.0,12.0,0.0,8.0,0.0
2023-03-21 03:56:24.729000+00:00,12.0,0.0,12.0,0.0,8.0,0.0
2023-03-21 03:56:29.729000+00:00,12.0,0.0,12.0,0.0,8.0,0.0
2023-03-21 03:56:34.729000+00:00,12.0,0.0,12.0,0.0,8.0,0.0
2023-03-21 03:56:39.729000+00:00,12.0,0.0,12.0,0.0,8.0,0.0
2023-03-21 03:56:44.729000+00:00,12.0,0.0,12.0,0.0,8.0,0.0
2023-03-21 03:56:49.729000+00:00,12.0,0.0,12.0,0.0,8.0,0.0
2023-03-21 03:56:54.729000+00:00,12.0,0.0,12.0,0.0,8.0,0.0
2023-03-21 03:56:59.729000+00:00,12.0,0.0,12.0,0.0,8.0,0.0
2023-03-21 03:57:04.729000+00:00,12.0,0.0,12.0,0.0,8.0,0.0
2023-03-21 03:57:09.729000+00:00,12.0,0.0,12.0,0.0,8.0,0.0
2023-03-21 03:57:14.729000+00:00,12.0,0.0,12.0,0.0,8.0,0.0
2023-03-21 03:57:19.729000+00:00,12.0,0.0,12.0,0.0,8.0,0.0
2023-03-21 03:57:24.729000+00:00,12.0,0.0,12.0,0.0,8.0,0.0
2023-03-21 03:57:29.729000+00:00,12.0,0.0,12.0,0.0,8.0,0.0
2023-03-21 03:57:34.729000+00:00,12.0,0.0,12.0,0.0,8.0,0.0
2023-03-21 03:57:39.729000+00:00,12.0,0.0,12.0,0.0,8.0,0.0
2023-03-21 03:57:44.729000+00:00,12.0,0.0,12.0,0.0,8.0,0.0
2023-03-21 03:57:49.729000+00:00,12.0,0.0,12.0,0.0,8.0,0.0
2023-03-21 03:57:54.729000+00:00,12.0,0.0,12.0,0.0,8.0,0.0
2023-03-21 03:57:59.729000+00:00,12.0,0.0,12.0,0.0,8.0,0.0
2023-03-21 03:58:04.729000+00:00,12.0,0.0,12.0,0.0,8.0,0.0
2023-03-21 03:58:09.729000+00:00,12.0,0.0,12.0,0.0,8.0,0.0
2023-03-21 03:58:14.729000+00:00,12.0,0.0,12.0,0.0,8.0,0.0
2023-03-21 03:58:19.729000+00:00,12.0,0.0,12.0,0.0,8.0,0.0
2023-03-21 03:58:24.729000+00:00,12.0,0.0,12.0,0.0,8.0,0.0
2023-03-21 03:58:29.729000+00:00,12.0,0.0,12.0,0.0,8.0,0.0
2023-03-21 03:58:34.729000+00:00,12.0,0.0,12.0,0.0,8.0,0.0
2023-03-21 03:58:39.729000+00:00,12.0,0.0,12.0,0.0,8.0,0.0
2023-03-21 03:58:44.729000+00:00,12.0,0.0,12.0,0.0,8.0,0.0
2023-03-21 03:58:49.729000+00:00,12.0,0.0,12.0,0.0,8.0,0.0
2023-03-21 03:58:54.729000+00:00,12.0,0.0,12.0,0.0,8.0,0.0
2023-03-21 03:58:59.729000+00:00,12.0,0.0,12.0,0.0,8.0,0.0
2023-03-21 03:59:04.729000+00:00,12.0,0.0,12.0,0.0,8.0,0.0
2023-03-21 03:59:09.729000+00:00,12.0,0.0,12.0,0.0,8.0,0.0
2023-03-21 03:59:14.729000+00:00,12.0,0.0,12.0,0.0,8.0,0.0
2023-03-21 03:59:19.729000+00:00,12.0,0.0,12.0,0.0,8.0,0.0
2023-03-21 03:59:24.729000+00:00,12.0,0.0,12.0,0.0,8.0,0.0
2023-03-21 03:59:29.729000+00:00,12.0,0.0,12.0,0.0,8.0,0.0
2023-03-21 03:59:34.729000+00:00,12.0,0.0,12.0,0.0,8.0,0.0
2023-03-21 03:59:39.729000+00:00,12.0,0.0,12.0,0.0,8.0,0.0
2023-03-21 03:59:44.729000+00:00,12.0,0.0,12.0,0.0,8.0,0.0
2023-03-21 03:59:49.729000+00:00,12.0,0.0,12.0,0.0,8.0,0.0
2023-03-21 03:59:54.729000+00:00,12.0,0.0,12.0,0.0,8.0,0.0
2023-03-21 03:59:59.729000+00:00,12.0,0.0,12.0,0.0,8.0,0.0
2023-03-21 04:00:04.729000+00:00,12.0,0.0,12.0,0.0,8.0,0.0
2023-03-21 04:00:09.729000+00:00,12.0,0.0,12.0,0.0,8.0,0.0
2023-03-21 04:00:14.729000+00:00,12.0,0.0,12.0,0.0,8.0,0.0
2023-03-21 04:00:19.729000+00:00,12.0,0.0,12.0,0.0,8.0,0.0
2023-03-21 04:00:24.729000+00:00,12.0,0.0,12.0,0.0,8.0,0.0
2023-03-21 04:00:29.729000+00:00,12.0,0.0,12.0,0.0,8.0,0.0
2023-03-21 04:00:34.729000+00:00,12.0,0.0,12.0,0.0,8.0,0.0
2023-03-21 04:00:39.729000+00:00,12.0,0.0,12.0,0.0,8.0,0.0
2023-03-21 04:00:44.729000+00:00,12.0,0.0,12.0,0.0,8.0,0.0
2023-03-21 04:00:49.729000+00:00,12.0,0.0,12.0,0.0,8.0,0.0
2023-03-21 04:00:54.729000+00:00,12.0,0.0,12.0,0.0,8.0,0.0
2023-03-21 04:00:59.729000+00:00,12.0,0.0,12.0,0.0,8.0,0.0
2023-03-21 04:01:04.729000+00:00,12.0,0.0,12.0,0.0,8.0,0.0
2023-03-21 04:01:09.729000+00:00,12.0,0.0,12.0,0.0,8.0,0.0
2023-03-21 04:01:14.729000+00:00,12.0,0.0,12.0,0.0,8.0,0.0
2023-03-21 04:01:19.729000+00:00,12.0,0.0,12.0,0.0,8.0,0.0
2023-03-21 04:01:24.729000+00:00,12.0,0.0,12.0,0.0,8.0,0.0
2023-03-21 04:01:29.729000+00:00,12.0,0.0,12.0,0.0,8.0,0.0
2023-03-21 04:01:34.729000+00:00,12.0,0.0,12.0,0.0,8.0,0.0
2023-03-21 04:01:39.729000+00:00,12.0,0.0,12.0,0.0,8.0,0.0
2023-03-21 04:01:44.729000+00:00,12.0,0.0,12.0,0.0,8.0,0.0
2023-03-21 04:01:49.729000+00:00,12.0,0.0,12.0,0.0,8.0,0.0
2023-03-21 04:01:54.729000+00:00,12.0,0.0,12.0,0.0,8.0,0.0
2023-03-21 04:01:59.729000+00:00,12.0,0.0,12.0,0.0,8.0,0.0
2023-03-21 04:02:04.729000+00:00,12.0,0.0,12.0,0.0,8.0,0.0
2023-03-21 04:02:09.729000+00:00,12.0,0.0,12.0,0.0,8.0,0.0
2023-03-21 04:02:14.729000+00:00,12.0,0.0,12.0,0.0,8.0,0.0
2023-03-21 04:02:19.729000+00:00,12.0,0.0,12.0,0.0,8.0,0.0
2023-03-21 04:02:24.729000+00:00,12.0,0.0,12.0,0.0,8.0,0.0
2023-03-21 04:02:29.729000+00:00,12.0,0.0,12.0,0.0,8.0,0.0
2023-03-21 04:02:34.729000+00:00,12.0,0.0,12.0,0.0,8.0,0.0
2023-03-21 04:02:39.729000+00:00,12.0,0.0,12.0,0.0,8.0,0.0
2023-03-21 04:02:44.729000+00:00,12.0,0.0,12.0,0.0,8.0,0.0
2023-03-21 04:02:49.729000+00:00,12.0,0.0,12.0,0.0,8.0,0.0
2023-03-21 04:02:54.729000+00:00,12.0,0.0,12.0,0.0,8.0,0.0
2023-03-21 04:02:59.729000+00:00,12.0,0.0,12.0,0.0,8.0,0.0
2023-03-21 04:03:04.729000+00:00,12.0,0.0,12.0,0.0,8.0,0.0
2023-03-21 04:03:09.729000+00:00,12.0,0.0,12.0,0.0,8.0,0.0
2023-03-21 04:03:14.729000+00:00,12.0,0.0,12.0,0.0,8.0,0.0
2023-03-21 04:03:19.729000+00:00,12.0,0.0,12.0,0.0,8.0,0.0
2023-03-21 04:03:24.729000+00:00,12.0,0.0,12.0,0.0,8.0,0.0
2023-03-21 04:03:29.729000+00:00,12.0,0.0,12.0,0.0,8.0,0.0
2023-03-21 04:03:34.729000+00:00,12.0,0.0,12.0,0.0,8.0,0.0
2023-03-21 04:03:39.729000+00:00,12.0,0.0,12.0,0.0,8.0,0.0
2023-03-21 04:03:44.729000+00:00,12.0,0.0,12.0,0.0,8.0,0.0
2023-03-21 04:03:49.729000+00:00,12.0,0.0,12.0,0.0,8.0,0.0
2023-03-21 04:03:54.729000+00:00,12.0,0.0,12.0,0.0,8.0,0.0
2023-03-21 04:03:59.729000+00:00,12.0,0.0,12.0,0.0,8.0,0.0
2023-03-21 04:04:04.729000+00:00,12.0,0.0,12.0,0.0,8.0,0.0
2023-03-21 04:04:09.729000+00:00,12.0,0.0,12.0,0.0,8.0,0.0
2023-03-21 04:04:14.729000+00:00,12.0,0.0,12.0,0.0,8.0,0.0
2023-03-21 04:04:19.729000+00:00,12.0,0.0,12.0,0.0,8.0,0.0
2023-03-21 04:04:24.729000+00:00,12.0,0.0,12.0,0.0,8.0,0.0
2023-03-21 04:04:29.729000+00:00,12.0,0.0,12.0,0.0,8.0,0.0
2023-03-21 04:04:34.729000+00:00,12.0,0.0,12.0,0.0,8.0,0.0
2023-03-21 04:04:39.729000+00:00,12.0,0.0,12.0,0.0,8.0,0.0
2023-03-21 04:04:44.729000+00:00,12.0,0.0,12.0,0.0,8.0,0.0
2023-03-21 04:04:49.729000+00:00,12.0,0.0,12.0,0.0,8.0,0.0
2023-03-21 04:04:54.729000+00:00,12.0,0.0,12.0,0.0,8.0,0.0
2023-03-21 04:04:59.729000+00:00,12.0,0.0,12.0,0.0,8.0,0.0
2023-03-21 04:05:04.729000+00:00,12.0,0.0,12.0,0.0,8.0,0.0
2023-03-21 04:05:09.729000+00:00,12.0,0.0,12.0,0.0,8.0,0.0
2023-03-21 04:05:14.729000+00:00,12.0,0.0,12.0,0.0,8.0,0.0
2023-03-21 04:05:19.729000+00:00,12.0,0.0,12.0,0.0,8.0,0.0
2023-03-21 04:05:24.729000+00:00,12.0,0.0,12.0,0.0,8.0,0.0
2023-03-21 04:05:29.729000+00:00,12.0,0.0,12.0,0.0,8.0,0.0
2023-03-21 04:05:34.729000+00:00,12.0,0.0,12.0,0.0,8.0,0.0
2023-03-21 04:05:39.729000+00:00,12.0,0.0,12.0,0.0,8.0,0.0
2023-03-21 04:05:44.729000+00:00,12.0,0.0,12.0,0.0,8.0,0.0
2023-03-21 04:05:49.729000+00:00,12.0,0.0,12.0,0.0,8.0,0.0
2023-03-21 04:05:54.729000+00:00,12.0,0.0,12.0,0.0,8.0,0.0
2023-03-21 04:05:59.729000+00:00,12.0,0.0,12.0,0.0,8.0,0.0
2023-03-21 04:06:04.729000+00:00,12.0,0.0,12.0,0.0,8.0,0.0
2023-03-21 04:06:09.729000+00:00,12.0,0.0,12.0,0.0,8.0,0.0
2023-03-21 04:06:14.729000+00:00,12.0,0.0,12.0,0.0,8.0,0.0
2023-03-21 04:06:19.729000+00:00,12.0,0.0,12.0,0.0,8.0,0.0
2023-03-21 04:06:24.729000+00:00,12.0,0.0,12.0,0.0,8.0,0.0
2023-03-21 04:06:29.729000+00:00,12.0,0.0,12.0,0.0,8.0,0.0
2023-03-21 04:06:34.729000+00:00,12.0,0.0,12.0,0.0,8.0,0.0
2023-03-21 04:06:39.729000+00:00,12.0,0.0,12.0,0.0,8.0,0.0
2023-03-21 04:06:44.729000+00:00,12.0,0.0,12.0,0.0,8.0,0.0
2023-03-21 04:06:49.729000+00:00,12.0,0.0,12.0,0.0,8.0,0.0
2023-03-21 04:06:54.729000+00:00,12.0,0.0,12.0,0.0,8.0,0.0
2023-03-21 04:06:59.729000+00:00,12.0,0.0,12.0,0.0,8.0,0.0
2023-03-21 04:07:04.729000+00:00,12.0,0.0,12.0,0.0,8.0,0.0
2023-03-21 04:07:09.729000+00:00,12.0,0.0,12.0,0.0,8.0,0.0
2023-03-21 04:07:14.729000+00:00,12.0,0.0,12.0,0.0,8.0,0.0
2023-03-21 04:07:19.729000+00:00,12.0,0.0,12.0,0.0,8.0,0.0
2023-03-21 04:07:24.729000+00:00,12.0,0.0,12.0,0.0,8.0,0.0
2023-03-21 04:07:29.729000+00:00,12.0,0.0,12.0,0.0,8.0,0.0
2023-03-21 04:07:34.729000+00:00,12.0,0.0,12.0,0.0,8.0,0.0
2023-03-21 04:07:39.729000+00:00,12.0,0.0,12.0,0.0,8.0,0.0
2023-03-21 04:07:44.729000+00:00,12.0,0.0,12.0,0.0,8.0,0.0
2023-03-21 04:07:49.729000+00:00,12.0,0.0,12.0,0.0,8.0,0.0
2023-03-21 04:07:54.729000+00:00,12.0,0.0,12.0,0.0,8.0,0.0
2023-03-21 04:07:59.729000+00:00,12.0,0.0,12.0,0.0,8.0,0.0
2023-03-21 04:08:04.729000+00:00,12.0,0.0,12.0,0.0,8.0,0.0
2023-03-21 04:08:09.729000+00:00,12.0,0.0,12.0,0.0,8.0,0.0
2023-03-21 04:08:14.729000+00:00,12.0,0.0,12.0,0.0,8.0,0.0
2023-03-21 04:08:19.729000+00:00,12.0,0.0,12.0,0.0,8.0,0.0
2023-03-21 04:08:24.729000+00:00,12.0,0.0,12.0,0.0,8.0,0.0
2023-03-21 04:08:29.729000+00:00,12.0,0.0,12.0,0.0,8.0,0.0
2023-03-21 04:08:34.729000+00:00,12.0,0.0,12.0,0.0,8.0,0.0
2023-03-21 04:08:39.729000+00:00,12.0,0.0,12.0,0.0,8.0,0.0
2023-03-21 04:08:44.729000+00:00,12.0,0.0,12.0,0.0,8.0,0.0
2023-03-21 04:08:49.729000+00:00,12.0,0.0,12.0,0.0,8.0,0.0
2023-03-21 04:08:54.729000+00:00,12.0,0.0,12.0,0.0,8.0,0.0
2023-03-21 04:08:59.729000+00:00,12.0,0.0,12.0,0.0,8.0,0.0
2023-03-21 04:09:04.729000+00:00,12.0,0.0,12.0,0.0,8.0,0.0
2023-03-21 04:09:09.729000+00:00,12.0,0.0,12.0,0.0,8.0,0.0
2023-03-21 04:09:14.729000+00:00,12.0,0.0,12.0,0.0,8.0,0.0
2023-03-21 04:09:19.729000+00:00,12.0,0.0,12.0,0.0,8.0,0.0
2023-03-21 04:09:24.729000+00:00,12.0,0.0,12.0,0.0,8.0,0.0
2023-03-21 04:09:29.729000+00:00,12.0,0.0,12.0,0.0,8.0,0.0
2023-03-21 04:09:34.729000+00:00,12.0,0.0,12.0,0.0,8.0,0.0
2023-03-21 04:09:39.729000+00:00,12.0,0.0,12.0,0.0,8.0,0.0
2023-03-21 04:09:44.729000+00:00,12.0,0.0,12.0,0.0,8.0,0.0
2023-03-21 04:09:49.729000+00:00,12.0,0.0,12.0,0.0,8.0,0.0
2023-03-21 04:09:54.729000+00:00,12.0,0.0,12.0,0.0,8.0,0.0
2023-03-21 04:09:59.729000+00:00,12.0,0.0,12.0,0.0,8.0,0.0
2023-03-21 04:10:04.729000+00:00,12.0,0.0,12.0,0.0,8.0,0.0
2023-03-21 04:10:09.729000+00:00,12.0,0.0,12.0,0.0,8.0,0.0
2023-03-21 04:10:14.729000+00:00,12.0,0.0,12.0,0.0,8.0,0.0
2023-03-21 04:10:19.729000+00:00,12.0,0.0,12.0,0.0,8.0,0.0
2023-03-21 04:10:24.729000+00:00,12.0,0.0,12.0,0.0,8.0,0.0
2023-03-21 04:10:29.729000+00:00,12.0,0.0,12.0,0.0,8.0,0.0
2023-03-21 04:10:34.729000+00:00,12.0,0.0,12.0,0.0,8.0,0.0
2023-03-21 04:10:39.729000+00:00,12.0,0.0,12.0,0.0,8.0,0.0
2023-03-21 04:10:44.729000+00:00,12.0,0.0,12.0,0.0,8.0,0.0
2023-03-21 04:10:49.729000+00:00,12.0,0.0,12.0,0.0,8.0,0.0
2023-03-21 04:10:54.729000+00:00,12.0,0.0,12.0,0.0,8.0,0.0
2023-03-21 04:10:59.729000+00:00,12.0,0.0,12.0,0.0,8.0,0.0
2023-03-21 04:11:04.729000+00:00,12.0,0.0,12.0,0.0,8.0,0.0
2023-03-21 04:11:09.729000+00:00,12.0,0.0,12.0,0.0,8.0,0.0
2023-03-21 04:11:14.729000+00:00,12.0,0.0,12.0,0.0,8.0,0.0
2023-03-21 04:11:19.729000+00:00,12.0,0.0,12.0,0.0,8.0,0.0
2023-03-21 04:11:24.729000+00:00,12.0,0.0,12.0,0.0,8.0,0.0
2023-03-21 04:11:29.729000+00:00,12.0,0.0,12.0,0.0,8.0,0.0
2023-03-21 04:11:34.729000+00:00,12.0,0.0,12.0,0.0,8.0,0.0
2023-03-21 04:11:39.729000+00:00,12.0,0.0,12.0,0.0,8.0,0.0
2023-03-21 04:11:44.729000+00:00,12.0,0.0,12.0,0.0,8.0,0.0
2023-03-21 04:11:49.729000+00:00,12.0,0.0,12.0,0.0,8.0,0.0
2023-03-21 04:11:54.729000+00:00,12.0,0.0,12.0,0.0,8.0,0.0
2023-03-21 04:11:59.729000+00:00,12.0,0.0,12.0,0.0,8.0,0.0
2023-03-21 04:12:04.729000+00:00,12.0,0.0,12.0,0.0,8.0,0.0
2023-03-21 04:12:09.729000+00:00,12.0,0.0,12.0,0.0,8.0,0.0
2023-03-21 04:12:14.729000+00:00,12.0,0.0,12.0,0.0,8.0,0.0
2023-03-21 04:12:19.729000+00:00,12.0,0.0,12.0,0.0,8.0,0.0
2023-03-21 04:12:24.729000+00:00,12.0,0.0,12.0,0.0,8.0,0.0
2023-03-21 04:12:29.729000+00:00,12.0,0.0,12.0,0.0,8.0,0.0
2023-03-21 04:12:34.729000+00:00,12.0,0.0,12.0,0.0,8.0,0.0
2023-03-21 04:12:39.729000+00:00,12.0,0.0,12.0,0.0,8.0,0.0
2023-03-21 04:12:44.729000+00:00,12.0,0.0,12.0,0.0,8.0,0.0
2023-03-21 04:12:49.729000+00:00,12.0,0.0,12.0,0.0,8.0,0.0
2023-03-21 04:12:54.729000+00:00,12.0,0.0,12.0,0.0,8.0,0.0
2023-03-21 04:12:59.729000+00:00,12.0,0.0,12.0,0.0,8.0,0.0
2023-03-21 04:13:04.729000+00:00,12.0,0.0,12.0,0.0,8.0,0.0
2023-03-21 04:13:09.729000+00:00,12.0,0.0,12.0,0.0,8.0,0.0
2023-03-21 04:13:14.729000+00:00,12.0,0.0,12.0,0.0,8.0,0.0
2023-03-21 04:13:19.729000+00:00,12.0,0.0,12.0,0.0,8.0,0.0
2023-03-21 04:13:24.729000+00:00,12.0,0.0,12.0,0.0,8.0,0.0
2023-03-21 04:13:29.729000+00:00,12.0,0.0,12.0,0.0,8.0,0.0
2023-03-21 04:13:34.729000+00:00,12.0,0.0,12.0,0.0,8.0,0.0
2023-03-21 04:13:39.729000+00:00,12.0,0.0,12.0,0.0,8.0,0.0
2023-03-21 04:13:44.729000+00:00,12.0,0.0,12.0,0.0,8.0,0.0
2023-03-21 04:13:49.729000+00:00,12.0,0.0,12.0,0.0,8.0,0.0
2023-03-21 04:13:54.729000+00:00,12.0,0.0,12.0,0.0,8.0,0.0
2023-03-21 04:13:59.729000+00:00,12.0,0.0,12.0,0.0,8.0,0.0
2023-03-21 04:14:04.729000+00:00,12.0,0.0,12.0,0.0,8.0,0.0
2023-03-21 04:14:09.729000+00:00,12.0,0.0,12.0,0.0,8.0,0.0
2023-03-21 04:14:14.729000+00:00,12.0,0.0,12.0,0.0,8.0,0.0
2023-03-21 04:14:19.729000+00:00,12.0,0.0,12.0,0.0,8.0,0.0
2023-03-21 04:14:24.729000+00:00,12.0,0.0,12.0,0.0,8.0,0.0
2023-03-21 04:14:29.729000+00:00,12.0,0.0,12.0,0.0,8.0,0.0
2023-03-21 04:14:34.729000+00:00,12.0,0.0,12.0,0.0,8.0,0.0
2023-03-21 04:14:39.729000+00:00,12.0,0.0,12.0,0.0,8.0,0.0
2023-03-21 04:14:44.729000+00:00,12.0,0.0,12.0,0.0,8.0,0.0
2023-03-21 04:14:49.729000+00:00,12.0,0.0,12.0,0.0,8.0,0.0
2023-03-21 04:14:54.729000+00:00,12.0,0.0,12.0,0.0,8.0,0.0
2023-03-21 04:14:59.729000+00:00,12.0,0.0,12.0,0.0,8.0,0.0
2023-03-21 04:15:04.729000+00:00,12.0,0.0,12.0,0.0,8.0,0.0
2023-03-21 04:15:09.729000+00:00,12.0,0.0,12.0,0.0,8.0,0.0
2023-03-21 04:15:14.729000+00:00,12.0,0.0,12.0,0.0,8.0,0.0
2023-03-21 04:15:19.729000+00:00,12.0,0.0,12.0,0.0,8.0,0.0
2023-03-21 04:15:24.729000+00:00,12.0,0.0,12.0,0.0,8.0,0.0
2023-03-21 04:15:29.729000+00:00,12.0,0.0,12.0,0.0,8.0,0.0
2023-03-21 04:15:34.729000+00:00,12.0,0.0,12.0,0.0,8.0,0.0
2023-03-21 04:15:39.729000+00:00,12.0,0.0,12.0,0.0,8.0,0.0
2023-03-21 04:15:44.729000+00:00,12.0,0.0,12.0,0.0,8.0,0.0
2023-03-21 04:15:49.729000+00:00,12.0,0.0,12.0,0.0,8.0,0.0
2023-03-21 04:15:54.729000+00:00,12.0,0.0,12.0,0.0,8.0,0.0
2023-03-21 04:15:59.729000+00:00,12.0,0.0,12.0,0.0,8.0,0.0
2023-03-21 04:16:04.729000+00:00,12.0,0.0,12.0,0.0,8.0,0.0
2023-03-21 04:16:09.729000+00:00,12.0,0.0,12.0,0.0,8.0,0.0
2023-03-21 04:16:14.729000+00:00,12.0,0.0,12.0,0.0,8.0,0.0
2023-03-21 04:16:19.729000+00:00,12.0,0.0,12.0,0.0,8.0,0.0
2023-03-21 04:16:24.729000+00:00,12.0,0.0,12.0,0.0,8.0,0.0
2023-03-21 04:16:29.729000+00:00,12.0,0.0,12.0,0.0,8.0,0.0
2023-03-21 04:16:34.729000+00:00,12.0,0.0,12.0,0.0,8.0,0.0
2023-03-21 04:16:39.729000+00:00,12.0,0.0,12.0,0.0,8.0,0.0
2023-03-21 04:16:44.729000+00:00,12.0,0.0,12.0,0.0,8.0,0.0
2023-03-21 04:16:49.729000+00:00,12.0,0.0,12.0,0.0,8.0,0.0
2023-03-21 04:16:54.729000+00:00,12.0,0.0,12.0,0.0,8.0,0.0
2023-03-21 04:16:59.729000+00:00,12.0,0.0,12.0,0.0,8.0,0.0
2023-03-21 04:17:04.729000+00:00,12.0,0.0,12.0,0.0,8.0,0.0
2023-03-21 04:17:09.729000+00:00,12.0,0.0,12.0,0.0,8.0,0.0
2023-03-21 04:17:14.729000+00:00,12.0,0.0,12.0,0.0,8.0,0.0
2023-03-21 04:17:19.729000+00:00,12.0,0.0,12.0,0.0,8.0,0.0
2023-03-21 04:17:24.729000+00:00,12.0,0.0,12.0,0.0,8.0,0.0
2023-03-21 04:17:29.729000+00:00,12.0,0.0,12.0,0.0,8.0,0.0
2023-03-21 04:17:34.729000+00:00,12.0,0.0,12.0,0.0,8.0,0.0
2023-03-21 04:17:39.729000+00:00,12.0,0.0,12.0,0.0,8.0,0.0
2023-03-21 04:17:44.729000+00:00,12.0,0.0,12.0,0.0,8.0,0.0
2023-03-21 04:17:49.729000+00:00,12.0,0.0,12.0,0.0,8.0,0.0
2023-03-21 04:17:54.729000+00:00,12.0,0.0,12.0,0.0,8.0,0.0
2023-03-21 04:17:59.729000+00:00,12.0,0.0,12.0,0.0,8.0,0.0
2023-03-21 04:18:04.729000+00:00,12.0,0.0,12.0,0.0,8.0,0.0
2023-03-21 04:18:09.729000+00:00,12.0,0.0,12.0,0.0,8.0,0.0
2023-03-21 04:18:14.729000+00:00,12.0,0.0,12.0,0.0,8.0,0.0
2023-03-21 04:18:19.729000+00:00,12.0,0.0,12.0,0.0,8.0,0.0
2023-03-21 04:18:24.729000+00:00,12.0,0.0,12.0,0.0,8.0,0.0
2023-03-21 04:18:29.729000+00:00,12.0,0.0,12.0,0.0,8.0,0.0
2023-03-21 04:18:34.729000+00:00,12.0,0.0,12.0,0.0,8.0,0.0
2023-03-21 04:18:39.729000+00:00,12.0,0.0,12.0,0.0,8.0,0.0
2023-03-21 04:18:44.729000+00:00,12.0,0.0,12.0,0.0,8.0,0.0
2023-03-21 04:18:49.729000+00:00,12.0,0.0,12.0,0.0,8.0,0.0
2023-03-21 04:18:54.729000+00:00,12.0,0.0,12.0,0.0,8.0,0.0
2023-03-21 04:18:59.729000+00:00,12.0,0.0,12.0,0.0,8.0,0.0
2023-03-21 04:19:04.729000+00:00,12.0,0.0,12.0,0.0,8.0,0.0
2023-03-21 04:19:09.729000+00:00,12.0,0.0,12.0,0.0,8.0,0.0
2023-03-21 04:19:14.729000+00:00,12.0,0.0,12.0,0.0,8.0,0.0
2023-03-21 04:19:19.729000+00:00,12.0,0.0,12.0,0.0,8.0,0.0
2023-03-21 04:19:24.729000+00:00,12.0,0.0,12.0,0.0,8.0,0.0
2023-03-21 04:19:29.729000+00:00,12.0,0.0,12.0,0.0,8.0,0.0
2023-03-21 04:19:34.729000+00:00,12.0,0.0,12.0,0.0,8.0,0.0
2023-03-21 04:19:39.729000+00:00,12.0,0.0,12.0,0.0,8.0,0.0
2023-03-21 04:19:44.729000+00:00,12.0,0.0,12.0,0.0,8.0,0.0
2023-03-21 04:19:49.729000+00:00,12.0,0.0,12.0,0.0,8.0,0.0
2023-03-21 04:19:54.729000+00:00,12.0,0.0,12.0,0.0,8.0,0.0
2023-03-21 04:19:59.729000+00:00,12.0,0.0,12.0,0.0,8.0,0.0
2023-03-21 04:20:04.729000+00:00,12.0,0.0,12.0,0.0,8.0,0.0
2023-03-21 04:20:09.729000+00:00,12.0,0.0,12.0,0.0,8.0,0.0
2023-03-21 04:20:14.729000+00:00,12.0,0.0,12.0,0.0,8.0,0.0
2023-03-21 04:20:19.729000+00:00,12.0,0.0,12.0,0.0,8.0,0.0
2023-03-21 04:20:24.729000+00:00,12.0,0.0,12.0,0.0,8.0,0.0
2023-03-21 04:20:29.729000+00:00,12.0,0.0,12.0,0.0,8.0,0.0
2023-03-21 04:20:34.729000+00:00,12.0,0.0,12.0,0.0,8.0,0.0
2023-03-21 04:20:39.729000+00:00,12.0,0.0,12.0,0.0,8.0,0.0
2023-03-21 04:20:44.729000+00:00,12.0,0.0,12.0,0.0,8.0,0.0
2023-03-21 04:20:49.729000+00:00,12.0,0.0,12.0,0.0,8.0,0.0
2023-03-21 04:20:54.729000+00:00,12.0,0.0,12.0,0.0,8.0,0.0
2023-03-21 04:20:59.729000+00:00,12.0,0.0,12.0,0.0,8.0,0.0
2023-03-21 04:21:04.729000+00:00,12.0,0.0,12.0,0.0,8.0,0.0
2023-03-21 04:21:09.729000+00:00,12.0,0.0,12.0,0.0,8.0,0.0
2023-03-21 04:21:14.729000+00:00,12.0,0.0,12.0,0.0,8.0,0.0
2023-03-21 04:21:19.729000+00:00,12.0,0.0,12.0,0.0,8.0,0.0
2023-03-21 04:21:24.729000+00:00,12.0,0.0,12.0,0.0,8.0,0.0
2023-03-21 04:21:29.729000+00:00,12.0,0.0,12.0,0.0,8.0,0.0
2023-03-21 04:21:34.729000+00:00,12.0,0.0,12.0,0.0,8.0,0.0
2023-03-21 04:21:39.729000+00:00,12.0,0.0,12.0,0.0,8.0,0.0
2023-03-21 04:21:44.729000+00:00,12.0,0.0,12.0,0.0,8.0,0.0
2023-03-21 04:21:49.729000+00:00,12.0,0.0,12.0,0.0,8.0,0.0
2023-03-21 04:21:54.729000+00:00,12.0,0.0,12.0,0.0,8.0,0.0
2023-03-21 04:21:59.729000+00:00,12.0,0.0,12.0,0.0,8.0,0.0
2023-03-21 04:22:04.729000+00:00,12.0,0.0,12.0,0.0,8.0,0.0
2023-03-21 04:22:09.729000+00:00,12.0,0.0,12.0,0.0,8.0,0.0
2023-03-21 04:22:14.729000+00:00,12.0,0.0,12.0,0.0,8.0,0.0
2023-03-21 04:22:19.729000+00:00,12.0,0.0,12.0,0.0,8.0,0.0
2023-03-21 04:22:24.729000+00:00,12.0,0.0,12.0,0.0,8.0,0.0
2023-03-21 04:22:29.729000+00:00,12.0,0.0,12.0,0.0,8.0,0.0
2023-03-21 04:22:34.729000+00:00,12.0,0.0,12.0,0.0,8.0,0.0
2023-03-21 04:22:39.729000+00:00,12.0,0.0,12.0,0.0,8.0,0.0
2023-03-21 04:22:44.729000+00:00,12.0,0.0,12.0,0.0,8.0,0.0
2023-03-21 04:22:49.729000+00:00,12.0,0.0,12.0,0.0,8.0,0.0
2023-03-21 04:22:54.729000+00:00,12.0,0.0,12.0,0.0,8.0,0.0
2023-03-21 04:22:59.729000+00:00,12.0,0.0,12.0,0.0,8.0,0.0
2023-03-21 04:23:04.729000+00:00,12.0,0.0,12.0,0.0,8.0,0.0
2023-03-21 04:23:09.729000+00:00,12.0,0.0,12.0,0.0,8.0,0.0
2023-03-21 04:23:14.729000+00:00,12.0,0.0,12.0,0.0,8.0,0.0
2023-03-21 04:23:19.729000+00:00,12.0,0.0,12.0,0.0,8.0,0.0
2023-03-21 04:23:24.729000+00:00,12.0,0.0,12.0,0.0,8.0,0.0
2023-03-21 04:23:29.729000+00:00,12.0,0.0,12.0,0.0,8.0,0.0
2023-03-21 04:23:34.729000+00:00,12.0,0.0,12.0,0.0,8.0,0.0
2023-03-21 04:23:39.729000+00:00,12.0,0.0,12.0,0.0,8.0,0.0
2023-03-21 04:23:44.729000+00:00,12.0,0.0,12.0,0.0,8.0,0.0
2023-03-21 04:23:49.729000+00:00,12.0,0.0,12.0,0.0,8.0,0.0
2023-03-21 04:23:54.729000+00:00,12.0,0.0,12.0,0.0,8.0,0.0
2023-03-21 04:23:59.729000+00:00,12.0,0.0,12.0,0.0,8.0,0.0
2023-03-21 04:24:04.729000+00:00,12.0,0.0,12.0,0.0,8.0,0.0
2023-03-21 04:24:09.729000+00:00,12.0,0.0,12.0,0.0,8.0,0.0
2023-03-21 04:24:14.729000+00:00,12.0,0.0,12.0,0.0,8.0,0.0
2023-03-21 04:24:19.729000+00:00,12.0,0.0,12.0,0.0,8.0,0.0
2023-03-21 04:24:24.729000+00:00,12.0,0.0,12.0,0.0,8.0,0.0
2023-03-21 04:24:29.729000+00:00,12.0,0.0,12.0,0.0,8.0,0.0
2023-03-21 04:24:34.729000+00:00,12.0,0.0,12.0,0.0,8.0,0.0
2023-03-21 04:24:39.729000+00:00,12.0,0.0,12.0,0.0,8.0,0.0
2023-03-21 04:24:44.729000+00:00,12.0,0.0,12.0,0.0,8.0,0.0
2023-03-21 04:24:49.729000+00:00,12.0,0.0,12.0,0.0,8.0,0.0
2023-03-21 04:24:54.729000+00:00,12.0,0.0,12.0,0.0,8.0,0.0
2023-03-21 04:24:59.729000+00:00,12.0,0.0,12.0,0.0,8.0,0.0
