timestamp,rt_payment_get_user_count,rt_payment_get_user_sum,rt_payment_post_user_count,rt_payment_post_user_sum
2023-03-21 02:40:04.727000+00:00,9.0,,0.0,
2023-03-21 02:40:09.727000+00:00,9.0,0.0,0.0,0.0
2023-03-21 02:40:14.727000+00:00,9.0,0.0,0.0,0.0
2023-03-21 02:40:19.727000+00:00,9.0,0.0,0.0,0.0
2023-03-21 02:40:24.727000+00:00,9.0,0.0,0.0,0.0
2023-03-21 02:40:29.727000+00:00,9.0,0.0,0.0,0.0
2023-03-21 02:40:34.727000+00:00,9.0,0.0,0.0,0.0
2023-03-21 02:40:39.727000+00:00,9.0,0.0,0.0,0.0
2023-03-21 02:40:44.727000+00:00,9.0,0.0,0.0,0.0
2023-03-21 02:40:49.727000+00:00,9.0,0.0,0.0,0.0
2023-03-21 02:40:54.727000+00:00,9.0,0.0,0.0,0.0
2023-03-21 02:40:59.727000+00:00,9.0,0.0,0.0,0.0
2023-03-21 02:41:04.727000+00:00,9.0,0.0,0.0,0.0
2023-03-21 02:41:09.727000+00:00,9.0,0.0,0.0,0.0
2023-03-21 02:41:14.727000+00:00,9.0,0.0,0.0,0.0
2023-03-21 02:41:19.727000+00:00,9.0,0.0,0.0,0.0
2023-03-21 02:41:24.727000+00:00,9.0,0.0,0.0,0.0
2023-03-21 02:41:29.727000+00:00,9.0,0.0,0.0,0.0
2023-03-21 02:41:34.727000+00:00,9.0,0.0,0.0,0.0
2023-03-21 02:41:39.727000+00:00,9.0,0.0,0.0,0.0
2023-03-21 02:41:44.727000+00:00,9.0,0.0,0.0,0.0
2023-03-21 02:41:49.727000+00:00,9.0,0.0,0.0,0.0
2023-03-21 02:41:54.727000+00:00,9.0,0.0,0.0,0.0
2023-03-21 02:41:59.727000+00:00,9.0,0.0,0.0,0.0
2023-03-21 02:42:04.727000+00:00,9.0,0.0,0.0,0.0
2023-03-21 02:42:09.727000+00:00,9.0,0.0,0.0,0.0
2023-03-21 02:42:14.727000+00:00,9.0,0.0,0.0,0.0
2023-03-21 02:42:19.727000+00:00,9.0,0.0,0.0,0.0
2023-03-21 02:42:24.727000+00:00,9.0,0.0,0.0,0.0
2023-03-21 02:42:29.727000+00:00,9.0,0.0,0.0,0.0
2023-03-21 02:42:34.727000+00:00,9.0,0.0,0.0,0.0
2023-03-21 02:42:39.727000+00:00,9.0,0.0,0.0,0.0
2023-03-21 02:42:44.727000+00:00,9.0,0.0,0.0,0.0
2023-03-21 02:42:49.727000+00:00,9.0,0.0,0.0,0.0
2023-03-21 02:42:54.727000+00:00,9.0,0.0,0.0,0.0
2023-03-21 02:42:59.727000+00:00,9.0,0.0,0.0,0.0
2023-03-21 02:43:04.727000+00:00,9.0,0.0,0.0,0.0
2023-03-21 02:43:09.727000+00:00,9.0,0.0,0.0,0.0
2023-03-21 02:43:14.727000+00:00,9.0,0.0,0.0,0.0
2023-03-21 02:43:19.727000+00:00,9.0,0.0,0.0,0.0
2023-03-21 02:43:24.727000+00:00,9.0,0.0,0.0,0.0
2023-03-21 02:43:29.727000+00:00,9.0,0.0,0.0,0.0
2023-03-21 02:43:34.727000+00:00,9.0,0.0,0.0,0.0
2023-03-21 02:43:39.727000+00:00,9.0,0.0,0.0,0.0
2023-03-21 02:43:44.727000+00:00,9.0,0.0,0.0,0.0
2023-03-21 02:43:49.727000+00:00,9.0,0.0,0.0,0.0
2023-03-21 02:43:54.727000+00:00,9.0,0.0,0.0,0.0
2023-03-21 02:43:59.727000+00:00,9.0,0.0,0.0,0.0
2023-03-21 02:44:04.727000+00:00,9.0,0.0,0.0,0.0
2023-03-21 02:44:09.727000+00:00,9.0,0.0,0.0,0.0
2023-03-21 02:44:14.727000+00:00,9.0,0.0,0.0,0.0
2023-03-21 02:44:19.727000+00:00,9.0,0.0,0.0,0.0
2023-03-21 02:44:24.727000+00:00,9.0,0.0,0.0,0.0
2023-03-21 02:44:29.727000+00:00,9.0,0.0,0.0,0.0
2023-03-21 02:44:34.727000+00:00,9.0,0.0,0.0,0.0
2023-03-21 02:44:39.727000+00:00,9.0,0.0,0.0,0.0
2023-03-21 02:44:44.727000+00:00,9.0,0.0,0.0,0.0
2023-03-21 02:44:49.727000+00:00,9.0,0.0,0.0,0.0
2023-03-21 02:44:54.727000+00:00,9.0,0.0,0.0,0.0
2023-03-21 02:44:59.727000+00:00,9.0,0.0,0.0,0.0
2023-03-21 02:45:04.727000+00:00,9.0,0.0,0.0,0.0
2023-03-21 02:45:09.727000+00:00,9.0,0.0,0.0,0.0
2023-03-21 02:45:14.727000+00:00,9.0,0.0,0.0,0.0
2023-03-21 02:45:19.727000+00:00,9.0,0.0,0.0,0.0
2023-03-21 02:45:24.727000+00:00,9.0,0.0,0.0,0.0
2023-03-21 02:45:29.727000+00:00,9.0,0.0,0.0,0.0
2023-03-21 02:45:34.727000+00:00,9.0,0.0,0.0,0.0
2023-03-21 02:45:39.727000+00:00,9.0,0.0,0.0,0.0
2023-03-21 02:45:44.727000+00:00,9.0,0.0,0.0,0.0
2023-03-21 02:45:49.727000+00:00,9.0,0.0,0.0,0.0
2023-03-21 02:45:54.727000+00:00,9.0,0.0,0.0,0.0
2023-03-21 02:45:59.727000+00:00,9.0,0.0,0.0,0.0
2023-03-21 02:46:04.727000+00:00,9.0,0.0,0.0,0.0
2023-03-21 02:46:09.727000+00:00,9.0,0.0,0.0,0.0
2023-03-21 02:46:14.727000+00:00,9.0,0.0,0.0,0.0
2023-03-21 02:46:19.727000+00:00,9.0,0.0,0.0,0.0
2023-03-21 02:46:24.727000+00:00,9.0,0.0,0.0,0.0
2023-03-21 02:46:29.727000+00:00,9.0,0.0,0.0,0.0
2023-03-21 02:46:34.727000+00:00,9.0,0.0,0.0,0.0
2023-03-21 02:46:39.727000+00:00,9.0,0.0,0.0,0.0
2023-03-21 02:46:44.727000+00:00,9.0,0.0,0.0,0.0
2023-03-21 02:46:49.727000+00:00,9.0,0.0,0.0,0.0
2023-03-21 02:46:54.727000+00:00,9.0,0.0,0.0,0.0
2023-03-21 02:46:59.727000+00:00,9.0,0.0,0.0,0.0
2023-03-21 02:47:04.727000+00:00,9.0,0.0,0.0,0.0
2023-03-21 02:47:09.727000+00:00,9.0,0.0,0.0,0.0
2023-03-21 02:47:14.727000+00:00,9.0,0.0,0.0,0.0
2023-03-21 02:47:19.727000+00:00,9.0,0.0,0.0,0.0
2023-03-21 02:47:24.727000+00:00,9.0,0.0,0.0,0.0
2023-03-21 02:47:29.727000+00:00,9.0,0.0,0.0,0.0
2023-03-21 02:47:34.727000+00:00,9.0,0.0,0.0,0.0
2023-03-21 02:47:39.727000+00:00,9.0,0.0,0.0,0.0
2023-03-21 02:47:44.727000+00:00,9.0,0.0,0.0,0.0
2023-03-21 02:47:49.727000+00:00,9.0,0.0,0.0,0.0
2023-03-21 02:47:54.727000+00:00,9.0,0.0,0.0,0.0
2023-03-21 02:47:59.727000+00:00,9.0,0.0,0.0,0.0
2023-03-21 02:48:04.727000+00:00,9.0,0.0,0.0,0.0
2023-03-21 02:48:09.727000+00:00,9.0,0.0,0.0,0.0
2023-03-21 02:48:14.727000+00:00,9.0,0.0,0.0,0.0
2023-03-21 02:48:19.727000+00:00,9.0,0.0,0.0,0.0
2023-03-21 02:48:24.727000+00:00,9.0,0.0,0.0,0.0
2023-03-21 02:48:29.727000+00:00,9.0,0.0,0.0,0.0
2023-03-21 02:48:34.727000+00:00,9.0,0.0,0.0,0.0
2023-03-21 02:48:39.727000+00:00,9.0,0.0,0.0,0.0
2023-03-21 02:48:44.727000+00:00,9.0,0.0,0.0,0.0
2023-03-21 02:48:49.727000+00:00,9.0,0.0,0.0,0.0
2023-03-21 02:48:54.727000+00:00,9.0,0.0,0.0,0.0
2023-03-21 02:48:59.727000+00:00,9.0,0.0,0.0,0.0
2023-03-21 02:49:04.727000+00:00,9.0,0.0,0.0,0.0
2023-03-21 02:49:09.727000+00:00,9.0,0.0,0.0,0.0
2023-03-21 02:49:14.727000+00:00,9.0,0.0,0.0,0.0
2023-03-21 02:49:19.727000+00:00,9.0,0.0,0.0,0.0
2023-03-21 02:49:24.727000+00:00,9.0,0.0,0.0,0.0
2023-03-21 02:49:29.727000+00:00,9.0,0.0,0.0,0.0
2023-03-21 02:49:34.727000+00:00,9.0,0.0,0.0,0.0
2023-03-21 02:49:39.727000+00:00,9.0,0.0,0.0,0.0
2023-03-21 02:49:44.727000+00:00,9.0,0.0,0.0,0.0
2023-03-21 02:49:49.727000+00:00,9.0,0.0,0.0,0.0
2023-03-21 02:49:54.727000+00:00,9.0,0.0,0.0,0.0
2023-03-21 02:49:59.727000+00:00,9.0,0.0,0.0,0.0
2023-03-21 02:50:04.727000+00:00,9.0,0.0,0.0,0.0
2023-03-21 02:50:09.727000+00:00,9.0,0.0,0.0,0.0
2023-03-21 02:50:14.727000+00:00,9.0,0.0,0.0,0.0
2023-03-21 02:50:19.727000+00:00,9.0,0.0,0.0,0.0
2023-03-21 02:50:24.727000+00:00,9.0,0.0,0.0,0.0
2023-03-21 02:50:29.727000+00:00,9.0,0.0,0.0,0.0
2023-03-21 02:50:34.727000+00:00,9.0,0.0,0.0,0.0
2023-03-21 02:50:39.727000+00:00,9.0,0.0,0.0,0.0
2023-03-21 02:50:44.727000+00:00,9.0,0.0,0.0,0.0
2023-03-21 02:50:49.727000+00:00,9.0,0.0,0.0,0.0
2023-03-21 02:50:54.727000+00:00,9.0,0.0,0.0,0.0
2023-03-21 02:50:59.727000+00:00,9.0,0.0,0.0,0.0
2023-03-21 02:51:04.727000+00:00,9.0,0.0,0.0,0.0
2023-03-21 02:51:09.727000+00:00,9.0,0.0,0.0,0.0
2023-03-21 02:51:14.727000+00:00,9.0,0.0,0.0,0.0
2023-03-21 02:51:19.727000+00:00,9.0,0.0,0.0,0.0
2023-03-21 02:51:24.727000+00:00,9.0,0.0,0.0,0.0
2023-03-21 02:51:29.727000+00:00,9.0,0.0,0.0,0.0
2023-03-21 02:51:34.727000+00:00,9.0,0.0,0.0,0.0
2023-03-21 02:51:39.727000+00:00,9.0,0.0,0.0,0.0
2023-03-21 02:51:44.727000+00:00,9.0,0.0,0.0,0.0
2023-03-21 02:51:49.727000+00:00,9.0,0.0,0.0,0.0
2023-03-21 02:51:54.727000+00:00,9.0,0.0,0.0,0.0
2023-03-21 02:51:59.727000+00:00,9.0,0.0,0.0,0.0
2023-03-21 02:52:04.727000+00:00,9.0,0.0,0.0,0.0
2023-03-21 02:52:09.727000+00:00,9.0,0.0,0.0,0.0
2023-03-21 02:52:14.727000+00:00,9.0,0.0,0.0,0.0
2023-03-21 02:52:19.727000+00:00,9.0,0.0,0.0,0.0
2023-03-21 02:52:24.727000+00:00,9.0,0.0,0.0,0.0
2023-03-21 02:52:29.727000+00:00,9.0,0.0,0.0,0.0
2023-03-21 02:52:34.727000+00:00,9.0,0.0,0.0,0.0
2023-03-21 02:52:39.727000+00:00,9.0,0.0,0.0,0.0
2023-03-21 02:52:44.727000+00:00,9.0,0.0,0.0,0.0
2023-03-21 02:52:49.727000+00:00,9.0,0.0,0.0,0.0
2023-03-21 02:52:54.727000+00:00,9.0,0.0,0.0,0.0
2023-03-21 02:52:59.727000+00:00,9.0,0.0,0.0,0.0
2023-03-21 02:53:04.727000+00:00,9.0,0.0,0.0,0.0
2023-03-21 02:53:09.727000+00:00,9.0,0.0,0.0,0.0
2023-03-21 02:53:14.727000+00:00,9.0,0.0,0.0,0.0
2023-03-21 02:53:19.727000+00:00,9.0,0.0,0.0,0.0
2023-03-21 02:53:24.727000+00:00,9.0,0.0,0.0,0.0
2023-03-21 02:53:29.727000+00:00,9.0,0.0,0.0,0.0
2023-03-21 02:53:34.727000+00:00,9.0,0.0,0.0,0.0
2023-03-21 02:53:39.727000+00:00,9.0,0.0,0.0,0.0
2023-03-21 02:53:44.727000+00:00,9.0,0.0,0.0,0.0
2023-03-21 02:53:49.727000+00:00,9.0,0.0,0.0,0.0
2023-03-21 02:53:54.727000+00:00,9.0,0.0,0.0,0.0
2023-03-21 02:53:59.727000+00:00,9.0,0.0,0.0,0.0
2023-03-21 02:54:04.727000+00:00,9.0,0.0,0.0,0.0
2023-03-21 02:54:09.727000+00:00,9.0,0.0,0.0,0.0
2023-03-21 02:54:14.727000+00:00,9.0,0.0,0.0,0.0
2023-03-21 02:54:19.727000+00:00,9.0,0.0,0.0,0.0
2023-03-21 02:54:24.727000+00:00,9.0,0.0,0.0,0.0
2023-03-21 02:54:29.727000+00:00,9.0,0.0,0.0,0.0
2023-03-21 02:54:34.727000+00:00,9.0,0.0,0.0,0.0
2023-03-21 02:54:39.727000+00:00,9.0,0.0,0.0,0.0
2023-03-21 02:54:44.727000+00:00,9.0,0.0,0.0,0.0
2023-03-21 02:54:49.727000+00:00,9.0,0.0,0.0,0.0
2023-03-21 02:54:54.727000+00:00,9.0,0.0,0.0,0.0
2023-03-21 02:54:59.727000+00:00,9.0,0.0,0.0,0.0
2023-03-21 02:55:04.727000+00:00,9.0,0.0,0.0,0.0
2023-03-21 02:55:09.727000+00:00,9.0,0.0,0.0,0.0
2023-03-21 02:55:14.727000+00:00,9.0,0.0,0.0,0.0
2023-03-21 02:55:19.727000+00:00,9.0,0.0,0.0,0.0
2023-03-21 02:55:24.727000+00:00,9.0,0.0,0.0,0.0
2023-03-21 02:55:29.727000+00:00,9.0,0.0,0.0,0.0
2023-03-21 02:55:34.727000+00:00,9.0,0.0,0.0,0.0
2023-03-21 02:55:39.727000+00:00,9.0,0.0,0.0,0.0
2023-03-21 02:55:44.727000+00:00,9.0,0.0,0.0,0.0
2023-03-21 02:55:49.727000+00:00,9.0,0.0,0.0,0.0
2023-03-21 02:55:54.727000+00:00,9.0,0.0,0.0,0.0
2023-03-21 02:55:59.727000+00:00,9.0,0.0,0.0,0.0
2023-03-21 02:56:04.727000+00:00,9.0,0.0,0.0,0.0
2023-03-21 02:56:09.727000+00:00,9.0,0.0,0.0,0.0
2023-03-21 02:56:14.727000+00:00,9.0,0.0,0.0,0.0
2023-03-21 02:56:19.727000+00:00,9.0,0.0,0.0,0.0
2023-03-21 02:56:24.727000+00:00,9.0,0.0,0.0,0.0
2023-03-21 02:56:29.727000+00:00,9.0,0.0,0.0,0.0
2023-03-21 02:56:34.727000+00:00,9.0,0.0,0.0,0.0
2023-03-21 02:56:39.727000+00:00,9.0,0.0,0.0,0.0
2023-03-21 02:56:44.727000+00:00,9.0,0.0,0.0,0.0
2023-03-21 02:56:49.727000+00:00,9.0,0.0,0.0,0.0
2023-03-21 02:56:54.727000+00:00,9.0,0.0,0.0,0.0
2023-03-21 02:56:59.727000+00:00,9.0,0.0,0.0,0.0
2023-03-21 02:57:04.727000+00:00,9.0,0.0,0.0,0.0
2023-03-21 02:57:09.727000+00:00,9.0,0.0,0.0,0.0
2023-03-21 02:57:14.727000+00:00,9.0,0.0,0.0,0.0
2023-03-21 02:57:19.727000+00:00,9.0,0.0,0.0,0.0
2023-03-21 02:57:24.727000+00:00,9.0,0.0,0.0,0.0
2023-03-21 02:57:29.727000+00:00,9.0,0.0,0.0,0.0
2023-03-21 02:57:34.727000+00:00,9.0,0.0,0.0,0.0
2023-03-21 02:57:39.727000+00:00,9.0,0.0,0.0,0.0
2023-03-21 02:57:44.727000+00:00,9.0,0.0,0.0,0.0
2023-03-21 02:57:49.727000+00:00,9.0,0.0,0.0,0.0
2023-03-21 02:57:54.727000+00:00,9.0,0.0,0.0,0.0
2023-03-21 02:57:59.727000+00:00,9.0,0.0,0.0,0.0
2023-03-21 02:58:04.727000+00:00,9.0,0.0,0.0,0.0
2023-03-21 02:58:09.727000+00:00,9.0,0.0,0.0,0.0
2023-03-21 02:58:14.727000+00:00,9.0,0.0,0.0,0.0
2023-03-21 02:58:19.727000+00:00,9.0,0.0,0.0,0.0
2023-03-21 02:58:24.727000+00:00,9.0,0.0,0.0,0.0
2023-03-21 02:58:29.727000+00:00,9.0,0.0,0.0,0.0
2023-03-21 02:58:34.727000+00:00,9.0,0.0,0.0,0.0
2023-03-21 02:58:39.727000+00:00,9.0,0.0,0.0,0.0
2023-03-21 02:58:44.727000+00:00,9.0,0.0,0.0,0.0
2023-03-21 02:58:49.727000+00:00,9.0,0.0,0.0,0.0
2023-03-21 02:58:54.727000+00:00,9.0,0.0,0.0,0.0
2023-03-21 02:58:59.727000+00:00,9.0,0.0,0.0,0.0
2023-03-21 02:59:04.727000+00:00,9.0,0.0,0.0,0.0
2023-03-21 02:59:09.727000+00:00,9.0,0.0,0.0,0.0
2023-03-21 02:59:14.727000+00:00,9.0,0.0,0.0,0.0
2023-03-21 02:59:19.727000+00:00,9.0,0.0,0.0,0.0
2023-03-21 02:59:24.727000+00:00,9.0,0.0,0.0,0.0
2023-03-21 02:59:29.727000+00:00,9.0,0.0,0.0,0.0
2023-03-21 02:59:34.727000+00:00,9.0,0.0,0.0,0.0
2023-03-21 02:59:39.727000+00:00,9.0,0.0,0.0,0.0
2023-03-21 02:59:44.727000+00:00,9.0,0.0,0.0,0.0
2023-03-21 02:59:49.727000+00:00,9.0,0.0,0.0,0.0
2023-03-21 02:59:54.727000+00:00,9.0,0.0,0.0,0.0
2023-03-21 02:59:59.727000+00:00,9.0,0.0,0.0,0.0
2023-03-21 03:00:04.727000+00:00,9.0,0.0,0.0,0.0
2023-03-21 03:00:09.727000+00:00,9.0,0.0,0.0,0.0
2023-03-21 03:00:14.727000+00:00,9.0,0.0,0.0,0.0
2023-03-21 03:00:19.727000+00:00,9.0,0.0,0.0,0.0
2023-03-21 03:00:24.727000+00:00,9.0,0.0,0.0,0.0
2023-03-21 03:00:29.727000+00:00,9.0,0.0,0.0,0.0
2023-03-21 03:00:34.727000+00:00,9.0,0.0,0.0,0.0
2023-03-21 03:00:39.727000+00:00,9.0,0.0,0.0,0.0
2023-03-21 03:00:44.727000+00:00,9.0,0.0,0.0,0.0
2023-03-21 03:00:49.727000+00:00,9.0,0.0,0.0,0.0
2023-03-21 03:00:54.727000+00:00,9.0,0.0,0.0,0.0
2023-03-21 03:00:59.727000+00:00,9.0,0.0,0.0,0.0
2023-03-21 03:01:04.727000+00:00,9.0,0.0,0.0,0.0
2023-03-21 03:01:09.727000+00:00,9.0,0.0,0.0,0.0
2023-03-21 03:01:14.727000+00:00,9.0,0.0,0.0,0.0
2023-03-21 03:01:19.727000+00:00,9.0,0.0,0.0,0.0
2023-03-21 03:01:24.727000+00:00,9.0,0.0,0.0,0.0
2023-03-21 03:01:29.727000+00:00,9.0,0.0,0.0,0.0
2023-03-21 03:01:34.727000+00:00,9.0,0.0,0.0,0.0
2023-03-21 03:01:39.727000+00:00,9.0,0.0,0.0,0.0
2023-03-21 03:01:44.727000+00:00,9.0,0.0,0.0,0.0
2023-03-21 03:01:49.727000+00:00,9.0,0.0,0.0,0.0
2023-03-21 03:01:54.727000+00:00,9.0,0.0,0.0,0.0
2023-03-21 03:01:59.727000+00:00,9.0,0.0,0.0,0.0
2023-03-21 03:02:04.727000+00:00,9.0,0.0,0.0,0.0
2023-03-21 03:02:09.727000+00:00,9.0,0.0,0.0,0.0
2023-03-21 03:02:14.727000+00:00,9.0,0.0,0.0,0.0
2023-03-21 03:02:19.727000+00:00,9.0,0.0,0.0,0.0
2023-03-21 03:02:24.727000+00:00,9.0,0.0,0.0,0.0
2023-03-21 03:02:29.727000+00:00,9.0,0.0,0.0,0.0
2023-03-21 03:02:34.727000+00:00,9.0,0.0,0.0,0.0
2023-03-21 03:02:39.727000+00:00,9.0,0.0,0.0,0.0
2023-03-21 03:02:44.727000+00:00,9.0,0.0,0.0,0.0
2023-03-21 03:02:49.727000+00:00,9.0,0.0,0.0,0.0
2023-03-21 03:02:54.727000+00:00,9.0,0.0,0.0,0.0
2023-03-21 03:02:59.727000+00:00,9.0,0.0,0.0,0.0
2023-03-21 03:03:04.727000+00:00,9.0,0.0,0.0,0.0
2023-03-21 03:03:09.727000+00:00,9.0,0.0,0.0,0.0
2023-03-21 03:03:14.727000+00:00,9.0,0.0,0.0,0.0
2023-03-21 03:03:19.727000+00:00,9.0,0.0,0.0,0.0
2023-03-21 03:03:24.727000+00:00,9.0,0.0,0.0,0.0
2023-03-21 03:03:29.727000+00:00,9.0,0.0,0.0,0.0
2023-03-21 03:03:34.727000+00:00,9.0,0.0,0.0,0.0
2023-03-21 03:03:39.727000+00:00,9.0,0.0,0.0,0.0
2023-03-21 03:03:44.727000+00:00,9.0,0.0,0.0,0.0
2023-03-21 03:03:49.727000+00:00,9.0,0.0,0.0,0.0
2023-03-21 03:03:54.727000+00:00,9.0,0.0,0.0,0.0
2023-03-21 03:03:59.727000+00:00,9.0,0.0,0.0,0.0
2023-03-21 03:04:04.727000+00:00,9.0,0.0,0.0,0.0
2023-03-21 03:04:09.727000+00:00,9.0,0.0,0.0,0.0
2023-03-21 03:04:14.727000+00:00,9.0,0.0,0.0,0.0
2023-03-21 03:04:19.727000+00:00,9.0,0.0,0.0,0.0
2023-03-21 03:04:24.727000+00:00,9.0,0.0,0.0,0.0
2023-03-21 03:04:29.727000+00:00,9.0,0.0,0.0,0.0
2023-03-21 03:04:34.727000+00:00,9.0,0.0,0.0,0.0
2023-03-21 03:04:39.727000+00:00,9.0,0.0,0.0,0.0
2023-03-21 03:04:44.727000+00:00,9.0,0.0,0.0,0.0
2023-03-21 03:04:49.727000+00:00,9.0,0.0,0.0,0.0
2023-03-21 03:04:54.727000+00:00,9.0,0.0,0.0,0.0
2023-03-21 03:04:59.727000+00:00,9.0,0.0,0.0,0.0
2023-03-21 03:05:04.727000+00:00,9.0,0.0,0.0,0.0
2023-03-21 03:05:09.727000+00:00,9.0,0.0,0.0,0.0
2023-03-21 03:05:14.727000+00:00,9.0,0.0,0.0,0.0
2023-03-21 03:05:19.727000+00:00,9.0,0.0,0.0,0.0
2023-03-21 03:05:24.727000+00:00,9.0,0.0,0.0,0.0
2023-03-21 03:05:29.727000+00:00,9.0,0.0,0.0,0.0
2023-03-21 03:05:34.727000+00:00,9.0,0.0,0.0,0.0
2023-03-21 03:05:39.727000+00:00,9.0,0.0,0.0,0.0
2023-03-21 03:05:44.727000+00:00,9.0,0.0,0.0,0.0
2023-03-21 03:05:49.727000+00:00,9.0,0.0,0.0,0.0
2023-03-21 03:05:54.727000+00:00,9.0,0.0,0.0,0.0
2023-03-21 03:05:59.727000+00:00,9.0,0.0,0.0,0.0
2023-03-21 03:06:04.727000+00:00,9.0,0.0,0.0,0.0
2023-03-21 03:06:09.727000+00:00,9.0,0.0,0.0,0.0
2023-03-21 03:06:14.727000+00:00,9.0,0.0,0.0,0.0
2023-03-21 03:06:19.727000+00:00,9.0,0.0,0.0,0.0
2023-03-21 03:06:24.727000+00:00,9.0,0.0,0.0,0.0
2023-03-21 03:06:29.727000+00:00,9.0,0.0,0.0,0.0
2023-03-21 03:06:34.727000+00:00,9.0,0.0,0.0,0.0
2023-03-21 03:06:39.727000+00:00,9.0,0.0,0.0,0.0
2023-03-21 03:06:44.727000+00:00,9.0,0.0,0.0,0.0
2023-03-21 03:06:49.727000+00:00,9.0,0.0,0.0,0.0
2023-03-21 03:06:54.727000+00:00,9.0,0.0,0.0,0.0
2023-03-21 03:06:59.727000+00:00,9.0,0.0,0.0,0.0
2023-03-21 03:07:04.727000+00:00,9.0,0.0,0.0,0.0
2023-03-21 03:07:09.727000+00:00,9.0,0.0,0.0,0.0
2023-03-21 03:07:14.727000+00:00,9.0,0.0,0.0,0.0
2023-03-21 03:07:19.727000+00:00,9.0,0.0,0.0,0.0
2023-03-21 03:07:24.727000+00:00,9.0,0.0,0.0,0.0
2023-03-21 03:07:29.727000+00:00,9.0,0.0,0.0,0.0
2023-03-21 03:07:34.727000+00:00,9.0,0.0,0.0,0.0
2023-03-21 03:07:39.727000+00:00,9.0,0.0,0.0,0.0
2023-03-21 03:07:44.727000+00:00,9.0,0.0,0.0,0.0
2023-03-21 03:07:49.727000+00:00,9.0,0.0,0.0,0.0
2023-03-21 03:07:54.727000+00:00,9.0,0.0,0.0,0.0
2023-03-21 03:07:59.727000+00:00,9.0,0.0,0.0,0.0
2023-03-21 03:08:04.727000+00:00,9.0,0.0,0.0,0.0
2023-03-21 03:08:09.727000+00:00,9.0,0.0,0.0,0.0
2023-03-21 03:08:14.727000+00:00,9.0,0.0,0.0,0.0
2023-03-21 03:08:19.727000+00:00,9.0,0.0,0.0,0.0
2023-03-21 03:08:24.727000+00:00,9.0,0.0,0.0,0.0
2023-03-21 03:08:29.727000+00:00,9.0,0.0,0.0,0.0
2023-03-21 03:08:34.727000+00:00,9.0,0.0,0.0,0.0
2023-03-21 03:08:39.727000+00:00,9.0,0.0,0.0,0.0
2023-03-21 03:08:44.727000+00:00,9.0,0.0,0.0,0.0
2023-03-21 03:08:49.727000+00:00,9.0,0.0,0.0,0.0
2023-03-21 03:08:54.727000+00:00,9.0,0.0,0.0,0.0
2023-03-21 03:08:59.727000+00:00,9.0,0.0,0.0,0.0
2023-03-21 03:09:04.727000+00:00,9.0,0.0,0.0,0.0
2023-03-21 03:09:09.727000+00:00,9.0,0.0,0.0,0.0
2023-03-21 03:09:14.727000+00:00,9.0,0.0,0.0,0.0
2023-03-21 03:09:19.727000+00:00,9.0,0.0,0.0,0.0
2023-03-21 03:09:24.727000+00:00,9.0,0.0,0.0,0.0
2023-03-21 03:09:29.727000+00:00,9.0,0.0,0.0,0.0
2023-03-21 03:09:34.727000+00:00,9.0,0.0,0.0,0.0
2023-03-21 03:09:39.727000+00:00,9.0,0.0,0.0,0.0
2023-03-21 03:09:44.727000+00:00,9.0,0.0,0.0,0.0
2023-03-21 03:09:49.727000+00:00,9.0,0.0,0.0,0.0
2023-03-21 03:09:54.727000+00:00,9.0,0.0,0.0,0.0
2023-03-21 03:09:59.727000+00:00,9.0,0.0,0.0,0.0
2023-03-21 03:10:04.727000+00:00,9.0,0.0,0.0,0.0
2023-03-21 03:10:09.727000+00:00,9.0,0.0,0.0,0.0
2023-03-21 03:10:14.727000+00:00,9.0,0.0,0.0,0.0
2023-03-21 03:10:19.727000+00:00,9.0,0.0,0.0,0.0
2023-03-21 03:10:24.727000+00:00,9.0,0.0,0.0,0.0
2023-03-21 03:10:29.727000+00:00,9.0,0.0,0.0,0.0
2023-03-21 03:10:34.727000+00:00,9.0,0.0,0.0,0.0
2023-03-21 03:10:39.727000+00:00,9.0,0.0,0.0,0.0
2023-03-21 03:10:44.727000+00:00,9.0,0.0,0.0,0.0
2023-03-21 03:10:49.727000+00:00,9.0,0.0,0.0,0.0
2023-03-21 03:10:54.727000+00:00,9.0,0.0,0.0,0.0
2023-03-21 03:10:59.727000+00:00,9.0,0.0,0.0,0.0
2023-03-21 03:11:04.727000+00:00,9.0,0.0,0.0,0.0
2023-03-21 03:11:09.727000+00:00,9.0,0.0,0.0,0.0
2023-03-21 03:11:14.727000+00:00,9.0,0.0,0.0,0.0
2023-03-21 03:11:19.727000+00:00,9.0,0.0,0.0,0.0
2023-03-21 03:11:24.727000+00:00,9.0,0.0,0.0,0.0
2023-03-21 03:11:29.727000+00:00,9.0,0.0,0.0,0.0
2023-03-21 03:11:34.727000+00:00,9.0,0.0,0.0,0.0
2023-03-21 03:11:39.727000+00:00,9.0,0.0,0.0,0.0
2023-03-21 03:11:44.727000+00:00,9.0,0.0,0.0,0.0
2023-03-21 03:11:49.727000+00:00,9.0,0.0,0.0,0.0
2023-03-21 03:11:54.727000+00:00,9.0,0.0,0.0,0.0
2023-03-21 03:11:59.727000+00:00,9.0,0.0,0.0,0.0
2023-03-21 03:12:04.727000+00:00,9.0,0.0,0.0,0.0
2023-03-21 03:12:09.727000+00:00,9.0,0.0,0.0,0.0
2023-03-21 03:12:14.727000+00:00,9.0,0.0,0.0,0.0
2023-03-21 03:12:19.727000+00:00,9.0,0.0,0.0,0.0
2023-03-21 03:12:24.727000+00:00,9.0,0.0,0.0,0.0
2023-03-21 03:12:29.727000+00:00,9.0,0.0,0.0,0.0
2023-03-21 03:12:34.727000+00:00,9.0,0.0,0.0,0.0
2023-03-21 03:12:39.727000+00:00,9.0,0.0,0.0,0.0
2023-03-21 03:12:44.727000+00:00,9.0,0.0,0.0,0.0
2023-03-21 03:12:49.727000+00:00,9.0,0.0,0.0,0.0
2023-03-21 03:12:54.727000+00:00,9.0,0.0,0.0,0.0
2023-03-21 03:12:59.727000+00:00,9.0,0.0,0.0,0.0
2023-03-21 03:13:04.727000+00:00,9.0,0.0,0.0,0.0
2023-03-21 03:13:09.727000+00:00,9.0,0.0,0.0,0.0
2023-03-21 03:13:14.727000+00:00,9.0,0.0,0.0,0.0
2023-03-21 03:13:19.727000+00:00,9.0,0.0,0.0,0.0
2023-03-21 03:13:24.727000+00:00,9.0,0.0,0.0,0.0
2023-03-21 03:13:29.727000+00:00,9.0,0.0,0.0,0.0
2023-03-21 03:13:34.727000+00:00,9.0,0.0,0.0,0.0
2023-03-21 03:13:39.727000+00:00,9.0,0.0,0.0,0.0
2023-03-21 03:13:44.727000+00:00,9.0,0.0,0.0,0.0
2023-03-21 03:13:49.727000+00:00,9.0,0.0,0.0,0.0
2023-03-21 03:13:54.727000+00:00,9.0,0.0,0.0,0.0
2023-03-21 03:13:59.727000+00:00,9.0,0.0,0.0,0.0
2023-03-21 03:14:04.727000+00:00,9.0,0.0,0.0,0.0
2023-03-21 03:14:09.727000+00:00,9.0,0.0,0.0,0.0
2023-03-21 03:14:14.727000+00:00,9.0,0.0,0.0,0.0
2023-03-21 03:14:19.727000+00:00,9.0,0.0,0.0,0.0
2023-03-21 03:14:24.727000+00:00,9.0,0.0,0.0,0.0
2023-03-21 03:14:29.727000+00:00,9.0,0.0,0.0,0.0
2023-03-21 03:14:34.727000+00:00,9.0,0.0,0.0,0.0
2023-03-21 03:14:39.727000+00:00,9.0,0.0,0.0,0.0
2023-03-21 03:14:44.727000+00:00,9.0,0.0,0.0,0.0
2023-03-21 03:14:49.727000+00:00,9.0,0.0,0.0,0.0
2023-03-21 03:14:54.727000+00:00,9.0,0.0,0.0,0.0
2023-03-21 03:14:59.727000+00:00,9.0,0.0,0.0,0.0
2023-03-21 03:15:04.727000+00:00,9.0,0.0,0.0,0.0
2023-03-21 03:15:09.727000+00:00,9.0,0.0,0.0,0.0
2023-03-21 03:15:14.727000+00:00,9.0,0.0,0.0,0.0
2023-03-21 03:15:19.727000+00:00,9.0,0.0,0.0,0.0
2023-03-21 03:15:24.727000+00:00,9.0,0.0,0.0,0.0
2023-03-21 03:15:29.727000+00:00,9.0,0.0,0.0,0.0
2023-03-21 03:15:34.727000+00:00,9.0,0.0,0.0,0.0
2023-03-21 03:15:39.727000+00:00,9.0,0.0,0.0,0.0
2023-03-21 03:15:44.727000+00:00,9.0,0.0,0.0,0.0
2023-03-21 03:15:49.727000+00:00,9.0,0.0,0.0,0.0
2023-03-21 03:15:54.727000+00:00,9.0,0.0,0.0,0.0
2023-03-21 03:15:59.727000+00:00,9.0,0.0,0.0,0.0
2023-03-21 03:16:04.727000+00:00,9.0,0.0,0.0,0.0
2023-03-21 03:16:09.727000+00:00,9.0,0.0,0.0,0.0
2023-03-21 03:16:14.727000+00:00,9.0,0.0,0.0,0.0
2023-03-21 03:16:19.727000+00:00,9.0,0.0,0.0,0.0
2023-03-21 03:16:24.727000+00:00,9.0,0.0,0.0,0.0
2023-03-21 03:16:29.727000+00:00,9.0,0.0,0.0,0.0
2023-03-21 03:16:34.727000+00:00,9.0,0.0,0.0,0.0
2023-03-21 03:16:39.727000+00:00,9.0,0.0,0.0,0.0
2023-03-21 03:16:44.727000+00:00,9.0,0.0,0.0,0.0
2023-03-21 03:16:49.727000+00:00,9.0,0.0,0.0,0.0
2023-03-21 03:16:54.727000+00:00,9.0,0.0,0.0,0.0
2023-03-21 03:16:59.727000+00:00,9.0,0.0,0.0,0.0
2023-03-21 03:17:04.727000+00:00,9.0,0.0,0.0,0.0
2023-03-21 03:17:09.727000+00:00,9.0,0.0,0.0,0.0
2023-03-21 03:17:14.727000+00:00,9.0,0.0,0.0,0.0
2023-03-21 03:17:19.727000+00:00,9.0,0.0,0.0,0.0
2023-03-21 03:17:24.727000+00:00,9.0,0.0,0.0,0.0
2023-03-21 03:17:29.727000+00:00,9.0,0.0,0.0,0.0
2023-03-21 03:17:34.727000+00:00,9.0,0.0,0.0,0.0
2023-03-21 03:17:39.727000+00:00,9.0,0.0,0.0,0.0
2023-03-21 03:17:44.727000+00:00,9.0,0.0,0.0,0.0
2023-03-21 03:17:49.727000+00:00,9.0,0.0,0.0,0.0
2023-03-21 03:17:54.727000+00:00,9.0,0.0,0.0,0.0
2023-03-21 03:17:59.727000+00:00,9.0,0.0,0.0,0.0
2023-03-21 03:18:04.727000+00:00,9.0,0.0,0.0,0.0
2023-03-21 03:18:09.727000+00:00,9.0,0.0,0.0,0.0
2023-03-21 03:18:14.727000+00:00,9.0,0.0,0.0,0.0
2023-03-21 03:18:19.727000+00:00,9.0,0.0,0.0,0.0
2023-03-21 03:18:24.727000+00:00,9.0,0.0,0.0,0.0
2023-03-21 03:18:29.727000+00:00,9.0,0.0,0.0,0.0
2023-03-21 03:18:34.727000+00:00,9.0,0.0,0.0,0.0
2023-03-21 03:18:39.727000+00:00,9.0,0.0,0.0,0.0
2023-03-21 03:18:44.727000+00:00,9.0,0.0,0.0,0.0
2023-03-21 03:18:49.727000+00:00,9.0,0.0,0.0,0.0
2023-03-21 03:18:54.727000+00:00,9.0,0.0,0.0,0.0
2023-03-21 03:18:59.727000+00:00,9.0,0.0,0.0,0.0
2023-03-21 03:19:04.727000+00:00,9.0,0.0,0.0,0.0
2023-03-21 03:19:09.727000+00:00,9.0,0.0,0.0,0.0
2023-03-21 03:19:14.727000+00:00,9.0,0.0,0.0,0.0
2023-03-21 03:19:19.727000+00:00,9.0,0.0,0.0,0.0
2023-03-21 03:19:24.727000+00:00,9.0,0.0,0.0,0.0
2023-03-21 03:19:29.727000+00:00,9.0,0.0,0.0,0.0
2023-03-21 03:19:34.727000+00:00,9.0,0.0,0.0,0.0
2023-03-21 03:19:39.727000+00:00,9.0,0.0,0.0,0.0
2023-03-21 03:19:44.727000+00:00,9.0,0.0,0.0,0.0
2023-03-21 03:19:49.727000+00:00,9.0,0.0,0.0,0.0
2023-03-21 03:19:54.727000+00:00,9.0,0.0,0.0,0.0
2023-03-21 03:19:59.727000+00:00,9.0,0.0,0.0,0.0
2023-03-21 03:20:04.727000+00:00,9.0,0.0,0.0,0.0
2023-03-21 03:20:09.727000+00:00,9.0,0.0,0.0,0.0
2023-03-21 03:20:14.727000+00:00,9.0,0.0,0.0,0.0
2023-03-21 03:20:19.727000+00:00,9.0,0.0,0.0,0.0
2023-03-21 03:20:24.727000+00:00,9.0,0.0,0.0,0.0
2023-03-21 03:20:29.727000+00:00,9.0,0.0,0.0,0.0
2023-03-21 03:20:34.727000+00:00,9.0,0.0,0.0,0.0
2023-03-21 03:20:39.727000+00:00,9.0,0.0,0.0,0.0
2023-03-21 03:20:44.727000+00:00,9.0,0.0,0.0,0.0
2023-03-21 03:20:49.727000+00:00,9.0,0.0,0.0,0.0
2023-03-21 03:20:54.727000+00:00,9.0,0.0,0.0,0.0
2023-03-21 03:20:59.727000+00:00,9.0,0.0,0.0,0.0
2023-03-21 03:21:04.727000+00:00,9.0,0.0,0.0,0.0
2023-03-21 03:21:09.727000+00:00,9.0,0.0,0.0,0.0
2023-03-21 03:21:14.727000+00:00,9.0,0.0,0.0,0.0
2023-03-21 03:21:19.727000+00:00,9.0,0.0,0.0,0.0
2023-03-21 03:21:24.727000+00:00,9.0,0.0,0.0,0.0
2023-03-21 03:21:29.727000+00:00,9.0,0.0,0.0,0.0
2023-03-21 03:21:34.727000+00:00,9.0,0.0,0.0,0.0
2023-03-21 03:21:39.727000+00:00,9.0,0.0,0.0,0.0
2023-03-21 03:21:44.727000+00:00,9.0,0.0,0.0,0.0
2023-03-21 03:21:49.727000+00:00,9.0,0.0,0.0,0.0
2023-03-21 03:21:54.727000+00:00,9.0,0.0,0.0,0.0
2023-03-21 03:21:59.727000+00:00,9.0,0.0,0.0,0.0
2023-03-21 03:22:04.727000+00:00,9.0,0.0,0.0,0.0
2023-03-21 03:22:09.727000+00:00,9.0,0.0,0.0,0.0
2023-03-21 03:22:14.727000+00:00,9.0,0.0,0.0,0.0
2023-03-21 03:22:19.727000+00:00,9.0,0.0,0.0,0.0
2023-03-21 03:22:24.727000+00:00,9.0,0.0,0.0,0.0
2023-03-21 03:22:29.727000+00:00,9.0,0.0,0.0,0.0
2023-03-21 03:22:34.727000+00:00,9.0,0.0,0.0,0.0
2023-03-21 03:22:39.727000+00:00,9.0,0.0,0.0,0.0
2023-03-21 03:22:44.727000+00:00,9.0,0.0,0.0,0.0
2023-03-21 03:22:49.727000+00:00,9.0,0.0,0.0,0.0
2023-03-21 03:22:54.727000+00:00,9.0,0.0,0.0,0.0
2023-03-21 03:22:59.727000+00:00,9.0,0.0,0.0,0.0
2023-03-21 03:23:04.727000+00:00,9.0,0.0,0.0,0.0
2023-03-21 03:23:09.727000+00:00,9.0,0.0,0.0,0.0
2023-03-21 03:23:14.727000+00:00,9.0,0.0,0.0,0.0
2023-03-21 03:23:19.727000+00:00,9.0,0.0,0.0,0.0
2023-03-21 03:23:24.727000+00:00,9.0,0.0,0.0,0.0
2023-03-21 03:23:29.727000+00:00,9.0,0.0,0.0,0.0
2023-03-21 03:23:34.727000+00:00,9.0,0.0,0.0,0.0
2023-03-21 03:23:39.727000+00:00,9.0,0.0,0.0,0.0
2023-03-21 03:23:44.727000+00:00,9.0,0.0,0.0,0.0
2023-03-21 03:23:49.727000+00:00,9.0,0.0,0.0,0.0
2023-03-21 03:23:54.727000+00:00,9.0,0.0,0.0,0.0
2023-03-21 03:23:59.727000+00:00,9.0,0.0,0.0,0.0
2023-03-21 03:24:04.727000+00:00,9.0,0.0,0.0,0.0
2023-03-21 03:24:09.727000+00:00,9.0,0.0,0.0,0.0
2023-03-21 03:24:14.727000+00:00,9.0,0.0,0.0,0.0
2023-03-21 03:24:19.727000+00:00,9.0,0.0,0.0,0.0
2023-03-21 03:24:24.727000+00:00,9.0,0.0,0.0,0.0
2023-03-21 03:24:29.727000+00:00,9.0,0.0,0.0,0.0
2023-03-21 03:24:34.727000+00:00,9.0,0.0,0.0,0.0
2023-03-21 03:24:39.727000+00:00,9.0,0.0,0.0,0.0
2023-03-21 03:24:44.727000+00:00,9.0,0.0,0.0,0.0
2023-03-21 03:24:49.727000+00:00,9.0,0.0,0.0,0.0
2023-03-21 03:24:54.727000+00:00,9.0,0.0,0.0,0.0
2023-03-21 03:24:59.727000+00:00,9.0,0.0,0.0,0.0
2023-03-21 03:25:04.727000+00:00,9.0,0.0,0.0,0.0
2023-03-21 03:25:09.727000+00:00,9.0,0.0,0.0,0.0
2023-03-21 03:25:14.727000+00:00,9.0,0.0,0.0,0.0
2023-03-21 03:25:19.727000+00:00,9.0,0.0,0.0,0.0
2023-03-21 03:25:24.727000+00:00,9.0,0.0,0.0,0.0
2023-03-21 03:25:29.727000+00:00,9.0,0.0,0.0,0.0
2023-03-21 03:25:34.727000+00:00,9.0,0.0,0.0,0.0
2023-03-21 03:25:39.727000+00:00,9.0,0.0,0.0,0.0
2023-03-21 03:25:44.727000+00:00,9.0,0.0,0.0,0.0
2023-03-21 03:25:49.727000+00:00,9.0,0.0,0.0,0.0
2023-03-21 03:25:54.727000+00:00,9.0,0.0,0.0,0.0
2023-03-21 03:25:59.727000+00:00,9.0,0.0,0.0,0.0
2023-03-21 03:26:04.727000+00:00,9.0,0.0,0.0,0.0
2023-03-21 03:26:09.727000+00:00,9.0,0.0,0.0,0.0
2023-03-21 03:26:14.727000+00:00,9.0,0.0,0.0,0.0
2023-03-21 03:26:19.727000+00:00,9.0,0.0,0.0,0.0
2023-03-21 03:26:24.727000+00:00,9.0,0.0,0.0,0.0
2023-03-21 03:26:29.727000+00:00,9.0,0.0,0.0,0.0
2023-03-21 03:26:34.727000+00:00,9.0,0.0,0.0,0.0
2023-03-21 03:26:39.727000+00:00,9.0,0.0,0.0,0.0
2023-03-21 03:26:44.727000+00:00,9.0,0.0,0.0,0.0
2023-03-21 03:26:49.727000+00:00,9.0,0.0,0.0,0.0
2023-03-21 03:26:54.727000+00:00,9.0,0.0,0.0,0.0
2023-03-21 03:26:59.727000+00:00,9.0,0.0,0.0,0.0
2023-03-21 03:27:04.727000+00:00,9.0,0.0,0.0,0.0
2023-03-21 03:27:09.727000+00:00,9.0,0.0,0.0,0.0
2023-03-21 03:27:14.727000+00:00,9.0,0.0,0.0,0.0
2023-03-21 03:27:19.727000+00:00,9.0,0.0,0.0,0.0
2023-03-21 03:27:24.727000+00:00,9.0,0.0,0.0,0.0
2023-03-21 03:27:29.727000+00:00,9.0,0.0,0.0,0.0
2023-03-21 03:27:34.727000+00:00,9.0,0.0,0.0,0.0
2023-03-21 03:27:39.727000+00:00,9.0,0.0,0.0,0.0
2023-03-21 03:27:44.727000+00:00,9.0,0.0,0.0,0.0
2023-03-21 03:27:49.727000+00:00,9.0,0.0,0.0,0.0
2023-03-21 03:27:54.727000+00:00,9.0,0.0,0.0,0.0
2023-03-21 03:27:59.727000+00:00,9.0,0.0,0.0,0.0
2023-03-21 03:28:04.727000+00:00,9.0,0.0,0.0,0.0
2023-03-21 03:28:09.727000+00:00,9.0,0.0,0.0,0.0
2023-03-21 03:28:14.727000+00:00,9.0,0.0,0.0,0.0
2023-03-21 03:28:19.727000+00:00,9.0,0.0,0.0,0.0
2023-03-21 03:28:24.727000+00:00,9.0,0.0,0.0,0.0
2023-03-21 03:28:29.727000+00:00,9.0,0.0,0.0,0.0
2023-03-21 03:28:34.727000+00:00,9.0,0.0,0.0,0.0
2023-03-21 03:28:39.727000+00:00,9.0,0.0,0.0,0.0
2023-03-21 03:28:44.727000+00:00,9.0,0.0,0.0,0.0
2023-03-21 03:28:49.727000+00:00,9.0,0.0,0.0,0.0
2023-03-21 03:28:54.727000+00:00,9.0,0.0,0.0,0.0
2023-03-21 03:28:59.727000+00:00,9.0,0.0,0.0,0.0
2023-03-21 03:29:04.727000+00:00,9.0,0.0,0.0,0.0
2023-03-21 03:29:09.727000+00:00,9.0,0.0,0.0,0.0
2023-03-21 03:29:14.727000+00:00,9.0,0.0,0.0,0.0
2023-03-21 03:29:19.727000+00:00,9.0,0.0,0.0,0.0
2023-03-21 03:29:24.727000+00:00,9.0,0.0,0.0,0.0
2023-03-21 03:29:29.727000+00:00,9.0,0.0,0.0,0.0
2023-03-21 03:29:34.727000+00:00,9.0,0.0,0.0,0.0
2023-03-21 03:29:39.727000+00:00,9.0,0.0,0.0,0.0
2023-03-21 03:29:44.727000+00:00,9.0,0.0,0.0,0.0
2023-03-21 03:29:49.727000+00:00,9.0,0.0,0.0,0.0
2023-03-21 03:29:54.727000+00:00,9.0,0.0,0.0,0.0
2023-03-21 03:29:59.727000+00:00,9.0,0.0,0.0,0.0
2023-03-21 03:30:04.727000+00:00,9.0,0.0,0.0,0.0
2023-03-21 03:30:09.727000+00:00,9.0,0.0,0.0,0.0
2023-03-21 03:30:14.727000+00:00,9.0,0.0,0.0,0.0
2023-03-21 03:30:19.727000+00:00,9.0,0.0,0.0,0.0
2023-03-21 03:30:24.727000+00:00,9.0,0.0,0.0,0.0
2023-03-21 03:30:29.727000+00:00,9.0,0.0,0.0,0.0
2023-03-21 03:30:34.727000+00:00,9.0,0.0,0.0,0.0
2023-03-21 03:30:39.727000+00:00,9.0,0.0,0.0,0.0
2023-03-21 03:30:44.727000+00:00,9.0,0.0,0.0,0.0
2023-03-21 03:30:49.727000+00:00,9.0,0.0,0.0,0.0
2023-03-21 03:30:54.727000+00:00,9.0,0.0,0.0,0.0
2023-03-21 03:30:59.727000+00:00,9.0,0.0,0.0,0.0
2023-03-21 03:31:04.727000+00:00,9.0,0.0,0.0,0.0
2023-03-21 03:31:09.727000+00:00,9.0,0.0,0.0,0.0
2023-03-21 03:31:14.727000+00:00,9.0,0.0,0.0,0.0
2023-03-21 03:31:19.727000+00:00,9.0,0.0,0.0,0.0
2023-03-21 03:31:24.727000+00:00,9.0,0.0,0.0,0.0
2023-03-21 03:31:29.727000+00:00,9.0,0.0,0.0,0.0
2023-03-21 03:31:34.727000+00:00,9.0,0.0,0.0,0.0
2023-03-21 03:31:39.727000+00:00,9.0,0.0,0.0,0.0
2023-03-21 03:31:44.727000+00:00,9.0,0.0,0.0,0.0
2023-03-21 03:31:49.727000+00:00,9.0,0.0,0.0,0.0
2023-03-21 03:31:54.727000+00:00,9.0,0.0,0.0,0.0
2023-03-21 03:31:59.727000+00:00,9.0,0.0,0.0,0.0
2023-03-21 03:32:04.727000+00:00,9.0,0.0,0.0,0.0
2023-03-21 03:32:09.727000+00:00,9.0,0.0,0.0,0.0
2023-03-21 03:32:14.727000+00:00,9.0,0.0,0.0,0.0
2023-03-21 03:32:19.727000+00:00,9.0,0.0,0.0,0.0
2023-03-21 03:32:24.727000+00:00,9.0,0.0,0.0,0.0
2023-03-21 03:32:29.727000+00:00,9.0,0.0,0.0,0.0
2023-03-21 03:32:34.727000+00:00,9.0,0.0,0.0,0.0
2023-03-21 03:32:39.727000+00:00,9.0,0.0,0.0,0.0
2023-03-21 03:32:44.727000+00:00,9.0,0.0,0.0,0.0
2023-03-21 03:32:49.727000+00:00,9.0,0.0,0.0,0.0
2023-03-21 03:32:54.727000+00:00,9.0,0.0,0.0,0.0
2023-03-21 03:32:59.727000+00:00,9.0,0.0,0.0,0.0
2023-03-21 03:33:04.727000+00:00,9.0,0.0,0.0,0.0
2023-03-21 03:33:09.727000+00:00,9.0,0.0,0.0,0.0
2023-03-21 03:33:14.727000+00:00,9.0,0.0,0.0,0.0
2023-03-21 03:33:19.727000+00:00,9.0,0.0,0.0,0.0
2023-03-21 03:33:24.727000+00:00,9.0,0.0,0.0,0.0
2023-03-21 03:33:29.727000+00:00,9.0,0.0,0.0,0.0
2023-03-21 03:33:34.727000+00:00,9.0,0.0,0.0,0.0
2023-03-21 03:33:39.727000+00:00,9.0,0.0,0.0,0.0
2023-03-21 03:33:44.727000+00:00,9.0,0.0,0.0,0.0
2023-03-21 03:33:49.727000+00:00,9.0,0.0,0.0,0.0
2023-03-21 03:33:54.727000+00:00,9.0,0.0,0.0,0.0
2023-03-21 03:33:59.727000+00:00,9.0,0.0,0.0,0.0
2023-03-21 03:34:04.727000+00:00,9.0,0.0,0.0,0.0
2023-03-21 03:34:09.727000+00:00,9.0,0.0,0.0,0.0
2023-03-21 03:34:14.727000+00:00,9.0,0.0,0.0,0.0
2023-03-21 03:34:19.727000+00:00,9.0,0.0,0.0,0.0
2023-03-21 03:34:24.727000+00:00,9.0,0.0,0.0,0.0
2023-03-21 03:34:29.727000+00:00,9.0,0.0,0.0,0.0
2023-03-21 03:34:34.727000+00:00,9.0,0.0,0.0,0.0
2023-03-21 03:34:39.727000+00:00,9.0,0.0,0.0,0.0
2023-03-21 03:34:44.727000+00:00,9.0,0.0,0.0,0.0
2023-03-21 03:34:49.727000+00:00,9.0,0.0,0.0,0.0
2023-03-21 03:34:54.727000+00:00,9.0,0.0,0.0,0.0
2023-03-21 03:34:59.727000+00:00,9.0,0.0,0.0,0.0
2023-03-21 03:35:04.727000+00:00,9.0,0.0,0.0,0.0
2023-03-21 03:35:09.727000+00:00,9.0,0.0,0.0,0.0
2023-03-21 03:35:14.727000+00:00,9.0,0.0,0.0,0.0
2023-03-21 03:35:19.727000+00:00,9.0,0.0,0.0,0.0
2023-03-21 03:35:24.727000+00:00,9.0,0.0,0.0,0.0
2023-03-21 03:35:29.727000+00:00,9.0,0.0,0.0,0.0
2023-03-21 03:35:34.727000+00:00,9.0,0.0,0.0,0.0
2023-03-21 03:35:39.727000+00:00,9.0,0.0,0.0,0.0
2023-03-21 03:35:44.727000+00:00,9.0,0.0,0.0,0.0
2023-03-21 03:35:49.727000+00:00,9.0,0.0,0.0,0.0
2023-03-21 03:35:54.727000+00:00,9.0,0.0,0.0,0.0
2023-03-21 03:35:59.727000+00:00,9.0,0.0,0.0,0.0
2023-03-21 03:36:04.727000+00:00,9.0,0.0,0.0,0.0
2023-03-21 03:36:09.727000+00:00,9.0,0.0,0.0,0.0
2023-03-21 03:36:14.727000+00:00,9.0,0.0,0.0,0.0
2023-03-21 03:36:19.727000+00:00,9.0,0.0,0.0,0.0
2023-03-21 03:36:24.727000+00:00,9.0,0.0,0.0,0.0
2023-03-21 03:36:29.727000+00:00,9.0,0.0,0.0,0.0
2023-03-21 03:36:34.727000+00:00,9.0,0.0,0.0,0.0
2023-03-21 03:36:39.727000+00:00,9.0,0.0,0.0,0.0
2023-03-21 03:36:44.727000+00:00,9.0,0.0,0.0,0.0
2023-03-21 03:36:49.727000+00:00,9.0,0.0,0.0,0.0
2023-03-21 03:36:54.727000+00:00,9.0,0.0,0.0,0.0
2023-03-21 03:36:59.727000+00:00,9.0,0.0,0.0,0.0
2023-03-21 03:37:04.727000+00:00,9.0,0.0,0.0,0.0
2023-03-21 03:37:09.727000+00:00,9.0,0.0,0.0,0.0
2023-03-21 03:37:14.727000+00:00,9.0,0.0,0.0,0.0
2023-03-21 03:37:19.727000+00:00,9.0,0.0,0.0,0.0
2023-03-21 03:37:24.727000+00:00,9.0,0.0,0.0,0.0
2023-03-21 03:37:29.727000+00:00,9.0,0.0,0.0,0.0
2023-03-21 03:37:34.727000+00:00,9.0,0.0,0.0,0.0
2023-03-21 03:37:39.727000+00:00,9.0,0.0,0.0,0.0
2023-03-21 03:37:44.727000+00:00,9.0,0.0,0.0,0.0
2023-03-21 03:37:49.727000+00:00,9.0,0.0,0.0,0.0
2023-03-21 03:37:54.727000+00:00,9.0,0.0,0.0,0.0
2023-03-21 03:37:59.727000+00:00,9.0,0.0,0.0,0.0
2023-03-21 03:38:04.727000+00:00,9.0,0.0,0.0,0.0
2023-03-21 03:38:09.727000+00:00,9.0,0.0,0.0,0.0
2023-03-21 03:38:14.727000+00:00,9.0,0.0,0.0,0.0
2023-03-21 03:38:19.727000+00:00,9.0,0.0,0.0,0.0
2023-03-21 03:38:24.727000+00:00,9.0,0.0,0.0,0.0
2023-03-21 03:38:29.727000+00:00,9.0,0.0,0.0,0.0
2023-03-21 03:38:34.727000+00:00,9.0,0.0,0.0,0.0
2023-03-21 03:38:39.727000+00:00,9.0,0.0,0.0,0.0
2023-03-21 03:38:44.727000+00:00,9.0,0.0,0.0,0.0
2023-03-21 03:38:49.727000+00:00,9.0,0.0,0.0,0.0
2023-03-21 03:38:54.727000+00:00,9.0,0.0,0.0,0.0
2023-03-21 03:38:59.727000+00:00,9.0,0.0,0.0,0.0
2023-03-21 03:39:04.727000+00:00,9.0,0.0,0.0,0.0
2023-03-21 03:39:09.727000+00:00,9.0,0.0,0.0,0.0
2023-03-21 03:39:14.727000+00:00,9.0,0.0,0.0,0.0
2023-03-21 03:39:19.727000+00:00,9.0,0.0,0.0,0.0
2023-03-21 03:39:24.727000+00:00,9.0,0.0,0.0,0.0
2023-03-21 03:39:29.727000+00:00,9.0,0.0,0.0,0.0
2023-03-21 03:39:34.727000+00:00,9.0,0.0,0.0,0.0
2023-03-21 03:39:39.727000+00:00,9.0,0.0,0.0,0.0
2023-03-21 03:39:44.727000+00:00,9.0,0.0,0.0,0.0
2023-03-21 03:39:49.727000+00:00,9.0,0.0,0.0,0.0
2023-03-21 03:39:54.727000+00:00,9.0,0.0,0.0,0.0
2023-03-21 03:39:59.727000+00:00,9.0,0.0,0.0,0.0
2023-03-21 03:40:04.727000+00:00,9.0,0.0,0.0,0.0
2023-03-21 03:40:09.727000+00:00,9.0,0.0,0.0,0.0
2023-03-21 03:40:14.727000+00:00,9.0,0.0,0.0,0.0
2023-03-21 03:40:19.727000+00:00,9.0,0.0,0.0,0.0
2023-03-21 03:40:24.727000+00:00,9.0,0.0,0.0,0.0
2023-03-21 03:40:29.727000+00:00,9.0,0.0,0.0,0.0
2023-03-21 03:40:34.727000+00:00,9.0,0.0,0.0,0.0
2023-03-21 03:40:39.727000+00:00,9.0,0.0,0.0,0.0
2023-03-21 03:40:44.727000+00:00,9.0,0.0,0.0,0.0
2023-03-21 03:40:49.727000+00:00,9.0,0.0,0.0,0.0
2023-03-21 03:40:54.727000+00:00,9.0,0.0,0.0,0.0
2023-03-21 03:40:59.727000+00:00,9.0,0.0,0.0,0.0
2023-03-21 03:41:04.727000+00:00,9.0,0.0,0.0,0.0
2023-03-21 03:41:09.727000+00:00,9.0,0.0,0.0,0.0
2023-03-21 03:41:14.727000+00:00,9.0,0.0,0.0,0.0
2023-03-21 03:41:19.727000+00:00,9.0,0.0,0.0,0.0
2023-03-21 03:41:24.727000+00:00,9.0,0.0,0.0,0.0
2023-03-21 03:41:29.727000+00:00,9.0,0.0,0.0,0.0
2023-03-21 03:41:34.727000+00:00,9.0,0.0,0.0,0.0
2023-03-21 03:41:39.727000+00:00,9.0,0.0,0.0,0.0
2023-03-21 03:41:44.727000+00:00,9.0,0.0,0.0,0.0
2023-03-21 03:41:49.727000+00:00,9.0,0.0,0.0,0.0
2023-03-21 03:41:54.727000+00:00,9.0,0.0,0.0,0.0
2023-03-21 03:41:59.727000+00:00,9.0,0.0,0.0,0.0
2023-03-21 03:42:04.727000+00:00,9.0,0.0,0.0,0.0
2023-03-21 03:42:09.727000+00:00,9.0,0.0,0.0,0.0
2023-03-21 03:42:14.727000+00:00,9.0,0.0,0.0,0.0
2023-03-21 03:42:19.727000+00:00,9.0,0.0,0.0,0.0
2023-03-21 03:42:24.727000+00:00,9.0,0.0,0.0,0.0
2023-03-21 03:42:29.727000+00:00,9.0,0.0,0.0,0.0
2023-03-21 03:42:34.727000+00:00,9.0,0.0,0.0,0.0
2023-03-21 03:42:39.727000+00:00,9.0,0.0,0.0,0.0
2023-03-21 03:42:44.727000+00:00,9.0,0.0,0.0,0.0
2023-03-21 03:42:49.727000+00:00,9.0,0.0,0.0,0.0
2023-03-21 03:42:54.727000+00:00,9.0,0.0,0.0,0.0
2023-03-21 03:42:59.727000+00:00,9.0,0.0,0.0,0.0
2023-03-21 03:43:04.727000+00:00,9.0,0.0,0.0,0.0
2023-03-21 03:43:09.727000+00:00,9.0,0.0,0.0,0.0
2023-03-21 03:43:14.727000+00:00,9.0,0.0,0.0,0.0
2023-03-21 03:43:19.727000+00:00,9.0,0.0,0.0,0.0
2023-03-21 03:43:24.727000+00:00,9.0,0.0,0.0,0.0
2023-03-21 03:43:29.727000+00:00,9.0,0.0,0.0,0.0
2023-03-21 03:43:34.727000+00:00,9.0,0.0,0.0,0.0
2023-03-21 03:43:39.727000+00:00,9.0,0.0,0.0,0.0
2023-03-21 03:43:44.727000+00:00,9.0,0.0,0.0,0.0
2023-03-21 03:43:49.727000+00:00,9.0,0.0,0.0,0.0
2023-03-21 03:43:54.727000+00:00,9.0,0.0,0.0,0.0
2023-03-21 03:43:59.727000+00:00,9.0,0.0,0.0,0.0
2023-03-21 03:44:04.727000+00:00,9.0,0.0,0.0,0.0
2023-03-21 03:44:09.727000+00:00,9.0,0.0,0.0,0.0
2023-03-21 03:44:14.727000+00:00,9.0,0.0,0.0,0.0
2023-03-21 03:44:19.727000+00:00,9.0,0.0,0.0,0.0
2023-03-21 03:44:24.727000+00:00,9.0,0.0,0.0,0.0
2023-03-21 03:44:29.727000+00:00,9.0,0.0,0.0,0.0
2023-03-21 03:44:34.727000+00:00,9.0,0.0,0.0,0.0
2023-03-21 03:44:39.727000+00:00,9.0,0.0,0.0,0.0
2023-03-21 03:44:44.727000+00:00,9.0,0.0,0.0,0.0
2023-03-21 03:44:49.727000+00:00,9.0,0.0,0.0,0.0
2023-03-21 03:44:54.727000+00:00,9.0,0.0,0.0,0.0
2023-03-21 03:44:59.727000+00:00,9.0,0.0,0.0,0.0
2023-03-21 03:45:04.727000+00:00,9.0,0.0,0.0,0.0
2023-03-21 03:45:09.727000+00:00,9.0,0.0,0.0,0.0
2023-03-21 03:45:14.727000+00:00,9.0,0.0,0.0,0.0
2023-03-21 03:45:19.727000+00:00,9.0,0.0,0.0,0.0
2023-03-21 03:45:24.727000+00:00,9.0,0.0,0.0,0.0
2023-03-21 03:45:29.727000+00:00,9.0,0.0,0.0,0.0
2023-03-21 03:45:34.727000+00:00,9.0,0.0,0.0,0.0
2023-03-21 03:45:39.727000+00:00,9.0,0.0,0.0,0.0
2023-03-21 03:45:44.727000+00:00,9.0,0.0,0.0,0.0
2023-03-21 03:45:49.727000+00:00,9.0,0.0,0.0,0.0
2023-03-21 03:45:54.727000+00:00,9.0,0.0,0.0,0.0
2023-03-21 03:45:59.727000+00:00,9.0,0.0,0.0,0.0
2023-03-21 03:46:04.727000+00:00,9.0,0.0,0.0,0.0
2023-03-21 03:46:09.727000+00:00,9.0,0.0,0.0,0.0
2023-03-21 03:46:14.727000+00:00,9.0,0.0,0.0,0.0
2023-03-21 03:46:19.727000+00:00,9.0,0.0,0.0,0.0
2023-03-21 03:46:24.727000+00:00,9.0,0.0,0.0,0.0
2023-03-21 03:46:29.727000+00:00,9.0,0.0,0.0,0.0
2023-03-21 03:46:34.727000+00:00,9.0,0.0,0.0,0.0
2023-03-21 03:46:39.727000+00:00,9.0,0.0,0.0,0.0
2023-03-21 03:46:44.727000+00:00,9.0,0.0,0.0,0.0
2023-03-21 03:46:49.727000+00:00,9.0,0.0,0.0,0.0
2023-03-21 03:46:54.727000+00:00,9.0,0.0,0.0,0.0
2023-03-21 03:46:59.727000+00:00,9.0,0.0,0.0,0.0
2023-03-21 03:47:04.727000+00:00,9.0,0.0,0.0,0.0
2023-03-21 03:47:09.727000+00:00,9.0,0.0,0.0,0.0
2023-03-21 03:47:14.727000+00:00,9.0,0.0,0.0,0.0
2023-03-21 03:47:19.727000+00:00,9.0,0.0,0.0,0.0
2023-03-21 03:47:24.727000+00:00,9.0,0.0,0.0,0.0
2023-03-21 03:47:29.727000+00:00,9.0,0.0,0.0,0.0
2023-03-21 03:47:34.727000+00:00,9.0,0.0,0.0,0.0
2023-03-21 03:47:39.727000+00:00,9.0,0.0,0.0,0.0
2023-03-21 03:47:44.727000+00:00,9.0,0.0,0.0,0.0
2023-03-21 03:47:49.727000+00:00,9.0,0.0,0.0,0.0
2023-03-21 03:47:54.727000+00:00,9.0,0.0,0.0,0.0
2023-03-21 03:47:59.727000+00:00,9.0,0.0,0.0,0.0
2023-03-21 03:48:04.727000+00:00,9.0,0.0,0.0,0.0
2023-03-21 03:48:09.727000+00:00,9.0,0.0,0.0,0.0
2023-03-21 03:48:14.727000+00:00,9.0,0.0,0.0,0.0
2023-03-21 03:48:19.727000+00:00,9.0,0.0,0.0,0.0
2023-03-21 03:48:24.727000+00:00,9.0,0.0,0.0,0.0
2023-03-21 03:48:29.727000+00:00,9.0,0.0,0.0,0.0
2023-03-21 03:48:34.727000+00:00,9.0,0.0,0.0,0.0
2023-03-21 03:48:39.727000+00:00,9.0,0.0,0.0,0.0
2023-03-21 03:48:44.727000+00:00,9.0,0.0,0.0,0.0
2023-03-21 03:48:49.727000+00:00,9.0,0.0,0.0,0.0
2023-03-21 03:48:54.727000+00:00,9.0,0.0,0.0,0.0
2023-03-21 03:48:59.727000+00:00,9.0,0.0,0.0,0.0
2023-03-21 03:49:04.727000+00:00,9.0,0.0,0.0,0.0
2023-03-21 03:49:09.727000+00:00,9.0,0.0,0.0,0.0
2023-03-21 03:49:14.727000+00:00,9.0,0.0,0.0,0.0
2023-03-21 03:49:19.727000+00:00,9.0,0.0,0.0,0.0
2023-03-21 03:49:24.727000+00:00,9.0,0.0,0.0,0.0
2023-03-21 03:49:29.727000+00:00,9.0,0.0,0.0,0.0
2023-03-21 03:49:34.727000+00:00,9.0,0.0,0.0,0.0
2023-03-21 03:49:39.727000+00:00,9.0,0.0,0.0,0.0
2023-03-21 03:49:44.727000+00:00,9.0,0.0,0.0,0.0
2023-03-21 03:49:49.727000+00:00,9.0,0.0,0.0,0.0
2023-03-21 03:49:54.727000+00:00,9.0,0.0,0.0,0.0
2023-03-21 03:49:59.727000+00:00,9.0,0.0,0.0,0.0
2023-03-21 03:50:04.727000+00:00,9.0,0.0,0.0,0.0
2023-03-21 03:50:09.727000+00:00,9.0,0.0,0.0,0.0
2023-03-21 03:50:14.727000+00:00,9.0,0.0,0.0,0.0
2023-03-21 03:50:19.727000+00:00,9.0,0.0,0.0,0.0
2023-03-21 03:50:24.727000+00:00,9.0,0.0,0.0,0.0
2023-03-21 03:50:29.727000+00:00,9.0,0.0,0.0,0.0
2023-03-21 03:50:34.727000+00:00,9.0,0.0,0.0,0.0
2023-03-21 03:50:39.727000+00:00,9.0,0.0,0.0,0.0
2023-03-21 03:50:44.727000+00:00,9.0,0.0,0.0,0.0
2023-03-21 03:50:49.727000+00:00,9.0,0.0,0.0,0.0
2023-03-21 03:50:54.727000+00:00,9.0,0.0,0.0,0.0
2023-03-21 03:50:59.727000+00:00,9.0,0.0,0.0,0.0
2023-03-21 03:51:04.727000+00:00,9.0,0.0,0.0,0.0
2023-03-21 03:51:09.727000+00:00,9.0,0.0,0.0,0.0
2023-03-21 03:51:14.727000+00:00,9.0,0.0,0.0,0.0
2023-03-21 03:51:19.727000+00:00,9.0,0.0,0.0,0.0
2023-03-21 03:51:24.727000+00:00,9.0,0.0,0.0,0.0
2023-03-21 03:51:29.727000+00:00,9.0,0.0,0.0,0.0
2023-03-21 03:51:34.727000+00:00,9.0,0.0,0.0,0.0
2023-03-21 03:51:39.727000+00:00,9.0,0.0,0.0,0.0
2023-03-21 03:51:44.727000+00:00,9.0,0.0,0.0,0.0
2023-03-21 03:51:49.727000+00:00,9.0,0.0,0.0,0.0
2023-03-21 03:51:54.727000+00:00,9.0,0.0,0.0,0.0
2023-03-21 03:51:59.727000+00:00,9.0,0.0,0.0,0.0
2023-03-21 03:52:04.727000+00:00,9.0,0.0,0.0,0.0
2023-03-21 03:52:09.727000+00:00,9.0,0.0,0.0,0.0
2023-03-21 03:52:14.727000+00:00,9.0,0.0,0.0,0.0
2023-03-21 03:52:19.727000+00:00,9.0,0.0,0.0,0.0
2023-03-21 03:52:24.727000+00:00,9.0,0.0,0.0,0.0
2023-03-21 03:52:29.727000+00:00,9.0,0.0,0.0,0.0
2023-03-21 03:52:34.727000+00:00,9.0,0.0,0.0,0.0
2023-03-21 03:52:39.727000+00:00,9.0,0.0,0.0,0.0
2023-03-21 03:52:44.727000+00:00,9.0,0.0,0.0,0.0
2023-03-21 03:52:49.727000+00:00,9.0,0.0,0.0,0.0
2023-03-21 03:52:54.727000+00:00,9.0,0.0,0.0,0.0
2023-03-21 03:52:59.727000+00:00,9.0,0.0,0.0,0.0
2023-03-21 03:53:04.727000+00:00,9.0,0.0,0.0,0.0
2023-03-21 03:53:09.727000+00:00,9.0,0.0,0.0,0.0
2023-03-21 03:53:14.727000+00:00,9.0,0.0,0.0,0.0
2023-03-21 03:53:19.727000+00:00,9.0,0.0,0.0,0.0
2023-03-21 03:53:24.727000+00:00,9.0,0.0,0.0,0.0
2023-03-21 03:53:29.727000+00:00,9.0,0.0,0.0,0.0
2023-03-21 03:53:34.727000+00:00,9.0,0.0,0.0,0.0
2023-03-21 03:53:39.727000+00:00,9.0,0.0,0.0,0.0
2023-03-21 03:53:44.727000+00:00,9.0,0.0,0.0,0.0
2023-03-21 03:53:49.727000+00:00,9.0,0.0,0.0,0.0
2023-03-21 03:53:54.727000+00:00,9.0,0.0,0.0,0.0
2023-03-21 03:53:59.727000+00:00,9.0,0.0,0.0,0.0
2023-03-21 03:54:04.727000+00:00,9.0,0.0,0.0,0.0
2023-03-21 03:54:09.727000+00:00,9.0,0.0,0.0,0.0
2023-03-21 03:54:14.727000+00:00,9.0,0.0,0.0,0.0
2023-03-21 03:54:19.727000+00:00,9.0,0.0,0.0,0.0
2023-03-21 03:54:24.727000+00:00,9.0,0.0,0.0,0.0
2023-03-21 03:54:29.727000+00:00,9.0,0.0,0.0,0.0
2023-03-21 03:54:34.727000+00:00,9.0,0.0,0.0,0.0
2023-03-21 03:54:39.727000+00:00,9.0,0.0,0.0,0.0
2023-03-21 03:54:44.727000+00:00,9.0,0.0,0.0,0.0
2023-03-21 03:54:49.727000+00:00,9.0,0.0,0.0,0.0
2023-03-21 03:54:54.727000+00:00,9.0,0.0,0.0,0.0
2023-03-21 03:54:59.727000+00:00,9.0,0.0,0.0,0.0
2023-03-21 03:55:04.727000+00:00,9.0,0.0,0.0,0.0
2023-03-21 03:55:09.727000+00:00,9.0,0.0,0.0,0.0
2023-03-21 03:55:14.727000+00:00,9.0,0.0,0.0,0.0
2023-03-21 03:55:19.727000+00:00,9.0,0.0,0.0,0.0
2023-03-21 03:55:24.727000+00:00,9.0,0.0,0.0,0.0
2023-03-21 03:55:29.727000+00:00,9.0,0.0,0.0,0.0
2023-03-21 03:55:34.727000+00:00,9.0,0.0,0.0,0.0
2023-03-21 03:55:39.727000+00:00,9.0,0.0,0.0,0.0
2023-03-21 03:55:44.727000+00:00,9.0,0.0,0.0,0.0
2023-03-21 03:55:49.727000+00:00,9.0,0.0,0.0,0.0
2023-03-21 03:55:54.727000+00:00,9.0,0.0,0.0,0.0
2023-03-21 03:55:59.727000+00:00,9.0,0.0,0.0,0.0
2023-03-21 03:56:04.727000+00:00,9.0,0.0,0.0,0.0
2023-03-21 03:56:09.727000+00:00,9.0,0.0,0.0,0.0
2023-03-21 03:56:14.727000+00:00,9.0,0.0,0.0,0.0
2023-03-21 03:56:19.727000+00:00,9.0,0.0,0.0,0.0
2023-03-21 03:56:24.727000+00:00,9.0,0.0,0.0,0.0
2023-03-21 03:56:29.727000+00:00,9.0,0.0,0.0,0.0
2023-03-21 03:56:34.727000+00:00,9.0,0.0,0.0,0.0
2023-03-21 03:56:39.727000+00:00,9.0,0.0,0.0,0.0
2023-03-21 03:56:44.727000+00:00,9.0,0.0,0.0,0.0
2023-03-21 03:56:49.727000+00:00,9.0,0.0,0.0,0.0
2023-03-21 03:56:54.727000+00:00,9.0,0.0,0.0,0.0
2023-03-21 03:56:59.727000+00:00,9.0,0.0,0.0,0.0
2023-03-21 03:57:04.727000+00:00,9.0,0.0,0.0,0.0
2023-03-21 03:57:09.727000+00:00,9.0,0.0,0.0,0.0
2023-03-21 03:57:14.727000+00:00,9.0,0.0,0.0,0.0
2023-03-21 03:57:19.727000+00:00,9.0,0.0,0.0,0.0
2023-03-21 03:57:24.727000+00:00,9.0,0.0,0.0,0.0
2023-03-21 03:57:29.727000+00:00,9.0,0.0,0.0,0.0
2023-03-21 03:57:34.727000+00:00,9.0,0.0,0.0,0.0
2023-03-21 03:57:39.727000+00:00,9.0,0.0,0.0,0.0
2023-03-21 03:57:44.727000+00:00,9.0,0.0,0.0,0.0
2023-03-21 03:57:49.727000+00:00,9.0,0.0,0.0,0.0
2023-03-21 03:57:54.727000+00:00,9.0,0.0,0.0,0.0
2023-03-21 03:57:59.727000+00:00,9.0,0.0,0.0,0.0
2023-03-21 03:58:04.727000+00:00,9.0,0.0,0.0,0.0
2023-03-21 03:58:09.727000+00:00,9.0,0.0,0.0,0.0
2023-03-21 03:58:14.727000+00:00,9.0,0.0,0.0,0.0
2023-03-21 03:58:19.727000+00:00,9.0,0.0,0.0,0.0
2023-03-21 03:58:24.727000+00:00,9.0,0.0,0.0,0.0
2023-03-21 03:58:29.727000+00:00,9.0,0.0,0.0,0.0
2023-03-21 03:58:34.727000+00:00,9.0,0.0,0.0,0.0
2023-03-21 03:58:39.727000+00:00,9.0,0.0,0.0,0.0
2023-03-21 03:58:44.727000+00:00,9.0,0.0,0.0,0.0
2023-03-21 03:58:49.727000+00:00,9.0,0.0,0.0,0.0
2023-03-21 03:58:54.727000+00:00,9.0,0.0,0.0,0.0
2023-03-21 03:58:59.727000+00:00,9.0,0.0,0.0,0.0
2023-03-21 03:59:04.727000+00:00,9.0,0.0,0.0,0.0
2023-03-21 03:59:09.727000+00:00,9.0,0.0,0.0,0.0
2023-03-21 03:59:14.727000+00:00,9.0,0.0,0.0,0.0
2023-03-21 03:59:19.727000+00:00,9.0,0.0,0.0,0.0
2023-03-21 03:59:24.727000+00:00,9.0,0.0,0.0,0.0
2023-03-21 03:59:29.727000+00:00,9.0,0.0,0.0,0.0
2023-03-21 03:59:34.727000+00:00,9.0,0.0,0.0,0.0
2023-03-21 03:59:39.727000+00:00,9.0,0.0,0.0,0.0
2023-03-21 03:59:44.727000+00:00,9.0,0.0,0.0,0.0
2023-03-21 03:59:49.727000+00:00,9.0,0.0,0.0,0.0
2023-03-21 03:59:54.727000+00:00,9.0,0.0,0.0,0.0
2023-03-21 03:59:59.727000+00:00,9.0,0.0,0.0,0.0
2023-03-21 04:00:04.727000+00:00,9.0,0.0,0.0,0.0
2023-03-21 04:00:09.727000+00:00,9.0,0.0,0.0,0.0
2023-03-21 04:00:14.727000+00:00,9.0,0.0,0.0,0.0
2023-03-21 04:00:19.727000+00:00,9.0,0.0,0.0,0.0
2023-03-21 04:00:24.727000+00:00,9.0,0.0,0.0,0.0
2023-03-21 04:00:29.727000+00:00,9.0,0.0,0.0,0.0
2023-03-21 04:00:34.727000+00:00,9.0,0.0,0.0,0.0
2023-03-21 04:00:39.727000+00:00,9.0,0.0,0.0,0.0
2023-03-21 04:00:44.727000+00:00,9.0,0.0,0.0,0.0
2023-03-21 04:00:49.727000+00:00,9.0,0.0,0.0,0.0
2023-03-21 04:00:54.727000+00:00,9.0,0.0,0.0,0.0
2023-03-21 04:00:59.727000+00:00,9.0,0.0,0.0,0.0
2023-03-21 04:01:04.727000+00:00,9.0,0.0,0.0,0.0
2023-03-21 04:01:09.727000+00:00,9.0,0.0,0.0,0.0
2023-03-21 04:01:14.727000+00:00,9.0,0.0,0.0,0.0
2023-03-21 04:01:19.727000+00:00,9.0,0.0,0.0,0.0
2023-03-21 04:01:24.727000+00:00,9.0,0.0,0.0,0.0
2023-03-21 04:01:29.727000+00:00,9.0,0.0,0.0,0.0
2023-03-21 04:01:34.727000+00:00,9.0,0.0,0.0,0.0
2023-03-21 04:01:39.727000+00:00,9.0,0.0,0.0,0.0
2023-03-21 04:01:44.727000+00:00,9.0,0.0,0.0,0.0
2023-03-21 04:01:49.727000+00:00,9.0,0.0,0.0,0.0
2023-03-21 04:01:54.727000+00:00,9.0,0.0,0.0,0.0
2023-03-21 04:01:59.727000+00:00,9.0,0.0,0.0,0.0
2023-03-21 04:02:04.727000+00:00,9.0,0.0,0.0,0.0
2023-03-21 04:02:09.727000+00:00,9.0,0.0,0.0,0.0
2023-03-21 04:02:14.727000+00:00,9.0,0.0,0.0,0.0
2023-03-21 04:02:19.727000+00:00,9.0,0.0,0.0,0.0
2023-03-21 04:02:24.727000+00:00,9.0,0.0,0.0,0.0
2023-03-21 04:02:29.727000+00:00,9.0,0.0,0.0,0.0
2023-03-21 04:02:34.727000+00:00,9.0,0.0,0.0,0.0
2023-03-21 04:02:39.727000+00:00,9.0,0.0,0.0,0.0
2023-03-21 04:02:44.727000+00:00,9.0,0.0,0.0,0.0
2023-03-21 04:02:49.727000+00:00,9.0,0.0,0.0,0.0
2023-03-21 04:02:54.727000+00:00,9.0,0.0,0.0,0.0
2023-03-21 04:02:59.727000+00:00,9.0,0.0,0.0,0.0
2023-03-21 04:03:04.727000+00:00,9.0,0.0,0.0,0.0
2023-03-21 04:03:09.727000+00:00,9.0,0.0,0.0,0.0
2023-03-21 04:03:14.727000+00:00,9.0,0.0,0.0,0.0
2023-03-21 04:03:19.727000+00:00,9.0,0.0,0.0,0.0
2023-03-21 04:03:24.727000+00:00,9.0,0.0,0.0,0.0
2023-03-21 04:03:29.727000+00:00,9.0,0.0,0.0,0.0
2023-03-21 04:03:34.727000+00:00,9.0,0.0,0.0,0.0
2023-03-21 04:03:39.727000+00:00,9.0,0.0,0.0,0.0
2023-03-21 04:03:44.727000+00:00,9.0,0.0,0.0,0.0
2023-03-21 04:03:49.727000+00:00,9.0,0.0,0.0,0.0
2023-03-21 04:03:54.727000+00:00,9.0,0.0,0.0,0.0
2023-03-21 04:03:59.727000+00:00,9.0,0.0,0.0,0.0
2023-03-21 04:04:04.727000+00:00,9.0,0.0,0.0,0.0
2023-03-21 04:04:09.727000+00:00,9.0,0.0,0.0,0.0
2023-03-21 04:04:14.727000+00:00,9.0,0.0,0.0,0.0
2023-03-21 04:04:19.727000+00:00,9.0,0.0,0.0,0.0
2023-03-21 04:04:24.727000+00:00,9.0,0.0,0.0,0.0
2023-03-21 04:04:29.727000+00:00,9.0,0.0,0.0,0.0
2023-03-21 04:04:34.727000+00:00,9.0,0.0,0.0,0.0
2023-03-21 04:04:39.727000+00:00,9.0,0.0,0.0,0.0
2023-03-21 04:04:44.727000+00:00,9.0,0.0,0.0,0.0
2023-03-21 04:04:49.727000+00:00,9.0,0.0,0.0,0.0
2023-03-21 04:04:54.727000+00:00,9.0,0.0,0.0,0.0
2023-03-21 04:04:59.727000+00:00,9.0,0.0,0.0,0.0
2023-03-21 04:05:04.727000+00:00,9.0,0.0,0.0,0.0
2023-03-21 04:05:09.727000+00:00,9.0,0.0,0.0,0.0
2023-03-21 04:05:14.727000+00:00,9.0,0.0,0.0,0.0
2023-03-21 04:05:19.727000+00:00,9.0,0.0,0.0,0.0
2023-03-21 04:05:24.727000+00:00,9.0,0.0,0.0,0.0
2023-03-21 04:05:29.727000+00:00,9.0,0.0,0.0,0.0
2023-03-21 04:05:34.727000+00:00,9.0,0.0,0.0,0.0
2023-03-21 04:05:39.727000+00:00,9.0,0.0,0.0,0.0
2023-03-21 04:05:44.727000+00:00,9.0,0.0,0.0,0.0
2023-03-21 04:05:49.727000+00:00,9.0,0.0,0.0,0.0
2023-03-21 04:05:54.727000+00:00,9.0,0.0,0.0,0.0
2023-03-21 04:05:59.727000+00:00,9.0,0.0,0.0,0.0
2023-03-21 04:06:04.727000+00:00,9.0,0.0,0.0,0.0
2023-03-21 04:06:09.727000+00:00,9.0,0.0,0.0,0.0
2023-03-21 04:06:14.727000+00:00,9.0,0.0,0.0,0.0
2023-03-21 04:06:19.727000+00:00,9.0,0.0,0.0,0.0
2023-03-21 04:06:24.727000+00:00,9.0,0.0,0.0,0.0
2023-03-21 04:06:29.727000+00:00,9.0,0.0,0.0,0.0
2023-03-21 04:06:34.727000+00:00,9.0,0.0,0.0,0.0
2023-03-21 04:06:39.727000+00:00,9.0,0.0,0.0,0.0
2023-03-21 04:06:44.727000+00:00,9.0,0.0,0.0,0.0
2023-03-21 04:06:49.727000+00:00,9.0,0.0,0.0,0.0
2023-03-21 04:06:54.727000+00:00,9.0,0.0,0.0,0.0
2023-03-21 04:06:59.727000+00:00,9.0,0.0,0.0,0.0
2023-03-21 04:07:04.727000+00:00,9.0,0.0,0.0,0.0
2023-03-21 04:07:09.727000+00:00,9.0,0.0,0.0,0.0
2023-03-21 04:07:14.727000+00:00,9.0,0.0,0.0,0.0
2023-03-21 04:07:19.727000+00:00,9.0,0.0,0.0,0.0
2023-03-21 04:07:24.727000+00:00,9.0,0.0,0.0,0.0
2023-03-21 04:07:29.727000+00:00,9.0,0.0,0.0,0.0
2023-03-21 04:07:34.727000+00:00,9.0,0.0,0.0,0.0
2023-03-21 04:07:39.727000+00:00,9.0,0.0,0.0,0.0
2023-03-21 04:07:44.727000+00:00,9.0,0.0,0.0,0.0
2023-03-21 04:07:49.727000+00:00,9.0,0.0,0.0,0.0
2023-03-21 04:07:54.727000+00:00,9.0,0.0,0.0,0.0
2023-03-21 04:07:59.727000+00:00,9.0,0.0,0.0,0.0
2023-03-21 04:08:04.727000+00:00,9.0,0.0,0.0,0.0
2023-03-21 04:08:09.727000+00:00,9.0,0.0,0.0,0.0
2023-03-21 04:08:14.727000+00:00,9.0,0.0,0.0,0.0
2023-03-21 04:08:19.727000+00:00,9.0,0.0,0.0,0.0
2023-03-21 04:08:24.727000+00:00,9.0,0.0,0.0,0.0
2023-03-21 04:08:29.727000+00:00,9.0,0.0,0.0,0.0
2023-03-21 04:08:34.727000+00:00,9.0,0.0,0.0,0.0
2023-03-21 04:08:39.727000+00:00,9.0,0.0,0.0,0.0
2023-03-21 04:08:44.727000+00:00,9.0,0.0,0.0,0.0
2023-03-21 04:08:49.727000+00:00,9.0,0.0,0.0,0.0
2023-03-21 04:08:54.727000+00:00,9.0,0.0,0.0,0.0
2023-03-21 04:08:59.727000+00:00,9.0,0.0,0.0,0.0
2023-03-21 04:09:04.727000+00:00,9.0,0.0,0.0,0.0
2023-03-21 04:09:09.727000+00:00,9.0,0.0,0.0,0.0
2023-03-21 04:09:14.727000+00:00,9.0,0.0,0.0,0.0
2023-03-21 04:09:19.727000+00:00,9.0,0.0,0.0,0.0
2023-03-21 04:09:24.727000+00:00,9.0,0.0,0.0,0.0
2023-03-21 04:09:29.727000+00:00,9.0,0.0,0.0,0.0
2023-03-21 04:09:34.727000+00:00,9.0,0.0,0.0,0.0
2023-03-21 04:09:39.727000+00:00,9.0,0.0,0.0,0.0
2023-03-21 04:09:44.727000+00:00,9.0,0.0,0.0,0.0
2023-03-21 04:09:49.727000+00:00,9.0,0.0,0.0,0.0
2023-03-21 04:09:54.727000+00:00,9.0,0.0,0.0,0.0
2023-03-21 04:09:59.727000+00:00,9.0,0.0,0.0,0.0
2023-03-21 04:10:04.727000+00:00,9.0,0.0,0.0,0.0
2023-03-21 04:10:09.727000+00:00,9.0,0.0,0.0,0.0
2023-03-21 04:10:14.727000+00:00,9.0,0.0,0.0,0.0
2023-03-21 04:10:19.727000+00:00,9.0,0.0,0.0,0.0
2023-03-21 04:10:24.727000+00:00,9.0,0.0,0.0,0.0
2023-03-21 04:10:29.727000+00:00,9.0,0.0,0.0,0.0
2023-03-21 04:10:34.727000+00:00,9.0,0.0,0.0,0.0
2023-03-21 04:10:39.727000+00:00,9.0,0.0,0.0,0.0
2023-03-21 04:10:44.727000+00:00,9.0,0.0,0.0,0.0
2023-03-21 04:10:49.727000+00:00,9.0,0.0,0.0,0.0
2023-03-21 04:10:54.727000+00:00,9.0,0.0,0.0,0.0
2023-03-21 04:10:59.727000+00:00,9.0,0.0,0.0,0.0
2023-03-21 04:11:04.727000+00:00,9.0,0.0,0.0,0.0
2023-03-21 04:11:09.727000+00:00,9.0,0.0,0.0,0.0
2023-03-21 04:11:14.727000+00:00,9.0,0.0,0.0,0.0
2023-03-21 04:11:19.727000+00:00,9.0,0.0,0.0,0.0
2023-03-21 04:11:24.727000+00:00,9.0,0.0,0.0,0.0
2023-03-21 04:11:29.727000+00:00,9.0,0.0,0.0,0.0
2023-03-21 04:11:34.727000+00:00,9.0,0.0,0.0,0.0
2023-03-21 04:11:39.727000+00:00,9.0,0.0,0.0,0.0
2023-03-21 04:11:44.727000+00:00,9.0,0.0,0.0,0.0
2023-03-21 04:11:49.727000+00:00,9.0,0.0,0.0,0.0
2023-03-21 04:11:54.727000+00:00,9.0,0.0,0.0,0.0
2023-03-21 04:11:59.727000+00:00,9.0,0.0,0.0,0.0
2023-03-21 04:12:04.727000+00:00,9.0,0.0,0.0,0.0
2023-03-21 04:12:09.727000+00:00,9.0,0.0,0.0,0.0
2023-03-21 04:12:14.727000+00:00,9.0,0.0,0.0,0.0
2023-03-21 04:12:19.727000+00:00,9.0,0.0,0.0,0.0
2023-03-21 04:12:24.727000+00:00,9.0,0.0,0.0,0.0
2023-03-21 04:12:29.727000+00:00,9.0,0.0,0.0,0.0
2023-03-21 04:12:34.727000+00:00,9.0,0.0,0.0,0.0
2023-03-21 04:12:39.727000+00:00,9.0,0.0,0.0,0.0
2023-03-21 04:12:44.727000+00:00,9.0,0.0,0.0,0.0
2023-03-21 04:12:49.727000+00:00,9.0,0.0,0.0,0.0
2023-03-21 04:12:54.727000+00:00,9.0,0.0,0.0,0.0
2023-03-21 04:12:59.727000+00:00,9.0,0.0,0.0,0.0
2023-03-21 04:13:04.727000+00:00,9.0,0.0,0.0,0.0
2023-03-21 04:13:09.727000+00:00,9.0,0.0,0.0,0.0
2023-03-21 04:13:14.727000+00:00,9.0,0.0,0.0,0.0
2023-03-21 04:13:19.727000+00:00,9.0,0.0,0.0,0.0
2023-03-21 04:13:24.727000+00:00,9.0,0.0,0.0,0.0
2023-03-21 04:13:29.727000+00:00,9.0,0.0,0.0,0.0
2023-03-21 04:13:34.727000+00:00,9.0,0.0,0.0,0.0
2023-03-21 04:13:39.727000+00:00,9.0,0.0,0.0,0.0
2023-03-21 04:13:44.727000+00:00,9.0,0.0,0.0,0.0
2023-03-21 04:13:49.727000+00:00,9.0,0.0,0.0,0.0
2023-03-21 04:13:54.727000+00:00,9.0,0.0,0.0,0.0
2023-03-21 04:13:59.727000+00:00,9.0,0.0,0.0,0.0
2023-03-21 04:14:04.727000+00:00,9.0,0.0,0.0,0.0
2023-03-21 04:14:09.727000+00:00,9.0,0.0,0.0,0.0
2023-03-21 04:14:14.727000+00:00,9.0,0.0,0.0,0.0
2023-03-21 04:14:19.727000+00:00,9.0,0.0,0.0,0.0
2023-03-21 04:14:24.727000+00:00,9.0,0.0,0.0,0.0
2023-03-21 04:14:29.727000+00:00,9.0,0.0,0.0,0.0
2023-03-21 04:14:34.727000+00:00,9.0,0.0,0.0,0.0
2023-03-21 04:14:39.727000+00:00,9.0,0.0,0.0,0.0
2023-03-21 04:14:44.727000+00:00,9.0,0.0,0.0,0.0
2023-03-21 04:14:49.727000+00:00,9.0,0.0,0.0,0.0
2023-03-21 04:14:54.727000+00:00,9.0,0.0,0.0,0.0
2023-03-21 04:14:59.727000+00:00,9.0,0.0,0.0,0.0
2023-03-21 04:15:04.727000+00:00,9.0,0.0,0.0,0.0
2023-03-21 04:15:09.727000+00:00,9.0,0.0,0.0,0.0
2023-03-21 04:15:14.727000+00:00,9.0,0.0,0.0,0.0
2023-03-21 04:15:19.727000+00:00,9.0,0.0,0.0,0.0
2023-03-21 04:15:24.727000+00:00,9.0,0.0,0.0,0.0
2023-03-21 04:15:29.727000+00:00,9.0,0.0,0.0,0.0
2023-03-21 04:15:34.727000+00:00,9.0,0.0,0.0,0.0
2023-03-21 04:15:39.727000+00:00,9.0,0.0,0.0,0.0
2023-03-21 04:15:44.727000+00:00,9.0,0.0,0.0,0.0
2023-03-21 04:15:49.727000+00:00,9.0,0.0,0.0,0.0
2023-03-21 04:15:54.727000+00:00,9.0,0.0,0.0,0.0
2023-03-21 04:15:59.727000+00:00,9.0,0.0,0.0,0.0
2023-03-21 04:16:04.727000+00:00,9.0,0.0,0.0,0.0
2023-03-21 04:16:09.727000+00:00,9.0,0.0,0.0,0.0
2023-03-21 04:16:14.727000+00:00,9.0,0.0,0.0,0.0
2023-03-21 04:16:19.727000+00:00,9.0,0.0,0.0,0.0
2023-03-21 04:16:24.727000+00:00,9.0,0.0,0.0,0.0
2023-03-21 04:16:29.727000+00:00,9.0,0.0,0.0,0.0
2023-03-21 04:16:34.727000+00:00,9.0,0.0,0.0,0.0
2023-03-21 04:16:39.727000+00:00,9.0,0.0,0.0,0.0
2023-03-21 04:16:44.727000+00:00,9.0,0.0,0.0,0.0
2023-03-21 04:16:49.727000+00:00,9.0,0.0,0.0,0.0
2023-03-21 04:16:54.727000+00:00,9.0,0.0,0.0,0.0
2023-03-21 04:16:59.727000+00:00,9.0,0.0,0.0,0.0
2023-03-21 04:17:04.727000+00:00,9.0,0.0,0.0,0.0
2023-03-21 04:17:09.727000+00:00,9.0,0.0,0.0,0.0
2023-03-21 04:17:14.727000+00:00,9.0,0.0,0.0,0.0
2023-03-21 04:17:19.727000+00:00,9.0,0.0,0.0,0.0
2023-03-21 04:17:24.727000+00:00,9.0,0.0,0.0,0.0
2023-03-21 04:17:29.727000+00:00,9.0,0.0,0.0,0.0
2023-03-21 04:17:34.727000+00:00,9.0,0.0,0.0,0.0
2023-03-21 04:17:39.727000+00:00,9.0,0.0,0.0,0.0
2023-03-21 04:17:44.727000+00:00,9.0,0.0,0.0,0.0
2023-03-21 04:17:49.727000+00:00,9.0,0.0,0.0,0.0
2023-03-21 04:17:54.727000+00:00,9.0,0.0,0.0,0.0
2023-03-21 04:17:59.727000+00:00,9.0,0.0,0.0,0.0
2023-03-21 04:18:04.727000+00:00,9.0,0.0,0.0,0.0
2023-03-21 04:18:09.727000+00:00,9.0,0.0,0.0,0.0
2023-03-21 04:18:14.727000+00:00,9.0,0.0,0.0,0.0
2023-03-21 04:18:19.727000+00:00,9.0,0.0,0.0,0.0
2023-03-21 04:18:24.727000+00:00,9.0,0.0,0.0,0.0
2023-03-21 04:18:29.727000+00:00,9.0,0.0,0.0,0.0
2023-03-21 04:18:34.727000+00:00,9.0,0.0,0.0,0.0
2023-03-21 04:18:39.727000+00:00,9.0,0.0,0.0,0.0
2023-03-21 04:18:44.727000+00:00,9.0,0.0,0.0,0.0
2023-03-21 04:18:49.727000+00:00,9.0,0.0,0.0,0.0
2023-03-21 04:18:54.727000+00:00,9.0,0.0,0.0,0.0
2023-03-21 04:18:59.727000+00:00,9.0,0.0,0.0,0.0
2023-03-21 04:19:04.727000+00:00,9.0,0.0,0.0,0.0
2023-03-21 04:19:09.727000+00:00,9.0,0.0,0.0,0.0
2023-03-21 04:19:14.727000+00:00,9.0,0.0,0.0,0.0
2023-03-21 04:19:19.727000+00:00,9.0,0.0,0.0,0.0
2023-03-21 04:19:24.727000+00:00,9.0,0.0,0.0,0.0
2023-03-21 04:19:29.727000+00:00,9.0,0.0,0.0,0.0
2023-03-21 04:19:34.727000+00:00,9.0,0.0,0.0,0.0
2023-03-21 04:19:39.727000+00:00,9.0,0.0,0.0,0.0
2023-03-21 04:19:44.727000+00:00,9.0,0.0,0.0,0.0
2023-03-21 04:19:49.727000+00:00,9.0,0.0,0.0,0.0
2023-03-21 04:19:54.727000+00:00,9.0,0.0,0.0,0.0
2023-03-21 04:19:59.727000+00:00,9.0,0.0,0.0,0.0
2023-03-21 04:20:04.727000+00:00,9.0,0.0,0.0,0.0
2023-03-21 04:20:09.727000+00:00,9.0,0.0,0.0,0.0
2023-03-21 04:20:14.727000+00:00,9.0,0.0,0.0,0.0
2023-03-21 04:20:19.727000+00:00,9.0,0.0,0.0,0.0
2023-03-21 04:20:24.727000+00:00,9.0,0.0,0.0,0.0
2023-03-21 04:20:29.727000+00:00,9.0,0.0,0.0,0.0
2023-03-21 04:20:34.727000+00:00,9.0,0.0,0.0,0.0
2023-03-21 04:20:39.727000+00:00,9.0,0.0,0.0,0.0
2023-03-21 04:20:44.727000+00:00,9.0,0.0,0.0,0.0
2023-03-21 04:20:49.727000+00:00,9.0,0.0,0.0,0.0
2023-03-21 04:20:54.727000+00:00,9.0,0.0,0.0,0.0
2023-03-21 04:20:59.727000+00:00,9.0,0.0,0.0,0.0
2023-03-21 04:21:04.727000+00:00,9.0,0.0,0.0,0.0
2023-03-21 04:21:09.727000+00:00,9.0,0.0,0.0,0.0
2023-03-21 04:21:14.727000+00:00,9.0,0.0,0.0,0.0
2023-03-21 04:21:19.727000+00:00,9.0,0.0,0.0,0.0
2023-03-21 04:21:24.727000+00:00,9.0,0.0,0.0,0.0
2023-03-21 04:21:29.727000+00:00,9.0,0.0,0.0,0.0
2023-03-21 04:21:34.727000+00:00,9.0,0.0,0.0,0.0
2023-03-21 04:21:39.727000+00:00,9.0,0.0,0.0,0.0
2023-03-21 04:21:44.727000+00:00,9.0,0.0,0.0,0.0
2023-03-21 04:21:49.727000+00:00,9.0,0.0,0.0,0.0
2023-03-21 04:21:54.727000+00:00,9.0,0.0,0.0,0.0
2023-03-21 04:21:59.727000+00:00,9.0,0.0,0.0,0.0
2023-03-21 04:22:04.727000+00:00,9.0,0.0,0.0,0.0
2023-03-21 04:22:09.727000+00:00,9.0,0.0,0.0,0.0
2023-03-21 04:22:14.727000+00:00,9.0,0.0,0.0,0.0
2023-03-21 04:22:19.727000+00:00,9.0,0.0,0.0,0.0
2023-03-21 04:22:24.727000+00:00,9.0,0.0,0.0,0.0
2023-03-21 04:22:29.727000+00:00,9.0,0.0,0.0,0.0
2023-03-21 04:22:34.727000+00:00,9.0,0.0,0.0,0.0
2023-03-21 04:22:39.727000+00:00,9.0,0.0,0.0,0.0
2023-03-21 04:22:44.727000+00:00,9.0,0.0,0.0,0.0
2023-03-21 04:22:49.727000+00:00,9.0,0.0,0.0,0.0
2023-03-21 04:22:54.727000+00:00,9.0,0.0,0.0,0.0
2023-03-21 04:22:59.727000+00:00,9.0,0.0,0.0,0.0
2023-03-21 04:23:04.727000+00:00,9.0,0.0,0.0,0.0
2023-03-21 04:23:09.727000+00:00,9.0,0.0,0.0,0.0
2023-03-21 04:23:14.727000+00:00,9.0,0.0,0.0,0.0
2023-03-21 04:23:19.727000+00:00,9.0,0.0,0.0,0.0
2023-03-21 04:23:24.727000+00:00,9.0,0.0,0.0,0.0
2023-03-21 04:23:29.727000+00:00,9.0,0.0,0.0,0.0
2023-03-21 04:23:34.727000+00:00,9.0,0.0,0.0,0.0
2023-03-21 04:23:39.727000+00:00,9.0,0.0,0.0,0.0
2023-03-21 04:23:44.727000+00:00,9.0,0.0,0.0,0.0
2023-03-21 04:23:49.727000+00:00,9.0,0.0,0.0,0.0
2023-03-21 04:23:54.727000+00:00,9.0,0.0,0.0,0.0
2023-03-21 04:23:59.727000+00:00,9.0,0.0,0.0,0.0
2023-03-21 04:24:04.727000+00:00,9.0,0.0,0.0,0.0
2023-03-21 04:24:09.727000+00:00,9.0,0.0,0.0,0.0
2023-03-21 04:24:14.727000+00:00,9.0,0.0,0.0,0.0
2023-03-21 04:24:19.727000+00:00,9.0,0.0,0.0,0.0
2023-03-21 04:24:24.727000+00:00,9.0,0.0,0.0,0.0
2023-03-21 04:24:29.727000+00:00,9.0,0.0,0.0,0.0
2023-03-21 04:24:34.727000+00:00,9.0,0.0,0.0,0.0
2023-03-21 04:24:39.727000+00:00,9.0,0.0,0.0,0.0
2023-03-21 04:24:44.727000+00:00,9.0,0.0,0.0,0.0
2023-03-21 04:24:49.727000+00:00,9.0,0.0,0.0,0.0
2023-03-21 04:24:54.727000+00:00,9.0,0.0,0.0,0.0
2023-03-21 04:24:59.727000+00:00,9.0,0.0,0.0,0.0
